<?xml version="1.0" encoding="UTF-8"?>
<gpx creator="StravaGPX" version="1.1" xmlns="http://www.topografix.com/GPX/1/1" xmlns:xsi="http://www.w3.org/2001/XMLSchema-instance" xsi:schemaLocation="http://www.topografix.com/GPX/1/1 http://www.topografix.com/GPX/1/1/gpx.xsd">
 <metadata>
  <name>Reina</name>
  <author>
   <name>Johannes Weytjens</name>
   <link href="https://www.strava.com/athletes/17322406"/>
  </author>
  <copyright author="OpenStreetMap contributors">
   <year>2020</year>
   <license>https://www.openstreetmap.org/copyright</license>
  </copyright>
  <link href="https://www.strava.com/routes/3497241807253017560"/>
 </metadata>
 <trk>
  <name>Reina</name>
  <link href="https://www.strava.com/routes/3497241807253017560"/>
  <type>cycling</type>
  <trkseg>
   <trkpt lat="38.74613" lon="-0.10410000000000001">
    <ele>371.43</ele>
   </trkpt>
   <trkpt lat="38.74636" lon="-0.10394">
    <ele>368.95000000000005</ele>
   </trkpt>
   <trkpt lat="38.74647" lon="-0.10379000000000001">
    <ele>367.46</ele>
   </trkpt>
   <trkpt lat="38.74656" lon="-0.10372">
    <ele>365.02</ele>
   </trkpt>
   <trkpt lat="38.7466" lon="-0.10372">
    <ele>365.02</ele>
   </trkpt>
   <trkpt lat="38.74669" lon="-0.10375000000000001">
    <ele>362.40000000000003</ele>
   </trkpt>
   <trkpt lat="38.746950000000005" lon="-0.10394">
    <ele>359.72</ele>
   </trkpt>
   <trkpt lat="38.747040000000005" lon="-0.10398">
    <ele>358.45000000000005</ele>
   </trkpt>
   <trkpt lat="38.747170000000004" lon="-0.10397">
    <ele>356.81</ele>
   </trkpt>
   <trkpt lat="38.74734" lon="-0.1039">
    <ele>354.69</ele>
   </trkpt>
   <trkpt lat="38.747730000000004" lon="-0.10366">
    <ele>351.99</ele>
   </trkpt>
   <trkpt lat="38.748340000000006" lon="-0.10337">
    <ele>347.40000000000003</ele>
   </trkpt>
   <trkpt lat="38.748850000000004" lon="-0.10318000000000001">
    <ele>342.31</ele>
   </trkpt>
   <trkpt lat="38.74965" lon="-0.10296000000000001">
    <ele>336.5</ele>
   </trkpt>
   <trkpt lat="38.750040000000006" lon="-0.10304">
    <ele>334.49</ele>
   </trkpt>
   <trkpt lat="38.75016" lon="-0.10304">
    <ele>333.53000000000003</ele>
   </trkpt>
   <trkpt lat="38.75063" lon="-0.10275000000000001">
    <ele>329.59000000000003</ele>
   </trkpt>
   <trkpt lat="38.750800000000005" lon="-0.10268000000000001">
    <ele>328.85</ele>
   </trkpt>
   <trkpt lat="38.751200000000004" lon="-0.10254">
    <ele>327.69000000000005</ele>
   </trkpt>
   <trkpt lat="38.751540000000006" lon="-0.10251">
    <ele>327.08000000000004</ele>
   </trkpt>
   <trkpt lat="38.75182" lon="-0.10223">
    <ele>324.97</ele>
   </trkpt>
   <trkpt lat="38.75189" lon="-0.10222">
    <ele>324.38</ele>
   </trkpt>
   <trkpt lat="38.75226" lon="-0.10229">
    <ele>320.95</ele>
   </trkpt>
   <trkpt lat="38.752520000000004" lon="-0.10182000000000001">
    <ele>318.61</ele>
   </trkpt>
   <trkpt lat="38.75255000000001" lon="-0.10169">
    <ele>317.93000000000006</ele>
   </trkpt>
   <trkpt lat="38.75254" lon="-0.10151">
    <ele>317.28</ele>
   </trkpt>
   <trkpt lat="38.752430000000004" lon="-0.10087">
    <ele>315.92</ele>
   </trkpt>
   <trkpt lat="38.75233" lon="-0.10047">
    <ele>314.96000000000004</ele>
   </trkpt>
   <trkpt lat="38.75224" lon="-0.10022">
    <ele>314.21999999999997</ele>
   </trkpt>
   <trkpt lat="38.752100000000006" lon="-0.09993">
    <ele>313.55000000000007</ele>
   </trkpt>
   <trkpt lat="38.75193" lon="-0.09932">
    <ele>310.83000000000004</ele>
   </trkpt>
   <trkpt lat="38.75186" lon="-0.09899000000000001">
    <ele>309.4</ele>
   </trkpt>
   <trkpt lat="38.75179" lon="-0.09842000000000001">
    <ele>308.73</ele>
   </trkpt>
   <trkpt lat="38.75179" lon="-0.09822">
    <ele>308.34</ele>
   </trkpt>
   <trkpt lat="38.75188000254254" lon="-0.09744500111559166">
    <ele>306.77000000000004</ele>
   </trkpt>
   <trkpt lat="38.75197" lon="-0.09667">
    <ele>302.46</ele>
   </trkpt>
   <trkpt lat="38.751960000000004" lon="-0.09649">
    <ele>301.79</ele>
   </trkpt>
   <trkpt lat="38.75191" lon="-0.09628">
    <ele>301.18</ele>
   </trkpt>
   <trkpt lat="38.751540000000006" lon="-0.09543">
    <ele>298.35</ele>
   </trkpt>
   <trkpt lat="38.75133" lon="-0.09473000000000001">
    <ele>297.6</ele>
   </trkpt>
   <trkpt lat="38.75112" lon="-0.09432">
    <ele>297.33000000000004</ele>
   </trkpt>
   <trkpt lat="38.751000000000005" lon="-0.09405000000000001">
    <ele>297.50000000000006</ele>
   </trkpt>
   <trkpt lat="38.7509" lon="-0.09376000000000001">
    <ele>297.8</ele>
   </trkpt>
   <trkpt lat="38.75061333840613" lon="-0.09298999387335471">
    <ele>299.41</ele>
   </trkpt>
   <trkpt lat="38.75032667176081" lon="-0.09221999393076835">
    <ele>302.36</ele>
   </trkpt>
   <trkpt lat="38.750040000000006" lon="-0.09145">
    <ele>303.28000000000003</ele>
   </trkpt>
   <trkpt lat="38.74994" lon="-0.09123">
    <ele>302.96</ele>
   </trkpt>
   <trkpt lat="38.749880000000005" lon="-0.09098">
    <ele>303.13</ele>
   </trkpt>
   <trkpt lat="38.74987" lon="-0.09062">
    <ele>304.56</ele>
   </trkpt>
   <trkpt lat="38.74991" lon="-0.09002">
    <ele>305.47</ele>
   </trkpt>
   <trkpt lat="38.74967" lon="-0.08901">
    <ele>307.87</ele>
   </trkpt>
   <trkpt lat="38.7496" lon="-0.08876">
    <ele>308.19</ele>
   </trkpt>
   <trkpt lat="38.749520000000004" lon="-0.08856000000000001">
    <ele>308.53000000000003</ele>
   </trkpt>
   <trkpt lat="38.749265001203305" lon="-0.08801999798885482">
    <ele>309.31</ele>
   </trkpt>
   <trkpt lat="38.749010000000006" lon="-0.08748">
    <ele>310.36</ele>
   </trkpt>
   <trkpt lat="38.74873" lon="-0.0869">
    <ele>310.87</ele>
   </trkpt>
   <trkpt lat="38.748610000000006" lon="-0.08675000000000001">
    <ele>310.87</ele>
   </trkpt>
   <trkpt lat="38.74833" lon="-0.08646000000000001">
    <ele>310.58000000000004</ele>
   </trkpt>
   <trkpt lat="38.747840000000004" lon="-0.08578000000000001">
    <ele>308.62</ele>
   </trkpt>
   <trkpt lat="38.74767000000001" lon="-0.0855">
    <ele>307.72</ele>
   </trkpt>
   <trkpt lat="38.74757" lon="-0.08525">
    <ele>306.48</ele>
   </trkpt>
   <trkpt lat="38.74748" lon="-0.08512">
    <ele>306.48</ele>
   </trkpt>
   <trkpt lat="38.74708000081714" lon="-0.08468499757495257">
    <ele>303.52</ele>
   </trkpt>
   <trkpt lat="38.746680000000005" lon="-0.08425">
    <ele>301.76000000000005</ele>
   </trkpt>
   <trkpt lat="38.746430000000004" lon="-0.08379">
    <ele>300.09000000000003</ele>
   </trkpt>
   <trkpt lat="38.74629" lon="-0.08354">
    <ele>299.79</ele>
   </trkpt>
   <trkpt lat="38.74625" lon="-0.0834">
    <ele>299.79</ele>
   </trkpt>
   <trkpt lat="38.746230000000004" lon="-0.08310000000000001">
    <ele>299.59000000000003</ele>
   </trkpt>
   <trkpt lat="38.74624" lon="-0.08281000000000001">
    <ele>298.96</ele>
   </trkpt>
   <trkpt lat="38.74622" lon="-0.08265">
    <ele>298.96</ele>
   </trkpt>
   <trkpt lat="38.74616" lon="-0.08249000000000001">
    <ele>298.96</ele>
   </trkpt>
   <trkpt lat="38.745935001239836" lon="-0.08193999814762486">
    <ele>297.96</ele>
   </trkpt>
   <trkpt lat="38.74571" lon="-0.08139">
    <ele>296.56000000000006</ele>
   </trkpt>
   <trkpt lat="38.74522" lon="-0.08054">
    <ele>293.18000000000006</ele>
   </trkpt>
   <trkpt lat="38.74497500124823" lon="-0.07999999816054928">
    <ele>291.62000000000006</ele>
   </trkpt>
   <trkpt lat="38.744730000000004" lon="-0.07946">
    <ele>290.69</ele>
   </trkpt>
   <trkpt lat="38.744710000000005" lon="-0.07931">
    <ele>290.69</ele>
   </trkpt>
   <trkpt lat="38.74475" lon="-0.07903">
    <ele>290.72</ele>
   </trkpt>
   <trkpt lat="38.74492" lon="-0.07871">
    <ele>291.06000000000006</ele>
   </trkpt>
   <trkpt lat="38.744960000000006" lon="-0.07849">
    <ele>291.02</ele>
   </trkpt>
   <trkpt lat="38.74495" lon="-0.07837000000000001">
    <ele>290.89000000000004</ele>
   </trkpt>
   <trkpt lat="38.74477" lon="-0.0775">
    <ele>287.88</ele>
   </trkpt>
   <trkpt lat="38.74443" lon="-0.07678">
    <ele>285.87</ele>
   </trkpt>
   <trkpt lat="38.74438000000001" lon="-0.07638">
    <ele>285.77000000000004</ele>
   </trkpt>
   <trkpt lat="38.74434" lon="-0.07627">
    <ele>285.77000000000004</ele>
   </trkpt>
   <trkpt lat="38.74394" lon="-0.07538">
    <ele>285.82</ele>
   </trkpt>
   <trkpt lat="38.7438" lon="-0.07488">
    <ele>285.7</ele>
   </trkpt>
   <trkpt lat="38.743700000000004" lon="-0.07427">
    <ele>283.51000000000005</ele>
   </trkpt>
   <trkpt lat="38.74367" lon="-0.07385000000000001">
    <ele>283.51000000000005</ele>
   </trkpt>
   <trkpt lat="38.743760001384196" lon="-0.07327500087911022">
    <ele>281.77000000000004</ele>
   </trkpt>
   <trkpt lat="38.74385" lon="-0.0727">
    <ele>280.88</ele>
   </trkpt>
   <trkpt lat="38.743860000000005" lon="-0.07252">
    <ele>280.42</ele>
   </trkpt>
   <trkpt lat="38.743770000000005" lon="-0.07148">
    <ele>279.7</ele>
   </trkpt>
   <trkpt lat="38.743840000000006" lon="-0.07063000000000001">
    <ele>278.02000000000004</ele>
   </trkpt>
   <trkpt lat="38.74389000230739" lon="-0.06989500042369072">
    <ele>275.69000000000005</ele>
   </trkpt>
   <trkpt lat="38.74394" lon="-0.06916">
    <ele>275.13000000000005</ele>
   </trkpt>
   <trkpt lat="38.74391" lon="-0.06887">
    <ele>275.51000000000005</ele>
   </trkpt>
   <trkpt lat="38.7432875054388" lon="-0.06952251706685267">
    <ele>275.76</ele>
   </trkpt>
   <trkpt lat="38.74266500725033" lon="-0.07017502275693466">
    <ele>277.26</ele>
   </trkpt>
   <trkpt lat="38.74204250543469" lon="-0.07082751707063123">
    <ele>281.18</ele>
   </trkpt>
   <trkpt lat="38.741420000000005" lon="-0.07148">
    <ele>287.32</ele>
   </trkpt>
   <trkpt lat="38.7408" lon="-0.07212">
    <ele>290.66</ele>
   </trkpt>
   <trkpt lat="38.740640000000006" lon="-0.07223">
    <ele>292.36</ele>
   </trkpt>
   <trkpt lat="38.740520000000004" lon="-0.07227">
    <ele>293.12000000000006</ele>
   </trkpt>
   <trkpt lat="38.740120000000005" lon="-0.0723">
    <ele>294.94000000000005</ele>
   </trkpt>
   <trkpt lat="38.739380000000004" lon="-0.07235000000000001">
    <ele>298.29</ele>
   </trkpt>
   <trkpt lat="38.738775000112206" lon="-0.07240000041517093">
    <ele>299.54</ele>
   </trkpt>
   <trkpt lat="38.738170000000004" lon="-0.07245">
    <ele>302.15000000000003</ele>
   </trkpt>
   <trkpt lat="38.73799" lon="-0.07244">
    <ele>302.62</ele>
   </trkpt>
   <trkpt lat="38.73758" lon="-0.07223">
    <ele>303.58</ele>
   </trkpt>
   <trkpt lat="38.737480000000005" lon="-0.07212">
    <ele>305.02</ele>
   </trkpt>
   <trkpt lat="38.73744000000001" lon="-0.07202">
    <ele>305.02</ele>
   </trkpt>
   <trkpt lat="38.73742" lon="-0.0718">
    <ele>305.41</ele>
   </trkpt>
   <trkpt lat="38.73743" lon="-0.07150000000000001">
    <ele>306.45</ele>
   </trkpt>
   <trkpt lat="38.737590000000004" lon="-0.07076">
    <ele>308.07</ele>
   </trkpt>
   <trkpt lat="38.737590000000004" lon="-0.07055">
    <ele>308.71000000000004</ele>
   </trkpt>
   <trkpt lat="38.73754" lon="-0.07016">
    <ele>310.0</ele>
   </trkpt>
   <trkpt lat="38.73731" lon="-0.06937">
    <ele>314.05000000000007</ele>
   </trkpt>
   <trkpt lat="38.737170000000006" lon="-0.0689">
    <ele>316.76000000000005</ele>
   </trkpt>
   <trkpt lat="38.73702" lon="-0.06865">
    <ele>317.26000000000005</ele>
   </trkpt>
   <trkpt lat="38.73689" lon="-0.06851">
    <ele>318.87000000000006</ele>
   </trkpt>
   <trkpt lat="38.73664" lon="-0.06836">
    <ele>320.67</ele>
   </trkpt>
   <trkpt lat="38.73649" lon="-0.06829">
    <ele>321.67</ele>
   </trkpt>
   <trkpt lat="38.736360000000005" lon="-0.06826">
    <ele>321.67</ele>
   </trkpt>
   <trkpt lat="38.735850000000006" lon="-0.0683">
    <ele>324.73</ele>
   </trkpt>
   <trkpt lat="38.735600000000005" lon="-0.06836">
    <ele>326.70000000000005</ele>
   </trkpt>
   <trkpt lat="38.73481" lon="-0.06872">
    <ele>331.85</ele>
   </trkpt>
   <trkpt lat="38.73471" lon="-0.06879">
    <ele>332.33</ele>
   </trkpt>
   <trkpt lat="38.734570000000005" lon="-0.06897">
    <ele>333.84000000000003</ele>
   </trkpt>
   <trkpt lat="38.734500000000004" lon="-0.06901">
    <ele>333.84000000000003</ele>
   </trkpt>
   <trkpt lat="38.73443" lon="-0.06901">
    <ele>334.07000000000005</ele>
   </trkpt>
   <trkpt lat="38.73434" lon="-0.06899000000000001">
    <ele>334.07000000000005</ele>
   </trkpt>
   <trkpt lat="38.73427" lon="-0.0689">
    <ele>335.53000000000003</ele>
   </trkpt>
   <trkpt lat="38.734120000000004" lon="-0.06854">
    <ele>337.11</ele>
   </trkpt>
   <trkpt lat="38.73382" lon="-0.06815">
    <ele>339.90000000000003</ele>
   </trkpt>
   <trkpt lat="38.73369" lon="-0.06805">
    <ele>340.82</ele>
   </trkpt>
   <trkpt lat="38.733430000000006" lon="-0.06798">
    <ele>342.40000000000003</ele>
   </trkpt>
   <trkpt lat="38.732780000000005" lon="-0.06826">
    <ele>347.31</ele>
   </trkpt>
   <trkpt lat="38.7327" lon="-0.06823">
    <ele>347.79</ele>
   </trkpt>
   <trkpt lat="38.73263" lon="-0.06812">
    <ele>348.79</ele>
   </trkpt>
   <trkpt lat="38.73245" lon="-0.06758">
    <ele>350.51000000000005</ele>
   </trkpt>
   <trkpt lat="38.73239" lon="-0.06744">
    <ele>351.36</ele>
   </trkpt>
   <trkpt lat="38.732330000000005" lon="-0.06736">
    <ele>351.36</ele>
   </trkpt>
   <trkpt lat="38.731950000000005" lon="-0.06704">
    <ele>354.27000000000004</ele>
   </trkpt>
   <trkpt lat="38.731680000000004" lon="-0.06654">
    <ele>356.48</ele>
   </trkpt>
   <trkpt lat="38.731590000000004" lon="-0.0664">
    <ele>357.08</ele>
   </trkpt>
   <trkpt lat="38.731170000372856" lon="-0.06607499802962345">
    <ele>359.56000000000006</ele>
   </trkpt>
   <trkpt lat="38.73075" lon="-0.06575">
    <ele>362.13</ele>
   </trkpt>
   <trkpt lat="38.730560000000004" lon="-0.06564">
    <ele>363.42</ele>
   </trkpt>
   <trkpt lat="38.730320000000006" lon="-0.06554">
    <ele>365.12000000000006</ele>
   </trkpt>
   <trkpt lat="38.73017" lon="-0.06556000000000001">
    <ele>366.59000000000003</ele>
   </trkpt>
   <trkpt lat="38.7301" lon="-0.06568">
    <ele>368.93</ele>
   </trkpt>
   <trkpt lat="38.7301" lon="-0.06579">
    <ele>368.93</ele>
   </trkpt>
   <trkpt lat="38.73013" lon="-0.06586">
    <ele>369.33000000000004</ele>
   </trkpt>
   <trkpt lat="38.730500000000006" lon="-0.0664">
    <ele>372.71000000000004</ele>
   </trkpt>
   <trkpt lat="38.7306" lon="-0.06658">
    <ele>373.3</ele>
   </trkpt>
   <trkpt lat="38.73074500258162" lon="-0.06736499817367028">
    <ele>376.64000000000004</ele>
   </trkpt>
   <trkpt lat="38.73089" lon="-0.06815">
    <ele>380.99000000000007</ele>
   </trkpt>
   <trkpt lat="38.73087" lon="-0.06833">
    <ele>380.99000000000007</ele>
   </trkpt>
   <trkpt lat="38.7308" lon="-0.06854">
    <ele>382.25</ele>
   </trkpt>
   <trkpt lat="38.730630000000005" lon="-0.0689">
    <ele>384.05000000000007</ele>
   </trkpt>
   <trkpt lat="38.730410000000006" lon="-0.06929">
    <ele>387.0</ele>
   </trkpt>
   <trkpt lat="38.730430000000005" lon="-0.06944">
    <ele>387.79</ele>
   </trkpt>
   <trkpt lat="38.730470000000004" lon="-0.06947">
    <ele>387.79</ele>
   </trkpt>
   <trkpt lat="38.730540000000005" lon="-0.06947">
    <ele>388.23</ele>
   </trkpt>
   <trkpt lat="38.73069" lon="-0.06941">
    <ele>389.24</ele>
   </trkpt>
   <trkpt lat="38.73114" lon="-0.06937">
    <ele>391.74</ele>
   </trkpt>
   <trkpt lat="38.73134" lon="-0.0694">
    <ele>394.14000000000004</ele>
   </trkpt>
   <trkpt lat="38.731460000000006" lon="-0.06944">
    <ele>394.14000000000004</ele>
   </trkpt>
   <trkpt lat="38.731550000000006" lon="-0.06955">
    <ele>394.96000000000004</ele>
   </trkpt>
   <trkpt lat="38.731680000000004" lon="-0.0698">
    <ele>395.78000000000003</ele>
   </trkpt>
   <trkpt lat="38.73174" lon="-0.06997">
    <ele>396.87000000000006</ele>
   </trkpt>
   <trkpt lat="38.73183" lon="-0.07037">
    <ele>397.68</ele>
   </trkpt>
   <trkpt lat="38.731860000000005" lon="-0.07044">
    <ele>397.68</ele>
   </trkpt>
   <trkpt lat="38.73194" lon="-0.07048">
    <ele>398.45000000000005</ele>
   </trkpt>
   <trkpt lat="38.732060000000004" lon="-0.07047">
    <ele>398.45000000000005</ele>
   </trkpt>
   <trkpt lat="38.73256000000001" lon="-0.07002">
    <ele>403.11</ele>
   </trkpt>
   <trkpt lat="38.7327" lon="-0.07002">
    <ele>403.77</ele>
   </trkpt>
   <trkpt lat="38.73275" lon="-0.07008">
    <ele>403.77</ele>
   </trkpt>
   <trkpt lat="38.732800000000005" lon="-0.07019">
    <ele>404.38</ele>
   </trkpt>
   <trkpt lat="38.73301" lon="-0.07108">
    <ele>409.09</ele>
   </trkpt>
   <trkpt lat="38.73306" lon="-0.07116">
    <ele>409.59</ele>
   </trkpt>
   <trkpt lat="38.73355" lon="-0.07155">
    <ele>411.89000000000004</ele>
   </trkpt>
   <trkpt lat="38.73366" lon="-0.07162">
    <ele>412.30000000000007</ele>
   </trkpt>
   <trkpt lat="38.73377" lon="-0.07163">
    <ele>412.95000000000005</ele>
   </trkpt>
   <trkpt lat="38.73411" lon="-0.07162">
    <ele>414.62000000000006</ele>
   </trkpt>
   <trkpt lat="38.73422" lon="-0.07166">
    <ele>416.25</ele>
   </trkpt>
   <trkpt lat="38.73427" lon="-0.0717">
    <ele>416.25</ele>
   </trkpt>
   <trkpt lat="38.73434" lon="-0.07184">
    <ele>417.43</ele>
   </trkpt>
   <trkpt lat="38.73451" lon="-0.07273">
    <ele>421.32</ele>
   </trkpt>
   <trkpt lat="38.73472" lon="-0.0732">
    <ele>424.98</ele>
   </trkpt>
   <trkpt lat="38.73478" lon="-0.07341">
    <ele>424.98</ele>
   </trkpt>
   <trkpt lat="38.73481" lon="-0.07381">
    <ele>429.70000000000005</ele>
   </trkpt>
   <trkpt lat="38.73478" lon="-0.07406">
    <ele>429.70000000000005</ele>
   </trkpt>
   <trkpt lat="38.734730000000006" lon="-0.0742">
    <ele>429.70000000000005</ele>
   </trkpt>
   <trkpt lat="38.734640000000006" lon="-0.07431">
    <ele>430.93</ele>
   </trkpt>
   <trkpt lat="38.73386" lon="-0.07484">
    <ele>435.70000000000005</ele>
   </trkpt>
   <trkpt lat="38.733430000000006" lon="-0.07503">
    <ele>437.42</ele>
   </trkpt>
   <trkpt lat="38.73326" lon="-0.07509">
    <ele>438.98</ele>
   </trkpt>
   <trkpt lat="38.73306" lon="-0.07509">
    <ele>439.94000000000005</ele>
   </trkpt>
   <trkpt lat="38.73281" lon="-0.07499">
    <ele>440.71000000000004</ele>
   </trkpt>
   <trkpt lat="38.732670000000006" lon="-0.07491">
    <ele>442.32000000000005</ele>
   </trkpt>
   <trkpt lat="38.73259" lon="-0.07481">
    <ele>443.1</ele>
   </trkpt>
   <trkpt lat="38.73243" lon="-0.07456">
    <ele>444.1</ele>
   </trkpt>
   <trkpt lat="38.73208" lon="-0.07395">
    <ele>448.56</ele>
   </trkpt>
   <trkpt lat="38.73203" lon="-0.07395">
    <ele>448.56</ele>
   </trkpt>
   <trkpt lat="38.73194" lon="-0.07398">
    <ele>448.56</ele>
   </trkpt>
   <trkpt lat="38.731700000000004" lon="-0.07423">
    <ele>449.72</ele>
   </trkpt>
   <trkpt lat="38.73122" lon="-0.07448">
    <ele>452.74</ele>
   </trkpt>
   <trkpt lat="38.73113" lon="-0.07456">
    <ele>452.74</ele>
   </trkpt>
   <trkpt lat="38.73105" lon="-0.07466">
    <ele>453.08000000000004</ele>
   </trkpt>
   <trkpt lat="38.73102" lon="-0.07477">
    <ele>453.63</ele>
   </trkpt>
   <trkpt lat="38.73104" lon="-0.07491">
    <ele>454.25000000000006</ele>
   </trkpt>
   <trkpt lat="38.731280000000005" lon="-0.07517">
    <ele>456.0</ele>
   </trkpt>
   <trkpt lat="38.73131" lon="-0.07524">
    <ele>456.0</ele>
   </trkpt>
   <trkpt lat="38.73131" lon="-0.07531">
    <ele>456.0</ele>
   </trkpt>
   <trkpt lat="38.73127" lon="-0.07541">
    <ele>456.0</ele>
   </trkpt>
   <trkpt lat="38.731030000000004" lon="-0.07563">
    <ele>457.77</ele>
   </trkpt>
   <trkpt lat="38.730940000000004" lon="-0.07574">
    <ele>458.59000000000003</ele>
   </trkpt>
   <trkpt lat="38.730880000000006" lon="-0.07613">
    <ele>461.17</ele>
   </trkpt>
   <trkpt lat="38.7308" lon="-0.07638">
    <ele>461.9800000000001</ele>
   </trkpt>
   <trkpt lat="38.7308" lon="-0.07645">
    <ele>461.9800000000001</ele>
   </trkpt>
   <trkpt lat="38.730970000000006" lon="-0.07713">
    <ele>465.5400000000001</ele>
   </trkpt>
   <trkpt lat="38.73106000000001" lon="-0.07731">
    <ele>467.95000000000005</ele>
   </trkpt>
   <trkpt lat="38.73133" lon="-0.0776">
    <ele>470.02000000000004</ele>
   </trkpt>
   <trkpt lat="38.73136" lon="-0.07767">
    <ele>470.02000000000004</ele>
   </trkpt>
   <trkpt lat="38.731370000000005" lon="-0.07779000000000001">
    <ele>472.39000000000004</ele>
   </trkpt>
   <trkpt lat="38.731350000000006" lon="-0.07789">
    <ele>472.39000000000004</ele>
   </trkpt>
   <trkpt lat="38.731210000000004" lon="-0.07796">
    <ele>474.15000000000003</ele>
   </trkpt>
   <trkpt lat="38.731100000000005" lon="-0.07794000000000001">
    <ele>474.15000000000003</ele>
   </trkpt>
   <trkpt lat="38.731120000000004" lon="-0.07796">
    <ele>474.15000000000003</ele>
   </trkpt>
   <trkpt lat="38.731030000000004" lon="-0.07789">
    <ele>475.55</ele>
   </trkpt>
   <trkpt lat="38.73078" lon="-0.07752">
    <ele>477.79</ele>
   </trkpt>
   <trkpt lat="38.73055" lon="-0.0772">
    <ele>479.75000000000006</ele>
   </trkpt>
   <trkpt lat="38.730380000000004" lon="-0.07688">
    <ele>481.84000000000003</ele>
   </trkpt>
   <trkpt lat="38.73015" lon="-0.07627">
    <ele>487.06000000000006</ele>
   </trkpt>
   <trkpt lat="38.73013" lon="-0.0761">
    <ele>487.06000000000006</ele>
   </trkpt>
   <trkpt lat="38.730140000000006" lon="-0.07574">
    <ele>490.40000000000003</ele>
   </trkpt>
   <trkpt lat="38.730050000000006" lon="-0.07542">
    <ele>490.40000000000003</ele>
   </trkpt>
   <trkpt lat="38.72972000204153" lon="-0.07473499692507984">
    <ele>496.11</ele>
   </trkpt>
   <trkpt lat="38.72939" lon="-0.07405">
    <ele>502.58000000000004</ele>
   </trkpt>
   <trkpt lat="38.72928" lon="-0.07387">
    <ele>504.74000000000007</ele>
   </trkpt>
   <trkpt lat="38.729060000000004" lon="-0.07359">
    <ele>506.6700000000001</ele>
   </trkpt>
   <trkpt lat="38.72896" lon="-0.07348">
    <ele>508.44</ele>
   </trkpt>
   <trkpt lat="38.72878" lon="-0.07338">
    <ele>509.99000000000007</ele>
   </trkpt>
   <trkpt lat="38.7287" lon="-0.0733">
    <ele>510.94000000000005</ele>
   </trkpt>
   <trkpt lat="38.72855500134081" lon="-0.07272999867405607">
    <ele>513.93</ele>
   </trkpt>
   <trkpt lat="38.728410000000004" lon="-0.07216">
    <ele>516.81</ele>
   </trkpt>
   <trkpt lat="38.72822" lon="-0.07173">
    <ele>520.69</ele>
   </trkpt>
   <trkpt lat="38.72776" lon="-0.07108">
    <ele>529.3100000000001</ele>
   </trkpt>
   <trkpt lat="38.72735" lon="-0.07034">
    <ele>533.2800000000001</ele>
   </trkpt>
   <trkpt lat="38.72726" lon="-0.07023">
    <ele>534.5300000000001</ele>
   </trkpt>
   <trkpt lat="38.727120000000006" lon="-0.07015">
    <ele>535.85</ele>
   </trkpt>
   <trkpt lat="38.72701" lon="-0.07012">
    <ele>536.76</ele>
   </trkpt>
   <trkpt lat="38.726670000000006" lon="-0.07008">
    <ele>540.1</ele>
   </trkpt>
   <trkpt lat="38.726620000000004" lon="-0.07005">
    <ele>540.95</ele>
   </trkpt>
   <trkpt lat="38.72654" lon="-0.06994">
    <ele>541.6700000000001</ele>
   </trkpt>
   <trkpt lat="38.72654" lon="-0.06984">
    <ele>542.24</ele>
   </trkpt>
   <trkpt lat="38.72672" lon="-0.06929">
    <ele>543.3800000000001</ele>
   </trkpt>
   <trkpt lat="38.72673" lon="-0.06915">
    <ele>546.22</ele>
   </trkpt>
   <trkpt lat="38.726710000000004" lon="-0.06901">
    <ele>546.22</ele>
   </trkpt>
   <trkpt lat="38.72648" lon="-0.06845000000000001">
    <ele>548.59</ele>
   </trkpt>
   <trkpt lat="38.72636" lon="-0.06833">
    <ele>549.44</ele>
   </trkpt>
   <trkpt lat="38.726020000000005" lon="-0.06811">
    <ele>552.42</ele>
   </trkpt>
   <trkpt lat="38.72580000000001" lon="-0.06786">
    <ele>553.5</ele>
   </trkpt>
   <trkpt lat="38.725750000000005" lon="-0.06776">
    <ele>554.2600000000001</ele>
   </trkpt>
   <trkpt lat="38.72572" lon="-0.06761">
    <ele>554.71</ele>
   </trkpt>
   <trkpt lat="38.725750000000005" lon="-0.06707">
    <ele>556.2600000000001</ele>
   </trkpt>
   <trkpt lat="38.725750000000005" lon="-0.06675">
    <ele>557.3299999999999</ele>
   </trkpt>
   <trkpt lat="38.7257" lon="-0.06647">
    <ele>559.09</ele>
   </trkpt>
   <trkpt lat="38.72558" lon="-0.06607">
    <ele>560.79</ele>
   </trkpt>
   <trkpt lat="38.725460000000005" lon="-0.06575">
    <ele>562.1</ele>
   </trkpt>
   <trkpt lat="38.72529" lon="-0.06539">
    <ele>564.19</ele>
   </trkpt>
   <trkpt lat="38.72482" lon="-0.06493">
    <ele>568.37</ele>
   </trkpt>
   <trkpt lat="38.72448" lon="-0.06443">
    <ele>570.98</ele>
   </trkpt>
   <trkpt lat="38.72444" lon="-0.06429">
    <ele>571.45</ele>
   </trkpt>
   <trkpt lat="38.724450000000004" lon="-0.06414">
    <ele>571.45</ele>
   </trkpt>
   <trkpt lat="38.72464" lon="-0.06329">
    <ele>575.95</ele>
   </trkpt>
   <trkpt lat="38.724680000000006" lon="-0.06303">
    <ele>577.11</ele>
   </trkpt>
   <trkpt lat="38.72455" lon="-0.06214000000000001">
    <ele>580.2700000000001</ele>
   </trkpt>
   <trkpt lat="38.72457" lon="-0.061220000000000004">
    <ele>583.1200000000001</ele>
   </trkpt>
   <trkpt lat="38.7246" lon="-0.06106">
    <ele>583.9300000000001</ele>
   </trkpt>
   <trkpt lat="38.72473" lon="-0.06072">
    <ele>586.2</ele>
   </trkpt>
   <trkpt lat="38.725120000000004" lon="-0.06022">
    <ele>587.65</ele>
   </trkpt>
   <trkpt lat="38.72514" lon="-0.060180000000000004">
    <ele>587.65</ele>
   </trkpt>
   <trkpt lat="38.725150000000006" lon="-0.06008">
    <ele>587.65</ele>
   </trkpt>
   <trkpt lat="38.72514" lon="-0.05972">
    <ele>587.96</ele>
   </trkpt>
   <trkpt lat="38.725120000000004" lon="-0.059590000000000004">
    <ele>588.19</ele>
   </trkpt>
   <trkpt lat="38.72495" lon="-0.059000000000000004">
    <ele>590.6800000000001</ele>
   </trkpt>
   <trkpt lat="38.72486" lon="-0.05877">
    <ele>592.46</ele>
   </trkpt>
   <trkpt lat="38.724790000000006" lon="-0.058660000000000004">
    <ele>593.2400000000001</ele>
   </trkpt>
   <trkpt lat="38.72464" lon="-0.0585">
    <ele>594.47</ele>
   </trkpt>
   <trkpt lat="38.724630000000005" lon="-0.05836">
    <ele>596.2900000000001</ele>
   </trkpt>
   <trkpt lat="38.72466" lon="-0.0582">
    <ele>597.62</ele>
   </trkpt>
   <trkpt lat="38.72485" lon="-0.05782">
    <ele>600.21</ele>
   </trkpt>
   <trkpt lat="38.724920000000004" lon="-0.05759">
    <ele>601.0300000000001</ele>
   </trkpt>
   <trkpt lat="38.724970000000006" lon="-0.057280000000000005">
    <ele>603.0600000000001</ele>
   </trkpt>
   <trkpt lat="38.72498" lon="-0.057120000000000004">
    <ele>603.0600000000001</ele>
   </trkpt>
   <trkpt lat="38.72495" lon="-0.05684">
    <ele>604.59</ele>
   </trkpt>
   <trkpt lat="38.724880000000006" lon="-0.05659">
    <ele>606.9100000000001</ele>
   </trkpt>
   <trkpt lat="38.72482" lon="-0.05646">
    <ele>606.9100000000001</ele>
   </trkpt>
   <trkpt lat="38.72475" lon="-0.056440000000000004">
    <ele>607.68</ele>
   </trkpt>
   <trkpt lat="38.72473" lon="-0.056440000000000004">
    <ele>607.68</ele>
   </trkpt>
   <trkpt lat="38.724700000000006" lon="-0.0565">
    <ele>607.68</ele>
   </trkpt>
   <trkpt lat="38.724700000000006" lon="-0.05659">
    <ele>608.65</ele>
   </trkpt>
   <trkpt lat="38.724790000000006" lon="-0.05689">
    <ele>610.38</ele>
   </trkpt>
   <trkpt lat="38.7248" lon="-0.057030000000000004">
    <ele>611.9100000000001</ele>
   </trkpt>
   <trkpt lat="38.724790000000006" lon="-0.057210000000000004">
    <ele>611.9100000000001</ele>
   </trkpt>
   <trkpt lat="38.72475" lon="-0.057370000000000004">
    <ele>614.29</ele>
   </trkpt>
   <trkpt lat="38.72469" lon="-0.0575">
    <ele>614.99</ele>
   </trkpt>
   <trkpt lat="38.724590000000006" lon="-0.05766">
    <ele>615.57</ele>
   </trkpt>
   <trkpt lat="38.72419000098089" lon="-0.058170003016736575">
    <ele>618.4300000000001</ele>
   </trkpt>
   <trkpt lat="38.72379" lon="-0.05868">
    <ele>621.35</ele>
   </trkpt>
   <trkpt lat="38.7237" lon="-0.05888">
    <ele>623.6400000000001</ele>
   </trkpt>
   <trkpt lat="38.72361" lon="-0.05949000000000001">
    <ele>626.8600000000001</ele>
   </trkpt>
   <trkpt lat="38.72347500197765" lon="-0.06017500139963079">
    <ele>626.3100000000001</ele>
   </trkpt>
   <trkpt lat="38.72334" lon="-0.060860000000000004">
    <ele>622.77</ele>
   </trkpt>
   <trkpt lat="38.723240000000004" lon="-0.061450000000000005">
    <ele>617.62</ele>
   </trkpt>
   <trkpt lat="38.723180000000006" lon="-0.062060000000000004">
    <ele>614.48</ele>
   </trkpt>
   <trkpt lat="38.72314" lon="-0.06217">
    <ele>614.48</ele>
   </trkpt>
   <trkpt lat="38.72285" lon="-0.06282">
    <ele>609.1700000000001</ele>
   </trkpt>
   <trkpt lat="38.7227" lon="-0.06307">
    <ele>606.53</ele>
   </trkpt>
   <trkpt lat="38.72213" lon="-0.06375">
    <ele>600.38</ele>
   </trkpt>
   <trkpt lat="38.721990000000005" lon="-0.06403">
    <ele>597.21</ele>
   </trkpt>
   <trkpt lat="38.72182" lon="-0.06453">
    <ele>595.58</ele>
   </trkpt>
   <trkpt lat="38.72176" lon="-0.06464">
    <ele>594.71</ele>
   </trkpt>
   <trkpt lat="38.72167" lon="-0.06471">
    <ele>594.71</ele>
   </trkpt>
   <trkpt lat="38.72157" lon="-0.06478">
    <ele>591.37</ele>
   </trkpt>
   <trkpt lat="38.72131" lon="-0.06482">
    <ele>591.37</ele>
   </trkpt>
   <trkpt lat="38.721160000000005" lon="-0.06489">
    <ele>589.5</ele>
   </trkpt>
   <trkpt lat="38.72081" lon="-0.06511">
    <ele>587.0000000000001</ele>
   </trkpt>
   <trkpt lat="38.7205" lon="-0.06533">
    <ele>585.44</ele>
   </trkpt>
   <trkpt lat="38.72041" lon="-0.06543">
    <ele>585.44</ele>
   </trkpt>
   <trkpt lat="38.719820000000006" lon="-0.06619">
    <ele>579.89</ele>
   </trkpt>
   <trkpt lat="38.71972" lon="-0.06654">
    <ele>577.67</ele>
   </trkpt>
   <trkpt lat="38.719730000000006" lon="-0.06729">
    <ele>574.22</ele>
   </trkpt>
   <trkpt lat="38.719710000000006" lon="-0.06747">
    <ele>573.25</ele>
   </trkpt>
   <trkpt lat="38.71942000000001" lon="-0.0684">
    <ele>568.58</ele>
   </trkpt>
   <trkpt lat="38.71917000102862" lon="-0.06892000207480725">
    <ele>564.3600000000001</ele>
   </trkpt>
   <trkpt lat="38.718920000000004" lon="-0.06944">
    <ele>561.47</ele>
   </trkpt>
   <trkpt lat="38.718720000000005" lon="-0.06991">
    <ele>559.0200000000001</ele>
   </trkpt>
   <trkpt lat="38.718410000000006" lon="-0.0704">
    <ele>556.15</ele>
   </trkpt>
   <trkpt lat="38.718320000000006" lon="-0.07062">
    <ele>555.19</ele>
   </trkpt>
   <trkpt lat="38.71828" lon="-0.07083">
    <ele>554.32</ele>
   </trkpt>
   <trkpt lat="38.71828" lon="-0.07098">
    <ele>554.32</ele>
   </trkpt>
   <trkpt lat="38.718610000000005" lon="-0.07176">
    <ele>550.24</ele>
   </trkpt>
   <trkpt lat="38.718630000000005" lon="-0.07184">
    <ele>549.9900000000001</ele>
   </trkpt>
   <trkpt lat="38.718630000000005" lon="-0.07195">
    <ele>549.44</ele>
   </trkpt>
   <trkpt lat="38.718560000000004" lon="-0.07209">
    <ele>548.84</ele>
   </trkpt>
   <trkpt lat="38.718050000000005" lon="-0.07273">
    <ele>543.6</ele>
   </trkpt>
   <trkpt lat="38.71792000000001" lon="-0.07298">
    <ele>542.4100000000001</ele>
   </trkpt>
   <trkpt lat="38.717870000000005" lon="-0.0732">
    <ele>540.2300000000001</ele>
   </trkpt>
   <trkpt lat="38.71786" lon="-0.07359">
    <ele>539.36</ele>
   </trkpt>
   <trkpt lat="38.717830000000006" lon="-0.0737">
    <ele>537.9900000000001</ele>
   </trkpt>
   <trkpt lat="38.71768" lon="-0.07398">
    <ele>537.0200000000001</ele>
   </trkpt>
   <trkpt lat="38.71757" lon="-0.07434">
    <ele>535.4000000000001</ele>
   </trkpt>
   <trkpt lat="38.71741" lon="-0.07502">
    <ele>532.78</ele>
   </trkpt>
   <trkpt lat="38.71741" lon="-0.07524">
    <ele>532.78</ele>
   </trkpt>
   <trkpt lat="38.717380000000006" lon="-0.07533000000000001">
    <ele>532.78</ele>
   </trkpt>
   <trkpt lat="38.71735" lon="-0.07538">
    <ele>532.78</ele>
   </trkpt>
   <trkpt lat="38.717180000000006" lon="-0.07556">
    <ele>531.6700000000001</ele>
   </trkpt>
   <trkpt lat="38.71708" lon="-0.07581">
    <ele>531.4000000000001</ele>
   </trkpt>
   <trkpt lat="38.717020000000005" lon="-0.07592">
    <ele>531.0100000000001</ele>
   </trkpt>
   <trkpt lat="38.71692" lon="-0.07595">
    <ele>530.86</ele>
   </trkpt>
   <trkpt lat="38.716840000000005" lon="-0.07595">
    <ele>530.86</ele>
   </trkpt>
   <trkpt lat="38.716730000000005" lon="-0.07588">
    <ele>530.7700000000001</ele>
   </trkpt>
   <trkpt lat="38.716640000000005" lon="-0.07588">
    <ele>530.75</ele>
   </trkpt>
   <trkpt lat="38.716570000000004" lon="-0.07591">
    <ele>530.75</ele>
   </trkpt>
   <trkpt lat="38.71647" lon="-0.07599">
    <ele>530.7700000000001</ele>
   </trkpt>
   <trkpt lat="38.716390000000004" lon="-0.07613">
    <ele>530.7</ele>
   </trkpt>
   <trkpt lat="38.71638" lon="-0.07624">
    <ele>530.6200000000001</ele>
   </trkpt>
   <trkpt lat="38.716390000000004" lon="-0.07642">
    <ele>530.44</ele>
   </trkpt>
   <trkpt lat="38.716440000000006" lon="-0.07664">
    <ele>530.1</ele>
   </trkpt>
   <trkpt lat="38.71654" lon="-0.07688">
    <ele>529.2</ele>
   </trkpt>
   <trkpt lat="38.71674" lon="-0.07724">
    <ele>527.03</ele>
   </trkpt>
   <trkpt lat="38.716770000000004" lon="-0.07735">
    <ele>526.5300000000001</ele>
   </trkpt>
   <trkpt lat="38.716770000000004" lon="-0.07749">
    <ele>526.1300000000001</ele>
   </trkpt>
   <trkpt lat="38.716730000000005" lon="-0.0776">
    <ele>525.87</ele>
   </trkpt>
   <trkpt lat="38.7165" lon="-0.07803">
    <ele>527.0400000000001</ele>
   </trkpt>
   <trkpt lat="38.7162" lon="-0.07889">
    <ele>531.4000000000001</ele>
   </trkpt>
   <trkpt lat="38.716150000000006" lon="-0.07899">
    <ele>531.61</ele>
   </trkpt>
   <trkpt lat="38.71604000000001" lon="-0.0791">
    <ele>531.83</ele>
   </trkpt>
   <trkpt lat="38.715790000000005" lon="-0.07932">
    <ele>532.0100000000001</ele>
   </trkpt>
   <trkpt lat="38.715680000000006" lon="-0.07936">
    <ele>531.9599999999999</ele>
   </trkpt>
   <trkpt lat="38.715210000000006" lon="-0.07943">
    <ele>530.95</ele>
   </trkpt>
   <trkpt lat="38.715140000000005" lon="-0.07951000000000001">
    <ele>530.59</ele>
   </trkpt>
   <trkpt lat="38.715" lon="-0.07989">
    <ele>529.32</ele>
   </trkpt>
   <trkpt lat="38.71493" lon="-0.07996">
    <ele>529.39</ele>
   </trkpt>
   <trkpt lat="38.714830000000006" lon="-0.08">
    <ele>529.6</ele>
   </trkpt>
   <trkpt lat="38.714740000000006" lon="-0.0801">
    <ele>530.13</ele>
   </trkpt>
   <trkpt lat="38.714690000000004" lon="-0.08028">
    <ele>531.07</ele>
   </trkpt>
   <trkpt lat="38.71473" lon="-0.08042">
    <ele>531.52</ele>
   </trkpt>
   <trkpt lat="38.715210000000006" lon="-0.08096">
    <ele>532.35</ele>
   </trkpt>
   <trkpt lat="38.71524" lon="-0.08104">
    <ele>532.35</ele>
   </trkpt>
   <trkpt lat="38.71524" lon="-0.08118">
    <ele>532.15</ele>
   </trkpt>
   <trkpt lat="38.71502" lon="-0.08175">
    <ele>531.24</ele>
   </trkpt>
   <trkpt lat="38.7149" lon="-0.08193">
    <ele>530.9</ele>
   </trkpt>
   <trkpt lat="38.714710000000004" lon="-0.08217">
    <ele>530.75</ele>
   </trkpt>
   <trkpt lat="38.71455" lon="-0.08249000000000001">
    <ele>530.45</ele>
   </trkpt>
   <trkpt lat="38.71394" lon="-0.08293">
    <ele>528.9</ele>
   </trkpt>
   <trkpt lat="38.71388" lon="-0.08303">
    <ele>528.66</ele>
   </trkpt>
   <trkpt lat="38.713820000000005" lon="-0.08317000000000001">
    <ele>528.57</ele>
   </trkpt>
   <trkpt lat="38.713770000000004" lon="-0.08339">
    <ele>528.52</ele>
   </trkpt>
   <trkpt lat="38.71378" lon="-0.08375">
    <ele>528.58</ele>
   </trkpt>
   <trkpt lat="38.71385" lon="-0.08428000000000001">
    <ele>528.72</ele>
   </trkpt>
   <trkpt lat="38.713820000000005" lon="-0.08493">
    <ele>529.6500000000001</ele>
   </trkpt>
   <trkpt lat="38.713860000000004" lon="-0.08521000000000001">
    <ele>529.81</ele>
   </trkpt>
   <trkpt lat="38.71399" lon="-0.08573">
    <ele>533.0500000000001</ele>
   </trkpt>
   <trkpt lat="38.71399" lon="-0.08587">
    <ele>533.0500000000001</ele>
   </trkpt>
   <trkpt lat="38.71397" lon="-0.08594">
    <ele>533.0500000000001</ele>
   </trkpt>
   <trkpt lat="38.713910000000006" lon="-0.08603000000000001">
    <ele>534.0100000000001</ele>
   </trkpt>
   <trkpt lat="38.713860000000004" lon="-0.08607000000000001">
    <ele>534.0100000000001</ele>
   </trkpt>
   <trkpt lat="38.713660000000004" lon="-0.08612">
    <ele>535.35</ele>
   </trkpt>
   <trkpt lat="38.71336" lon="-0.08625000000000001">
    <ele>537.48</ele>
   </trkpt>
   <trkpt lat="38.7132" lon="-0.08644">
    <ele>539.9200000000001</ele>
   </trkpt>
   <trkpt lat="38.713100000000004" lon="-0.08668000000000001">
    <ele>542.5300000000001</ele>
   </trkpt>
   <trkpt lat="38.71304000000001" lon="-0.08689000000000001">
    <ele>542.5300000000001</ele>
   </trkpt>
   <trkpt lat="38.712950000000006" lon="-0.08757000000000001">
    <ele>547.03</ele>
   </trkpt>
   <trkpt lat="38.712880000000006" lon="-0.08786000000000001">
    <ele>548.03</ele>
   </trkpt>
   <trkpt lat="38.71267" lon="-0.08854000000000001">
    <ele>550.8100000000001</ele>
   </trkpt>
   <trkpt lat="38.712450000000004" lon="-0.08893000000000001">
    <ele>551.52</ele>
   </trkpt>
   <trkpt lat="38.712430000000005" lon="-0.08908">
    <ele>552.52</ele>
   </trkpt>
   <trkpt lat="38.712450000000004" lon="-0.08929000000000001">
    <ele>552.52</ele>
   </trkpt>
   <trkpt lat="38.712500000000006" lon="-0.08951">
    <ele>553.2600000000001</ele>
   </trkpt>
   <trkpt lat="38.712500000000006" lon="-0.08961000000000001">
    <ele>553.6000000000001</ele>
   </trkpt>
   <trkpt lat="38.712480000000006" lon="-0.08969">
    <ele>553.6000000000001</ele>
   </trkpt>
   <trkpt lat="38.71244" lon="-0.08977">
    <ele>554.07</ele>
   </trkpt>
   <trkpt lat="38.71222" lon="-0.08994">
    <ele>554.5400000000001</ele>
   </trkpt>
   <trkpt lat="38.712050000000005" lon="-0.09013">
    <ele>555.32</ele>
   </trkpt>
   <trkpt lat="38.71168" lon="-0.09075000000000001">
    <ele>558.64</ele>
   </trkpt>
   <trkpt lat="38.71161" lon="-0.09094000000000001">
    <ele>559.74</ele>
   </trkpt>
   <trkpt lat="38.71163000000001" lon="-0.09108000000000001">
    <ele>559.74</ele>
   </trkpt>
   <trkpt lat="38.71184" lon="-0.09141">
    <ele>562.58</ele>
   </trkpt>
   <trkpt lat="38.71199" lon="-0.09169000000000001">
    <ele>563.25</ele>
   </trkpt>
   <trkpt lat="38.7122" lon="-0.09223">
    <ele>562.61</ele>
   </trkpt>
   <trkpt lat="38.71233" lon="-0.09273">
    <ele>561.7500000000001</ele>
   </trkpt>
   <trkpt lat="38.712320000000005" lon="-0.09328">
    <ele>561.3900000000001</ele>
   </trkpt>
   <trkpt lat="38.712300000000006" lon="-0.09345">
    <ele>560.6600000000001</ele>
   </trkpt>
   <trkpt lat="38.71226" lon="-0.09355000000000001">
    <ele>560.6600000000001</ele>
   </trkpt>
   <trkpt lat="38.71204" lon="-0.09384">
    <ele>560.1</ele>
   </trkpt>
   <trkpt lat="38.711940000000006" lon="-0.09399">
    <ele>559.74</ele>
   </trkpt>
   <trkpt lat="38.711890000000004" lon="-0.09413">
    <ele>559.21</ele>
   </trkpt>
   <trkpt lat="38.71188" lon="-0.09434000000000001">
    <ele>558.12</ele>
   </trkpt>
   <trkpt lat="38.712" lon="-0.09487000000000001">
    <ele>557.01</ele>
   </trkpt>
   <trkpt lat="38.712070000000004" lon="-0.09581">
    <ele>555.3299999999999</ele>
   </trkpt>
   <trkpt lat="38.71211" lon="-0.09599">
    <ele>554.95</ele>
   </trkpt>
   <trkpt lat="38.71222" lon="-0.09614">
    <ele>554.62</ele>
   </trkpt>
   <trkpt lat="38.71247" lon="-0.09627000000000001">
    <ele>554.3100000000001</ele>
   </trkpt>
   <trkpt lat="38.71256" lon="-0.09634000000000001">
    <ele>554.01</ele>
   </trkpt>
   <trkpt lat="38.712610000000005" lon="-0.09645000000000001">
    <ele>554.01</ele>
   </trkpt>
   <trkpt lat="38.71262" lon="-0.09656">
    <ele>553.73</ele>
   </trkpt>
   <trkpt lat="38.71258" lon="-0.09668">
    <ele>553.73</ele>
   </trkpt>
   <trkpt lat="38.712270000000004" lon="-0.09721">
    <ele>552.21</ele>
   </trkpt>
   <trkpt lat="38.712160000000004" lon="-0.09753">
    <ele>551.85</ele>
   </trkpt>
   <trkpt lat="38.712120000000006" lon="-0.09770000000000001">
    <ele>551.4499999999999</ele>
   </trkpt>
   <trkpt lat="38.71186" lon="-0.09818">
    <ele>550.2</ele>
   </trkpt>
   <trkpt lat="38.711780000000005" lon="-0.09824000000000001">
    <ele>549.0</ele>
   </trkpt>
   <trkpt lat="38.71168" lon="-0.09828">
    <ele>549.0</ele>
   </trkpt>
   <trkpt lat="38.71161" lon="-0.09828">
    <ele>548.62</ele>
   </trkpt>
   <trkpt lat="38.71152" lon="-0.09825">
    <ele>548.2900000000001</ele>
   </trkpt>
   <trkpt lat="38.711330000000004" lon="-0.09806000000000001">
    <ele>547.96</ele>
   </trkpt>
   <trkpt lat="38.711040000000004" lon="-0.09731000000000001">
    <ele>545.9900000000001</ele>
   </trkpt>
   <trkpt lat="38.710930000000005" lon="-0.09674">
    <ele>542.39</ele>
   </trkpt>
   <trkpt lat="38.71079" lon="-0.09652000000000001">
    <ele>541.54</ele>
   </trkpt>
   <trkpt lat="38.7107" lon="-0.09645000000000001">
    <ele>539.9000000000001</ele>
   </trkpt>
   <trkpt lat="38.710300000000004" lon="-0.09634000000000001">
    <ele>537.39</ele>
   </trkpt>
   <trkpt lat="38.71002" lon="-0.09618">
    <ele>536.37</ele>
   </trkpt>
   <trkpt lat="38.70984" lon="-0.09618">
    <ele>536.13</ele>
   </trkpt>
   <trkpt lat="38.70969" lon="-0.09634000000000001">
    <ele>535.32</ele>
   </trkpt>
   <trkpt lat="38.70969" lon="-0.09656">
    <ele>534.7900000000001</ele>
   </trkpt>
   <trkpt lat="38.70982" lon="-0.09686">
    <ele>531.5600000000001</ele>
   </trkpt>
   <trkpt lat="38.71003" lon="-0.0976">
    <ele>528.0600000000001</ele>
   </trkpt>
   <trkpt lat="38.710100000000004" lon="-0.09796">
    <ele>527.02</ele>
   </trkpt>
   <trkpt lat="38.71009" lon="-0.09821">
    <ele>526.0100000000001</ele>
   </trkpt>
   <trkpt lat="38.709970000000006" lon="-0.09860000000000001">
    <ele>524.84</ele>
   </trkpt>
   <trkpt lat="38.709900000000005" lon="-0.09871">
    <ele>524.48</ele>
   </trkpt>
   <trkpt lat="38.70982" lon="-0.09874000000000001">
    <ele>523.45</ele>
   </trkpt>
   <trkpt lat="38.709700000000005" lon="-0.09878">
    <ele>523.45</ele>
   </trkpt>
   <trkpt lat="38.70931" lon="-0.09881000000000001">
    <ele>522.0100000000001</ele>
   </trkpt>
   <trkpt lat="38.70918" lon="-0.09889">
    <ele>521.58</ele>
   </trkpt>
   <trkpt lat="38.709120000000006" lon="-0.09903">
    <ele>519.99</ele>
   </trkpt>
   <trkpt lat="38.709010000000006" lon="-0.09942000000000001">
    <ele>518.9</ele>
   </trkpt>
   <trkpt lat="38.708920000000006" lon="-0.09958">
    <ele>518.12</ele>
   </trkpt>
   <trkpt lat="38.708650000000006" lon="-0.09979">
    <ele>517.8000000000001</ele>
   </trkpt>
   <trkpt lat="38.70844" lon="-0.09989">
    <ele>517.1300000000001</ele>
   </trkpt>
   <trkpt lat="38.708360000000006" lon="-0.09996000000000001">
    <ele>517.1300000000001</ele>
   </trkpt>
   <trkpt lat="38.708130000000004" lon="-0.10032">
    <ele>516.33</ele>
   </trkpt>
   <trkpt lat="38.70803" lon="-0.10043">
    <ele>516.05</ele>
   </trkpt>
   <trkpt lat="38.707800000000006" lon="-0.10057">
    <ele>515.45</ele>
   </trkpt>
   <trkpt lat="38.707750000000004" lon="-0.10069">
    <ele>515.45</ele>
   </trkpt>
   <trkpt lat="38.707730000000005" lon="-0.10097">
    <ele>514.4300000000001</ele>
   </trkpt>
   <trkpt lat="38.7077" lon="-0.10111">
    <ele>513.6800000000001</ele>
   </trkpt>
   <trkpt lat="38.707460000000005" lon="-0.10154">
    <ele>512.6400000000001</ele>
   </trkpt>
   <trkpt lat="38.707370000000004" lon="-0.10161">
    <ele>512.42</ele>
   </trkpt>
   <trkpt lat="38.707060000000006" lon="-0.10175000000000001">
    <ele>511.93</ele>
   </trkpt>
   <trkpt lat="38.707" lon="-0.10186">
    <ele>511.81</ele>
   </trkpt>
   <trkpt lat="38.70698" lon="-0.10197">
    <ele>511.6400000000001</ele>
   </trkpt>
   <trkpt lat="38.70703" lon="-0.10237">
    <ele>510.94000000000005</ele>
   </trkpt>
   <trkpt lat="38.70705" lon="-0.10276">
    <ele>509.71</ele>
   </trkpt>
   <trkpt lat="38.70712" lon="-0.10301">
    <ele>508.05</ele>
   </trkpt>
   <trkpt lat="38.707280000000004" lon="-0.10337">
    <ele>506.99000000000007</ele>
   </trkpt>
   <trkpt lat="38.707330000000006" lon="-0.10368000000000001">
    <ele>506.14000000000004</ele>
   </trkpt>
   <trkpt lat="38.70734" lon="-0.10401">
    <ele>506.09999999999997</ele>
   </trkpt>
   <trkpt lat="38.70731" lon="-0.10438000000000001">
    <ele>507.44</ele>
   </trkpt>
   <trkpt lat="38.70729" lon="-0.10452">
    <ele>508.09999999999997</ele>
   </trkpt>
   <trkpt lat="38.70723" lon="-0.10462">
    <ele>509.0</ele>
   </trkpt>
   <trkpt lat="38.707010000000004" lon="-0.10483">
    <ele>510.93</ele>
   </trkpt>
   <trkpt lat="38.70687" lon="-0.10502">
    <ele>513.99</ele>
   </trkpt>
   <trkpt lat="38.70664" lon="-0.10548">
    <ele>517.23</ele>
   </trkpt>
   <trkpt lat="38.7066" lon="-0.10562">
    <ele>517.99</ele>
   </trkpt>
   <trkpt lat="38.706570000000006" lon="-0.10579000000000001">
    <ele>519.3800000000001</ele>
   </trkpt>
   <trkpt lat="38.706500000000005" lon="-0.10662">
    <ele>523.19</ele>
   </trkpt>
   <trkpt lat="38.706410000000005" lon="-0.10709">
    <ele>525.5600000000001</ele>
   </trkpt>
   <trkpt lat="38.70642" lon="-0.10724">
    <ele>527.8000000000001</ele>
   </trkpt>
   <trkpt lat="38.706480000000006" lon="-0.10749">
    <ele>527.8000000000001</ele>
   </trkpt>
   <trkpt lat="38.70647" lon="-0.10766">
    <ele>528.72</ele>
   </trkpt>
   <trkpt lat="38.7064" lon="-0.10784">
    <ele>529.57</ele>
   </trkpt>
   <trkpt lat="38.706230000000005" lon="-0.10801000000000001">
    <ele>531.13</ele>
   </trkpt>
   <trkpt lat="38.706140000000005" lon="-0.10819000000000001">
    <ele>532.84</ele>
   </trkpt>
   <trkpt lat="38.706070000000004" lon="-0.10826000000000001">
    <ele>533.09</ele>
   </trkpt>
   <trkpt lat="38.705850000000005" lon="-0.10834">
    <ele>534.74</ele>
   </trkpt>
   <trkpt lat="38.705740000000006" lon="-0.10830000000000001">
    <ele>534.74</ele>
   </trkpt>
   <trkpt lat="38.705630000000006" lon="-0.10824">
    <ele>536.87</ele>
   </trkpt>
   <trkpt lat="38.70523" lon="-0.10787000000000001">
    <ele>538.46</ele>
   </trkpt>
   <trkpt lat="38.704730000000005" lon="-0.10748">
    <ele>543.5500000000001</ele>
   </trkpt>
   <trkpt lat="38.704660000000004" lon="-0.10745">
    <ele>543.5500000000001</ele>
   </trkpt>
   <trkpt lat="38.70458" lon="-0.10745">
    <ele>545.74</ele>
   </trkpt>
   <trkpt lat="38.704170000000005" lon="-0.10755">
    <ele>549.09</ele>
   </trkpt>
   <trkpt lat="38.704040000000006" lon="-0.10751000000000001">
    <ele>549.09</ele>
   </trkpt>
   <trkpt lat="38.703450000000004" lon="-0.10726000000000001">
    <ele>552.6300000000001</ele>
   </trkpt>
   <trkpt lat="38.703160000000004" lon="-0.10708000000000001">
    <ele>553.34</ele>
   </trkpt>
   <trkpt lat="38.70284" lon="-0.10683000000000001">
    <ele>555.37</ele>
   </trkpt>
   <trkpt lat="38.70272000000001" lon="-0.10677">
    <ele>555.37</ele>
   </trkpt>
   <trkpt lat="38.70214" lon="-0.10663">
    <ele>559.47</ele>
   </trkpt>
   <trkpt lat="38.70136" lon="-0.10652">
    <ele>566.33</ele>
   </trkpt>
   <trkpt lat="38.70123" lon="-0.10645">
    <ele>566.33</ele>
   </trkpt>
   <trkpt lat="38.701170000000005" lon="-0.10637">
    <ele>566.33</ele>
   </trkpt>
   <trkpt lat="38.701170000000005" lon="-0.10623">
    <ele>568.1400000000001</ele>
   </trkpt>
   <trkpt lat="38.7012" lon="-0.10615000000000001">
    <ele>568.1400000000001</ele>
   </trkpt>
   <trkpt lat="38.701240000000006" lon="-0.10612">
    <ele>568.1400000000001</ele>
   </trkpt>
   <trkpt lat="38.70141" lon="-0.10605">
    <ele>570.7500000000001</ele>
   </trkpt>
   <trkpt lat="38.701460000000004" lon="-0.10601000000000001">
    <ele>570.7500000000001</ele>
   </trkpt>
   <trkpt lat="38.701510000000006" lon="-0.10590000000000001">
    <ele>570.7500000000001</ele>
   </trkpt>
   <trkpt lat="38.7015" lon="-0.1058">
    <ele>572.4800000000001</ele>
   </trkpt>
   <trkpt lat="38.70139" lon="-0.10547000000000001">
    <ele>574.34</ele>
   </trkpt>
   <trkpt lat="38.701220000000006" lon="-0.10515000000000001">
    <ele>575.9399999999999</ele>
   </trkpt>
   <trkpt lat="38.701170000000005" lon="-0.10498">
    <ele>575.9399999999999</ele>
   </trkpt>
   <trkpt lat="38.700970000000005" lon="-0.10411000000000001">
    <ele>581.84</ele>
   </trkpt>
   <trkpt lat="38.70092" lon="-0.10401">
    <ele>581.84</ele>
   </trkpt>
   <trkpt lat="38.700660000000006" lon="-0.10383">
    <ele>584.28</ele>
   </trkpt>
   <trkpt lat="38.70047" lon="-0.10365">
    <ele>585.67</ele>
   </trkpt>
   <trkpt lat="38.700250000000004" lon="-0.10358">
    <ele>586.2</ele>
   </trkpt>
   <trkpt lat="38.70015" lon="-0.10350000000000001">
    <ele>586.64</ele>
   </trkpt>
   <trkpt lat="38.699630000000006" lon="-0.10294">
    <ele>588.5600000000001</ele>
   </trkpt>
   <trkpt lat="38.6995" lon="-0.1029">
    <ele>589.38</ele>
   </trkpt>
   <trkpt lat="38.699270000000006" lon="-0.10287">
    <ele>590.04</ele>
   </trkpt>
   <trkpt lat="38.69917" lon="-0.10282000000000001">
    <ele>590.33</ele>
   </trkpt>
   <trkpt lat="38.69879" lon="-0.10231000000000001">
    <ele>592.47</ele>
   </trkpt>
   <trkpt lat="38.698660000000004" lon="-0.10218">
    <ele>592.99</ele>
   </trkpt>
   <trkpt lat="38.698440000000005" lon="-0.10208">
    <ele>593.74</ele>
   </trkpt>
   <trkpt lat="38.698280000000004" lon="-0.10209000000000001">
    <ele>594.09</ele>
   </trkpt>
   <trkpt lat="38.698150000000005" lon="-0.10214000000000001">
    <ele>594.1500000000001</ele>
   </trkpt>
   <trkpt lat="38.69783" lon="-0.10237">
    <ele>591.2</ele>
   </trkpt>
   <trkpt lat="38.69764" lon="-0.10258">
    <ele>589.7800000000001</ele>
   </trkpt>
   <trkpt lat="38.697590000000005" lon="-0.10275000000000001">
    <ele>589.2900000000001</ele>
   </trkpt>
   <trkpt lat="38.69755" lon="-0.10329">
    <ele>587.49</ele>
   </trkpt>
   <trkpt lat="38.69751" lon="-0.10355">
    <ele>585.95</ele>
   </trkpt>
   <trkpt lat="38.697410000000005" lon="-0.10379000000000001">
    <ele>585.3900000000001</ele>
   </trkpt>
   <trkpt lat="38.697070000000004" lon="-0.10422000000000001">
    <ele>583.37</ele>
   </trkpt>
   <trkpt lat="38.69689" lon="-0.1044">
    <ele>581.3900000000001</ele>
   </trkpt>
   <trkpt lat="38.696810000000006" lon="-0.10443000000000001">
    <ele>581.3900000000001</ele>
   </trkpt>
   <trkpt lat="38.69603" lon="-0.10415">
    <ele>575.6600000000001</ele>
   </trkpt>
   <trkpt lat="38.69596000000001" lon="-0.10411000000000001">
    <ele>575.1800000000001</ele>
   </trkpt>
   <trkpt lat="38.69585" lon="-0.10401">
    <ele>574.2900000000001</ele>
   </trkpt>
   <trkpt lat="38.69572" lon="-0.10379000000000001">
    <ele>573.45</ele>
   </trkpt>
   <trkpt lat="38.695730000000005" lon="-0.10361000000000001">
    <ele>571.9000000000001</ele>
   </trkpt>
   <trkpt lat="38.69595" lon="-0.10325000000000001">
    <ele>569.5100000000001</ele>
   </trkpt>
   <trkpt lat="38.696070000000006" lon="-0.10311000000000001">
    <ele>568.9399999999999</ele>
   </trkpt>
   <trkpt lat="38.69617" lon="-0.10305">
    <ele>567.35</ele>
   </trkpt>
   <trkpt lat="38.69633" lon="-0.10307000000000001">
    <ele>566.19</ele>
   </trkpt>
   <trkpt lat="38.69642" lon="-0.10305">
    <ele>566.19</ele>
   </trkpt>
   <trkpt lat="38.696470000000005" lon="-0.10301">
    <ele>565.58</ele>
   </trkpt>
   <trkpt lat="38.69653" lon="-0.1029">
    <ele>564.9399999999999</ele>
   </trkpt>
   <trkpt lat="38.696560000000005" lon="-0.10273">
    <ele>562.88</ele>
   </trkpt>
   <trkpt lat="38.69663500231149" lon="-0.10199500066149922">
    <ele>560.18</ele>
   </trkpt>
   <trkpt lat="38.69671" lon="-0.10126">
    <ele>556.6000000000001</ele>
   </trkpt>
   <trkpt lat="38.69688" lon="-0.10085000000000001">
    <ele>554.32</ele>
   </trkpt>
   <trkpt lat="38.696960000000004" lon="-0.10057">
    <ele>552.57</ele>
   </trkpt>
   <trkpt lat="38.697010000000006" lon="-0.10017000000000001">
    <ele>550.84</ele>
   </trkpt>
   <trkpt lat="38.697" lon="-0.09999000000000001">
    <ele>550.84</ele>
   </trkpt>
   <trkpt lat="38.696740000000005" lon="-0.09898000000000001">
    <ele>545.01</ele>
   </trkpt>
   <trkpt lat="38.696630000000006" lon="-0.09871">
    <ele>543.5600000000001</ele>
   </trkpt>
   <trkpt lat="38.69655" lon="-0.09856000000000001">
    <ele>542.1600000000001</ele>
   </trkpt>
   <trkpt lat="38.6961750007748" lon="-0.09811499758577064">
    <ele>540.63</ele>
   </trkpt>
   <trkpt lat="38.695800000000006" lon="-0.09767">
    <ele>537.91</ele>
   </trkpt>
   <trkpt lat="38.69534" lon="-0.09696">
    <ele>532.85</ele>
   </trkpt>
   <trkpt lat="38.69494" lon="-0.09645000000000001">
    <ele>529.33</ele>
   </trkpt>
   <trkpt lat="38.694610000000004" lon="-0.09617">
    <ele>527.95</ele>
   </trkpt>
   <trkpt lat="38.694430000000004" lon="-0.09606">
    <ele>527.1300000000001</ele>
   </trkpt>
   <trkpt lat="38.69429" lon="-0.096">
    <ele>526.6800000000001</ele>
   </trkpt>
   <trkpt lat="38.694120000000005" lon="-0.09584000000000001">
    <ele>526.0100000000001</ele>
   </trkpt>
   <trkpt lat="38.694050000000004" lon="-0.09563">
    <ele>525.24</ele>
   </trkpt>
   <trkpt lat="38.694030000000005" lon="-0.09549">
    <ele>524.81</ele>
   </trkpt>
   <trkpt lat="38.69402" lon="-0.09534000000000001">
    <ele>524.36</ele>
   </trkpt>
   <trkpt lat="38.69404" lon="-0.095">
    <ele>522.4000000000001</ele>
   </trkpt>
   <trkpt lat="38.69402" lon="-0.09481">
    <ele>521.93</ele>
   </trkpt>
   <trkpt lat="38.6937" lon="-0.09424">
    <ele>518.8000000000001</ele>
   </trkpt>
   <trkpt lat="38.69364" lon="-0.09417">
    <ele>518.8000000000001</ele>
   </trkpt>
   <trkpt lat="38.693580000000004" lon="-0.09413">
    <ele>518.8000000000001</ele>
   </trkpt>
   <trkpt lat="38.69352000000001" lon="-0.09413">
    <ele>518.8000000000001</ele>
   </trkpt>
   <trkpt lat="38.692955000090315" lon="-0.09417500034891513">
    <ele>516.3100000000001</ele>
   </trkpt>
   <trkpt lat="38.69239" lon="-0.09422000000000001">
    <ele>512.83</ele>
   </trkpt>
   <trkpt lat="38.692330000000005" lon="-0.09423000000000001">
    <ele>512.3000000000001</ele>
   </trkpt>
   <trkpt lat="38.692220000000006" lon="-0.09421">
    <ele>511.88</ele>
   </trkpt>
   <trkpt lat="38.692130000000006" lon="-0.09416000000000001">
    <ele>511.38000000000005</ele>
   </trkpt>
   <trkpt lat="38.69209" lon="-0.0941">
    <ele>511.38000000000005</ele>
   </trkpt>
   <trkpt lat="38.69201" lon="-0.09391000000000001">
    <ele>510.82000000000005</ele>
   </trkpt>
   <trkpt lat="38.69194" lon="-0.09364">
    <ele>508.65000000000003</ele>
   </trkpt>
   <trkpt lat="38.69167" lon="-0.09287000000000001">
    <ele>505.36</ele>
   </trkpt>
   <trkpt lat="38.6916" lon="-0.09259">
    <ele>503.89000000000004</ele>
   </trkpt>
   <trkpt lat="38.69154" lon="-0.09213">
    <ele>501.44</ele>
   </trkpt>
   <trkpt lat="38.69147" lon="-0.09133000000000001">
    <ele>498.59000000000003</ele>
   </trkpt>
   <trkpt lat="38.691410000000005" lon="-0.09119000000000001">
    <ele>498.59000000000003</ele>
   </trkpt>
   <trkpt lat="38.69102" lon="-0.09072000000000001">
    <ele>497.18000000000006</ele>
   </trkpt>
   <trkpt lat="38.690430000000006" lon="-0.09041">
    <ele>494.42</ele>
   </trkpt>
   <trkpt lat="38.68989000003608" lon="-0.09029999916658071">
    <ele>492.09000000000003</ele>
   </trkpt>
   <trkpt lat="38.689350000000005" lon="-0.09019">
    <ele>488.63000000000005</ele>
   </trkpt>
   <trkpt lat="38.68912" lon="-0.09012">
    <ele>488.63000000000005</ele>
   </trkpt>
   <trkpt lat="38.688680000000005" lon="-0.08977">
    <ele>486.9100000000001</ele>
   </trkpt>
   <trkpt lat="38.688590000000005" lon="-0.08969">
    <ele>485.54</ele>
   </trkpt>
   <trkpt lat="38.688480000000006" lon="-0.0893">
    <ele>484.15000000000003</ele>
   </trkpt>
   <trkpt lat="38.68838" lon="-0.08926">
    <ele>483.86</ele>
   </trkpt>
   <trkpt lat="38.688" lon="-0.08929000000000001">
    <ele>481.08000000000004</ele>
   </trkpt>
   <trkpt lat="38.687900000000006" lon="-0.08936000000000001">
    <ele>480.58000000000004</ele>
   </trkpt>
   <trkpt lat="38.68789" lon="-0.08947000000000001">
    <ele>479.58000000000004</ele>
   </trkpt>
   <trkpt lat="38.68791" lon="-0.08961000000000001">
    <ele>478.1</ele>
   </trkpt>
   <trkpt lat="38.688050000000004" lon="-0.09001">
    <ele>476.06</ele>
   </trkpt>
   <trkpt lat="38.68846500146023" lon="-0.09058499673744275">
    <ele>473.02000000000004</ele>
   </trkpt>
   <trkpt lat="38.688880000000005" lon="-0.09116">
    <ele>468.23</ele>
   </trkpt>
   <trkpt lat="38.6893" lon="-0.09158000000000001">
    <ele>463.88</ele>
   </trkpt>
   <trkpt lat="38.68979000056078" lon="-0.09186999813373682">
    <ele>461.32000000000005</ele>
   </trkpt>
   <trkpt lat="38.69028" lon="-0.09216">
    <ele>460.02000000000004</ele>
   </trkpt>
   <trkpt lat="38.690360000000005" lon="-0.09224">
    <ele>459.38</ele>
   </trkpt>
   <trkpt lat="38.690340000000006" lon="-0.0926">
    <ele>458.18</ele>
   </trkpt>
   <trkpt lat="38.69014000000001" lon="-0.09306">
    <ele>454.6600000000001</ele>
   </trkpt>
   <trkpt lat="38.69015" lon="-0.09327">
    <ele>453.64000000000004</ele>
   </trkpt>
   <trkpt lat="38.69026" lon="-0.09338">
    <ele>452.87000000000006</ele>
   </trkpt>
   <trkpt lat="38.69057" lon="-0.09364">
    <ele>449.36</ele>
   </trkpt>
   <trkpt lat="38.690720000000006" lon="-0.09384">
    <ele>447.79</ele>
   </trkpt>
   <trkpt lat="38.69079" lon="-0.09398000000000001">
    <ele>447.29</ele>
   </trkpt>
   <trkpt lat="38.6908" lon="-0.09409000000000001">
    <ele>446.65000000000003</ele>
   </trkpt>
   <trkpt lat="38.690760000000004" lon="-0.09416000000000001">
    <ele>446.25</ele>
   </trkpt>
   <trkpt lat="38.690690000000004" lon="-0.09416000000000001">
    <ele>445.82000000000005</ele>
   </trkpt>
   <trkpt lat="38.69061000000001" lon="-0.09413">
    <ele>443.95</ele>
   </trkpt>
   <trkpt lat="38.68999" lon="-0.09345">
    <ele>437.84000000000003</ele>
   </trkpt>
   <trkpt lat="38.689690000000006" lon="-0.09330000000000001">
    <ele>435.58000000000004</ele>
   </trkpt>
   <trkpt lat="38.68959" lon="-0.09319000000000001">
    <ele>434.13</ele>
   </trkpt>
   <trkpt lat="38.68952" lon="-0.09302">
    <ele>433.12000000000006</ele>
   </trkpt>
   <trkpt lat="38.68945" lon="-0.09295">
    <ele>432.37</ele>
   </trkpt>
   <trkpt lat="38.689370000000004" lon="-0.09298000000000001">
    <ele>432.37</ele>
   </trkpt>
   <trkpt lat="38.68907" lon="-0.09323000000000001">
    <ele>427.32000000000005</ele>
   </trkpt>
   <trkpt lat="38.68896" lon="-0.09328">
    <ele>427.32000000000005</ele>
   </trkpt>
   <trkpt lat="38.68851" lon="-0.09327">
    <ele>424.33000000000004</ele>
   </trkpt>
   <trkpt lat="38.688300000000005" lon="-0.09330000000000001">
    <ele>423.11</ele>
   </trkpt>
   <trkpt lat="38.68789" lon="-0.09348000000000001">
    <ele>420.94000000000005</ele>
   </trkpt>
   <trkpt lat="38.68773" lon="-0.09348000000000001">
    <ele>420.21000000000004</ele>
   </trkpt>
   <trkpt lat="38.687580000000004" lon="-0.09345">
    <ele>419.64</ele>
   </trkpt>
   <trkpt lat="38.68746" lon="-0.09334">
    <ele>417.84000000000003</ele>
   </trkpt>
   <trkpt lat="38.68723000000001" lon="-0.09291">
    <ele>415.56000000000006</ele>
   </trkpt>
   <trkpt lat="38.6871" lon="-0.09271">
    <ele>414.02000000000004</ele>
   </trkpt>
   <trkpt lat="38.686960000000006" lon="-0.09262000000000001">
    <ele>413.55</ele>
   </trkpt>
   <trkpt lat="38.68685" lon="-0.09262000000000001">
    <ele>413.03</ele>
   </trkpt>
   <trkpt lat="38.686730000000004" lon="-0.09273">
    <ele>411.92</ele>
   </trkpt>
   <trkpt lat="38.6867" lon="-0.09284">
    <ele>411.92</ele>
   </trkpt>
   <trkpt lat="38.68680000186497" lon="-0.09349999914533236">
    <ele>407.47</ele>
   </trkpt>
   <trkpt lat="38.6869" lon="-0.09416000000000001">
    <ele>402.33000000000004</ele>
   </trkpt>
   <trkpt lat="38.68704" lon="-0.09524">
    <ele>397.06</ele>
   </trkpt>
   <trkpt lat="38.68712" lon="-0.09563">
    <ele>392.54</ele>
   </trkpt>
   <trkpt lat="38.68714000000001" lon="-0.09589">
    <ele>391.36</ele>
   </trkpt>
   <trkpt lat="38.687110000000004" lon="-0.09670000000000001">
    <ele>387.43000000000006</ele>
   </trkpt>
   <trkpt lat="38.68695500208345" lon="-0.09740000152941133">
    <ele>382.39</ele>
   </trkpt>
   <trkpt lat="38.686800000000005" lon="-0.0981">
    <ele>378.71000000000004</ele>
   </trkpt>
   <trkpt lat="38.68659" lon="-0.09860000000000001">
    <ele>375.36</ele>
   </trkpt>
   <trkpt lat="38.686350000000004" lon="-0.09896">
    <ele>372.55000000000007</ele>
   </trkpt>
   <trkpt lat="38.686110000000006" lon="-0.09914">
    <ele>369.95000000000005</ele>
   </trkpt>
   <trkpt lat="38.685700000000004" lon="-0.09915">
    <ele>367.9</ele>
   </trkpt>
   <trkpt lat="38.68553" lon="-0.09910000000000001">
    <ele>367.39000000000004</ele>
   </trkpt>
   <trkpt lat="38.68525" lon="-0.09907">
    <ele>365.35</ele>
   </trkpt>
   <trkpt lat="38.685190000000006" lon="-0.09908">
    <ele>364.97</ele>
   </trkpt>
   <trkpt lat="38.68518" lon="-0.09917000000000001">
    <ele>364.54</ele>
   </trkpt>
   <trkpt lat="38.685210000000005" lon="-0.09921">
    <ele>364.05</ele>
   </trkpt>
   <trkpt lat="38.68526000000001" lon="-0.09924000000000001">
    <ele>362.46</ele>
   </trkpt>
   <trkpt lat="38.6854" lon="-0.09924000000000001">
    <ele>361.46</ele>
   </trkpt>
   <trkpt lat="38.685460000000006" lon="-0.09928000000000001">
    <ele>361.46</ele>
   </trkpt>
   <trkpt lat="38.685460000000006" lon="-0.09936">
    <ele>359.02</ele>
   </trkpt>
   <trkpt lat="38.68542" lon="-0.09942000000000001">
    <ele>359.02</ele>
   </trkpt>
   <trkpt lat="38.68533" lon="-0.09943">
    <ele>358.08</ele>
   </trkpt>
   <trkpt lat="38.6852" lon="-0.09936">
    <ele>356.82</ele>
   </trkpt>
   <trkpt lat="38.68502" lon="-0.09917000000000001">
    <ele>355.28000000000003</ele>
   </trkpt>
   <trkpt lat="38.684940000000005" lon="-0.09915">
    <ele>354.47</ele>
   </trkpt>
   <trkpt lat="38.68491" lon="-0.09917000000000001">
    <ele>353.61</ele>
   </trkpt>
   <trkpt lat="38.684870000000004" lon="-0.09921">
    <ele>353.61</ele>
   </trkpt>
   <trkpt lat="38.68452000149109" lon="-0.09980000287068429">
    <ele>347.99</ele>
   </trkpt>
   <trkpt lat="38.68417" lon="-0.10039000000000001">
    <ele>342.07000000000005</ele>
   </trkpt>
   <trkpt lat="38.683840000000004" lon="-0.10075">
    <ele>338.56</ele>
   </trkpt>
   <trkpt lat="38.683710000000005" lon="-0.10093">
    <ele>337.61</ele>
   </trkpt>
   <trkpt lat="38.683490000000006" lon="-0.10137">
    <ele>335.3</ele>
   </trkpt>
   <trkpt lat="38.68341" lon="-0.10161">
    <ele>334.04</ele>
   </trkpt>
   <trkpt lat="38.68341" lon="-0.10175000000000001">
    <ele>333.26</ele>
   </trkpt>
   <trkpt lat="38.683440000000004" lon="-0.10182000000000001">
    <ele>332.79</ele>
   </trkpt>
   <trkpt lat="38.6835" lon="-0.10189000000000001">
    <ele>331.71</ele>
   </trkpt>
   <trkpt lat="38.683580000000006" lon="-0.1019">
    <ele>331.71</ele>
   </trkpt>
   <trkpt lat="38.68365" lon="-0.10187">
    <ele>328.65000000000003</ele>
   </trkpt>
   <trkpt lat="38.683910000000004" lon="-0.10136">
    <ele>325.18</ele>
   </trkpt>
   <trkpt lat="38.68397" lon="-0.10126">
    <ele>324.18</ele>
   </trkpt>
   <trkpt lat="38.684090000000005" lon="-0.10118">
    <ele>323.21000000000004</ele>
   </trkpt>
   <trkpt lat="38.68415" lon="-0.10118">
    <ele>322.78000000000003</ele>
   </trkpt>
   <trkpt lat="38.684200000000004" lon="-0.10121000000000001">
    <ele>322.3</ele>
   </trkpt>
   <trkpt lat="38.68423000000001" lon="-0.10126">
    <ele>321.79</ele>
   </trkpt>
   <trkpt lat="38.68423000000001" lon="-0.10136">
    <ele>321.79</ele>
   </trkpt>
   <trkpt lat="38.68413" lon="-0.10211">
    <ele>314.1</ele>
   </trkpt>
   <trkpt lat="38.68408" lon="-0.10226">
    <ele>310.94000000000005</ele>
   </trkpt>
   <trkpt lat="38.68401" lon="-0.1024">
    <ele>310.94000000000005</ele>
   </trkpt>
   <trkpt lat="38.68372" lon="-0.10272">
    <ele>307.54</ele>
   </trkpt>
   <trkpt lat="38.683370000000004" lon="-0.10333">
    <ele>308.61000000000007</ele>
   </trkpt>
   <trkpt lat="38.683310000000006" lon="-0.10347">
    <ele>309.16</ele>
   </trkpt>
   <trkpt lat="38.6833" lon="-0.10358">
    <ele>309.62</ele>
   </trkpt>
   <trkpt lat="38.68336" lon="-0.10383">
    <ele>310.22</ele>
   </trkpt>
   <trkpt lat="38.68352" lon="-0.10418000000000001">
    <ele>310.81</ele>
   </trkpt>
   <trkpt lat="38.68352" lon="-0.10426">
    <ele>311.29</ele>
   </trkpt>
   <trkpt lat="38.6835" lon="-0.10436000000000001">
    <ele>311.29</ele>
   </trkpt>
   <trkpt lat="38.68345" lon="-0.10444">
    <ele>311.71000000000004</ele>
   </trkpt>
   <trkpt lat="38.68316" lon="-0.10479000000000001">
    <ele>312.94000000000005</ele>
   </trkpt>
   <trkpt lat="38.683110000000006" lon="-0.10494">
    <ele>312.94000000000005</ele>
   </trkpt>
   <trkpt lat="38.683110000000006" lon="-0.10504000000000001">
    <ele>312.83000000000004</ele>
   </trkpt>
   <trkpt lat="38.6833" lon="-0.10548">
    <ele>310.63</ele>
   </trkpt>
   <trkpt lat="38.68329000000001" lon="-0.10562">
    <ele>309.44000000000005</ele>
   </trkpt>
   <trkpt lat="38.68325" lon="-0.10573">
    <ele>309.44000000000005</ele>
   </trkpt>
   <trkpt lat="38.683130000000006" lon="-0.10594">
    <ele>308.07</ele>
   </trkpt>
   <trkpt lat="38.682930000000006" lon="-0.1062">
    <ele>306.55</ele>
   </trkpt>
   <trkpt lat="38.682880000000004" lon="-0.10633000000000001">
    <ele>305.63</ele>
   </trkpt>
   <trkpt lat="38.68289" lon="-0.10673">
    <ele>302.85</ele>
   </trkpt>
   <trkpt lat="38.68287" lon="-0.10688">
    <ele>302.85</ele>
   </trkpt>
   <trkpt lat="38.68283" lon="-0.10695">
    <ele>302.85</ele>
   </trkpt>
   <trkpt lat="38.68278" lon="-0.10701000000000001">
    <ele>302.85</ele>
   </trkpt>
   <trkpt lat="38.68253" lon="-0.10708000000000001">
    <ele>298.92</ele>
   </trkpt>
   <trkpt lat="38.68242" lon="-0.10716">
    <ele>298.29</ele>
   </trkpt>
   <trkpt lat="38.68236" lon="-0.10733000000000001">
    <ele>297.51</ele>
   </trkpt>
   <trkpt lat="38.68235000000001" lon="-0.10741">
    <ele>297.13</ele>
   </trkpt>
   <trkpt lat="38.682370000000006" lon="-0.10756">
    <ele>296.84000000000003</ele>
   </trkpt>
   <trkpt lat="38.682500000000005" lon="-0.10809">
    <ele>294.95000000000005</ele>
   </trkpt>
   <trkpt lat="38.682840000000006" lon="-0.10849">
    <ele>291.44000000000005</ele>
   </trkpt>
   <trkpt lat="38.682930000000006" lon="-0.10866">
    <ele>289.19</ele>
   </trkpt>
   <trkpt lat="38.683" lon="-0.10885">
    <ele>289.19</ele>
   </trkpt>
   <trkpt lat="38.68301" lon="-0.10894000000000001">
    <ele>289.19</ele>
   </trkpt>
   <trkpt lat="38.68294" lon="-0.10927">
    <ele>285.77000000000004</ele>
   </trkpt>
   <trkpt lat="38.68289" lon="-0.10963">
    <ele>284.88</ele>
   </trkpt>
   <trkpt lat="38.682790000000004" lon="-0.10988">
    <ele>283.64</ele>
   </trkpt>
   <trkpt lat="38.68272" lon="-0.10992">
    <ele>283.03</ele>
   </trkpt>
   <trkpt lat="38.682520000000004" lon="-0.10998000000000001">
    <ele>282.12</ele>
   </trkpt>
   <trkpt lat="38.68247" lon="-0.11002">
    <ele>282.12</ele>
   </trkpt>
   <trkpt lat="38.682410000000004" lon="-0.11027">
    <ele>280.24000000000007</ele>
   </trkpt>
   <trkpt lat="38.68234" lon="-0.11035">
    <ele>280.24000000000007</ele>
   </trkpt>
   <trkpt lat="38.682" lon="-0.11052000000000001">
    <ele>278.02000000000004</ele>
   </trkpt>
   <trkpt lat="38.681960000000004" lon="-0.11056">
    <ele>278.02000000000004</ele>
   </trkpt>
   <trkpt lat="38.68191" lon="-0.11066000000000001">
    <ele>277.23</ele>
   </trkpt>
   <trkpt lat="38.68191" lon="-0.11081">
    <ele>276.15</ele>
   </trkpt>
   <trkpt lat="38.682010000000005" lon="-0.11099">
    <ele>274.76</ele>
   </trkpt>
   <trkpt lat="38.682100000000005" lon="-0.11109000000000001">
    <ele>274.76</ele>
   </trkpt>
   <trkpt lat="38.682190000000006" lon="-0.11113">
    <ele>274.76</ele>
   </trkpt>
   <trkpt lat="38.682480000000005" lon="-0.11117">
    <ele>270.52000000000004</ele>
   </trkpt>
   <trkpt lat="38.68258" lon="-0.11124">
    <ele>270.52000000000004</ele>
   </trkpt>
   <trkpt lat="38.68289" lon="-0.11181">
    <ele>266.14000000000004</ele>
   </trkpt>
   <trkpt lat="38.683150000000005" lon="-0.11220000000000001">
    <ele>263.56</ele>
   </trkpt>
   <trkpt lat="38.68325" lon="-0.11227000000000001">
    <ele>262.74</ele>
   </trkpt>
   <trkpt lat="38.683600000000006" lon="-0.11239">
    <ele>260.62</ele>
   </trkpt>
   <trkpt lat="38.683730000000004" lon="-0.11246">
    <ele>260.01</ele>
   </trkpt>
   <trkpt lat="38.68376000000001" lon="-0.11256000000000001">
    <ele>259.57</ele>
   </trkpt>
   <trkpt lat="38.68374" lon="-0.11264">
    <ele>258.04</ele>
   </trkpt>
   <trkpt lat="38.683710000000005" lon="-0.11268">
    <ele>258.04</ele>
   </trkpt>
   <trkpt lat="38.683640000000004" lon="-0.11270000000000001">
    <ele>258.04</ele>
   </trkpt>
   <trkpt lat="38.68301000057536" lon="-0.11234999694856847">
    <ele>249.38000000000002</ele>
   </trkpt>
   <trkpt lat="38.68238" lon="-0.112">
    <ele>246.33</ele>
   </trkpt>
   <trkpt lat="38.68233" lon="-0.112">
    <ele>245.78000000000003</ele>
   </trkpt>
   <trkpt lat="38.68226000000001" lon="-0.11203">
    <ele>245.78000000000003</ele>
   </trkpt>
   <trkpt lat="38.68224" lon="-0.11213000000000001">
    <ele>243.89000000000001</ele>
   </trkpt>
   <trkpt lat="38.68227" lon="-0.11224">
    <ele>242.97000000000003</ele>
   </trkpt>
   <trkpt lat="38.682370000000006" lon="-0.11239">
    <ele>241.20000000000002</ele>
   </trkpt>
   <trkpt lat="38.68238" lon="-0.11249">
    <ele>241.20000000000002</ele>
   </trkpt>
   <trkpt lat="38.68235000000001" lon="-0.11256000000000001">
    <ele>241.20000000000002</ele>
   </trkpt>
   <trkpt lat="38.682120000000005" lon="-0.11274">
    <ele>237.20000000000002</ele>
   </trkpt>
   <trkpt lat="38.682010000000005" lon="-0.11278">
    <ele>235.94</ele>
   </trkpt>
   <trkpt lat="38.68188000000001" lon="-0.11271">
    <ele>235.34</ele>
   </trkpt>
   <trkpt lat="38.68177" lon="-0.1126">
    <ele>234.8</ele>
   </trkpt>
   <trkpt lat="38.681720000000006" lon="-0.11252000000000001">
    <ele>233.83</ele>
   </trkpt>
   <trkpt lat="38.681450000000005" lon="-0.11184000000000001">
    <ele>232.91</ele>
   </trkpt>
   <trkpt lat="38.681340000000006" lon="-0.11167">
    <ele>233.75</ele>
   </trkpt>
   <trkpt lat="38.68119" lon="-0.11153">
    <ele>235.10000000000002</ele>
   </trkpt>
   <trkpt lat="38.680960000000006" lon="-0.11141000000000001">
    <ele>238.37000000000003</ele>
   </trkpt>
   <trkpt lat="38.68081" lon="-0.11138">
    <ele>238.37000000000003</ele>
   </trkpt>
   <trkpt lat="38.680640000000004" lon="-0.11145000000000001">
    <ele>241.37000000000003</ele>
   </trkpt>
   <trkpt lat="38.680530000000005" lon="-0.11153">
    <ele>241.37000000000003</ele>
   </trkpt>
   <trkpt lat="38.68021000091846" lon="-0.11201000223997239">
    <ele>241.39000000000001</ele>
   </trkpt>
   <trkpt lat="38.67989" lon="-0.11249">
    <ele>235.75</ele>
   </trkpt>
   <trkpt lat="38.679550000000006" lon="-0.11288000000000001">
    <ele>231.06</ele>
   </trkpt>
   <trkpt lat="38.67951" lon="-0.11299000000000001">
    <ele>229.21</ele>
   </trkpt>
   <trkpt lat="38.679480000000005" lon="-0.11313000000000001">
    <ele>229.21</ele>
   </trkpt>
   <trkpt lat="38.67945" lon="-0.11346">
    <ele>226.71</ele>
   </trkpt>
   <trkpt lat="38.679410000000004" lon="-0.11356000000000001">
    <ele>225.74</ele>
   </trkpt>
   <trkpt lat="38.67934" lon="-0.11358000000000001">
    <ele>224.8</ele>
   </trkpt>
   <trkpt lat="38.67925" lon="-0.11359000000000001">
    <ele>225.54000000000002</ele>
   </trkpt>
   <trkpt lat="38.679050000000004" lon="-0.11353">
    <ele>224.23000000000002</ele>
   </trkpt>
   <trkpt lat="38.67864" lon="-0.11317">
    <ele>221.78</ele>
   </trkpt>
   <trkpt lat="38.678250000000006" lon="-0.11288000000000001">
    <ele>219.34</ele>
   </trkpt>
   <trkpt lat="38.6779" lon="-0.11278">
    <ele>218.95</ele>
   </trkpt>
   <trkpt lat="38.67765" lon="-0.1126">
    <ele>217.66000000000003</ele>
   </trkpt>
   <trkpt lat="38.67754" lon="-0.11245000000000001">
    <ele>216.91000000000003</ele>
   </trkpt>
   <trkpt lat="38.67745" lon="-0.11188000000000001">
    <ele>215.04</ele>
   </trkpt>
   <trkpt lat="38.677420000000005" lon="-0.11177000000000001">
    <ele>214.8</ele>
   </trkpt>
   <trkpt lat="38.677350000000004" lon="-0.11170000000000001">
    <ele>214.26</ele>
   </trkpt>
   <trkpt lat="38.677080000000004" lon="-0.11149">
    <ele>212.51</ele>
   </trkpt>
   <trkpt lat="38.676326669117756" lon="-0.11095332203591457">
    <ele>207.12000000000003</ele>
   </trkpt>
   <trkpt lat="38.67557333578307" lon="-0.1104166553684793">
    <ele>206.01000000000002</ele>
   </trkpt>
   <trkpt lat="38.674820000000004" lon="-0.10988">
    <ele>202.15000000000003</ele>
   </trkpt>
   <trkpt lat="38.674620000000004" lon="-0.10977">
    <ele>202.15000000000003</ele>
   </trkpt>
   <trkpt lat="38.67403" lon="-0.10952">
    <ele>197.69</ele>
   </trkpt>
   <trkpt lat="38.67367" lon="-0.10934">
    <ele>196.29000000000002</ele>
   </trkpt>
   <trkpt lat="38.672945004852814" lon="-0.10872248122399224">
    <ele>194.5</ele>
   </trkpt>
   <trkpt lat="38.67222000645879" lon="-0.10810497495585303">
    <ele>191.51000000000002</ele>
   </trkpt>
   <trkpt lat="38.67149500481808" lon="-0.10748748119506062">
    <ele>190.35000000000002</ele>
   </trkpt>
   <trkpt lat="38.670770000000005" lon="-0.10687">
    <ele>191.58</ele>
   </trkpt>
   <trkpt lat="38.6706" lon="-0.10673">
    <ele>191.78</ele>
   </trkpt>
   <trkpt lat="38.670260000000006" lon="-0.10655">
    <ele>191.53</ele>
   </trkpt>
   <trkpt lat="38.669525000139686" lon="-0.10631499755695342">
    <ele>188.81</ele>
   </trkpt>
   <trkpt lat="38.66879" lon="-0.10608000000000001">
    <ele>186.91000000000003</ele>
   </trkpt>
   <trkpt lat="38.668670000000006" lon="-0.10595">
    <ele>186.92</ele>
   </trkpt>
   <trkpt lat="38.668620000000004" lon="-0.10583000000000001">
    <ele>187.15</ele>
   </trkpt>
   <trkpt lat="38.668620000000004" lon="-0.10562">
    <ele>187.45</ele>
   </trkpt>
   <trkpt lat="38.66866" lon="-0.10534">
    <ele>188.68</ele>
   </trkpt>
   <trkpt lat="38.668620000000004" lon="-0.10515000000000001">
    <ele>189.35000000000002</ele>
   </trkpt>
   <trkpt lat="38.66854" lon="-0.10501">
    <ele>189.89</ele>
   </trkpt>
   <trkpt lat="38.66823" lon="-0.10486000000000001">
    <ele>192.85000000000002</ele>
   </trkpt>
   <trkpt lat="38.66807" lon="-0.1048">
    <ele>192.85000000000002</ele>
   </trkpt>
   <trkpt lat="38.667790000000004" lon="-0.10487">
    <ele>196.18</ele>
   </trkpt>
   <trkpt lat="38.66732000025217" lon="-0.10509500145940294">
    <ele>199.25</ele>
   </trkpt>
   <trkpt lat="38.666850000000004" lon="-0.10532000000000001">
    <ele>199.72</ele>
   </trkpt>
   <trkpt lat="38.66678" lon="-0.10541">
    <ele>198.33</ele>
   </trkpt>
   <trkpt lat="38.66667" lon="-0.10583000000000001">
    <ele>196.07000000000002</ele>
   </trkpt>
   <trkpt lat="38.66657" lon="-0.10594">
    <ele>195.38000000000002</ele>
   </trkpt>
   <trkpt lat="38.666450000000005" lon="-0.10594">
    <ele>193.77</ele>
   </trkpt>
   <trkpt lat="38.6661" lon="-0.10583000000000001">
    <ele>191.68</ele>
   </trkpt>
   <trkpt lat="38.66602" lon="-0.10583000000000001">
    <ele>191.68</ele>
   </trkpt>
   <trkpt lat="38.665690000000005" lon="-0.10597000000000001">
    <ele>188.04000000000002</ele>
   </trkpt>
   <trkpt lat="38.66563" lon="-0.10597000000000001">
    <ele>186.7</ele>
   </trkpt>
   <trkpt lat="38.66517" lon="-0.10576">
    <ele>182.41000000000003</ele>
   </trkpt>
   <trkpt lat="38.66479" lon="-0.10576">
    <ele>180.39000000000001</ele>
   </trkpt>
   <trkpt lat="38.664730000000006" lon="-0.1058">
    <ele>179.46</ele>
   </trkpt>
   <trkpt lat="38.664640000000006" lon="-0.10590000000000001">
    <ele>177.52</ele>
   </trkpt>
   <trkpt lat="38.66452" lon="-0.10615000000000001">
    <ele>175.73000000000002</ele>
   </trkpt>
   <trkpt lat="38.66445" lon="-0.10634">
    <ele>174.11</ele>
   </trkpt>
   <trkpt lat="38.66438" lon="-0.10665000000000001">
    <ele>172.70000000000002</ele>
   </trkpt>
   <trkpt lat="38.66427" lon="-0.10683000000000001">
    <ele>172.28</ele>
   </trkpt>
   <trkpt lat="38.664080000000006" lon="-0.10701000000000001">
    <ele>172.46</ele>
   </trkpt>
   <trkpt lat="38.664010000000005" lon="-0.10706">
    <ele>172.76000000000002</ele>
   </trkpt>
   <trkpt lat="38.663920000000005" lon="-0.10708000000000001">
    <ele>173.03</ele>
   </trkpt>
   <trkpt lat="38.663810000000005" lon="-0.10705">
    <ele>173.35</ele>
   </trkpt>
   <trkpt lat="38.66366" lon="-0.10695">
    <ele>174.09000000000003</ele>
   </trkpt>
   <trkpt lat="38.66358" lon="-0.10684">
    <ele>174.44</ele>
   </trkpt>
   <trkpt lat="38.663540000000005" lon="-0.10659">
    <ele>175.56000000000003</ele>
   </trkpt>
   <trkpt lat="38.66355" lon="-0.10605">
    <ele>176.68</ele>
   </trkpt>
   <trkpt lat="38.66353" lon="-0.10591">
    <ele>178.18</ele>
   </trkpt>
   <trkpt lat="38.66348" lon="-0.10579000000000001">
    <ele>178.75000000000003</ele>
   </trkpt>
   <trkpt lat="38.663410000000006" lon="-0.10566">
    <ele>178.75000000000003</ele>
   </trkpt>
   <trkpt lat="38.66308" lon="-0.10527">
    <ele>181.99</ele>
   </trkpt>
   <trkpt lat="38.66299" lon="-0.10515000000000001">
    <ele>183.36</ele>
   </trkpt>
   <trkpt lat="38.66284" lon="-0.1048">
    <ele>186.03000000000003</ele>
   </trkpt>
   <trkpt lat="38.66272" lon="-0.10465">
    <ele>186.03000000000003</ele>
   </trkpt>
   <trkpt lat="38.66259" lon="-0.10458">
    <ele>186.87</ele>
   </trkpt>
   <trkpt lat="38.662420000000004" lon="-0.10455">
    <ele>188.13000000000002</ele>
   </trkpt>
   <trkpt lat="38.662040000000005" lon="-0.10469">
    <ele>189.81</ele>
   </trkpt>
   <trkpt lat="38.66189" lon="-0.10469">
    <ele>190.87</ele>
   </trkpt>
   <trkpt lat="38.66179" lon="-0.10477">
    <ele>191.77</ele>
   </trkpt>
   <trkpt lat="38.66152" lon="-0.1052">
    <ele>195.19</ele>
   </trkpt>
   <trkpt lat="38.66129" lon="-0.10544">
    <ele>196.67000000000002</ele>
   </trkpt>
   <trkpt lat="38.661190000000005" lon="-0.10544">
    <ele>197.09</ele>
   </trkpt>
   <trkpt lat="38.66113" lon="-0.10537">
    <ele>197.25</ele>
   </trkpt>
   <trkpt lat="38.661030000000004" lon="-0.10501">
    <ele>198.54000000000002</ele>
   </trkpt>
   <trkpt lat="38.66076" lon="-0.10439000000000001">
    <ele>200.79000000000002</ele>
   </trkpt>
   <trkpt lat="38.66064" lon="-0.10429000000000001">
    <ele>200.78</ele>
   </trkpt>
   <trkpt lat="38.66051" lon="-0.10429000000000001">
    <ele>200.62</ele>
   </trkpt>
   <trkpt lat="38.660140000000006" lon="-0.10454000000000001">
    <ele>198.8</ele>
   </trkpt>
   <trkpt lat="38.65999" lon="-0.10460000000000001">
    <ele>197.70000000000002</ele>
   </trkpt>
   <trkpt lat="38.65955" lon="-0.10469">
    <ele>194.14000000000001</ele>
   </trkpt>
   <trkpt lat="38.65936000000001" lon="-0.10476">
    <ele>193.57000000000002</ele>
   </trkpt>
   <trkpt lat="38.65921" lon="-0.10490000000000001">
    <ele>191.70000000000002</ele>
   </trkpt>
   <trkpt lat="38.65903" lon="-0.10511000000000001">
    <ele>191.70000000000002</ele>
   </trkpt>
   <trkpt lat="38.65892" lon="-0.10516">
    <ele>189.48000000000002</ele>
   </trkpt>
   <trkpt lat="38.65881" lon="-0.10519">
    <ele>189.48000000000002</ele>
   </trkpt>
   <trkpt lat="38.6586" lon="-0.10515000000000001">
    <ele>188.60000000000002</ele>
   </trkpt>
   <trkpt lat="38.65847" lon="-0.10515000000000001">
    <ele>186.13000000000002</ele>
   </trkpt>
   <trkpt lat="38.65813" lon="-0.10527">
    <ele>183.78000000000003</ele>
   </trkpt>
   <trkpt lat="38.658030000000004" lon="-0.1053">
    <ele>183.78000000000003</ele>
   </trkpt>
   <trkpt lat="38.65796" lon="-0.1053">
    <ele>183.78000000000003</ele>
   </trkpt>
   <trkpt lat="38.65787" lon="-0.10526">
    <ele>183.05</ele>
   </trkpt>
   <trkpt lat="38.657610000000005" lon="-0.10502">
    <ele>182.02</ele>
   </trkpt>
   <trkpt lat="38.65749" lon="-0.10495000000000002">
    <ele>181.36</ele>
   </trkpt>
   <trkpt lat="38.657320000000006" lon="-0.10494">
    <ele>180.32</ele>
   </trkpt>
   <trkpt lat="38.65695" lon="-0.10501">
    <ele>179.13</ele>
   </trkpt>
   <trkpt lat="38.656850000000006" lon="-0.10504000000000001">
    <ele>178.54</ele>
   </trkpt>
   <trkpt lat="38.65675" lon="-0.10515000000000001">
    <ele>177.48000000000002</ele>
   </trkpt>
   <trkpt lat="38.65668" lon="-0.10533000000000001">
    <ele>177.08</ele>
   </trkpt>
   <trkpt lat="38.656530001566274" lon="-0.10594500146730783">
    <ele>175.12000000000003</ele>
   </trkpt>
   <trkpt lat="38.656380000000006" lon="-0.10656">
    <ele>174.36</ele>
   </trkpt>
   <trkpt lat="38.656310000000005" lon="-0.10673">
    <ele>174.70000000000002</ele>
   </trkpt>
   <trkpt lat="38.656240000000004" lon="-0.1068">
    <ele>174.96</ele>
   </trkpt>
   <trkpt lat="38.656110000000005" lon="-0.10688">
    <ele>175.45000000000002</ele>
   </trkpt>
   <trkpt lat="38.656000000000006" lon="-0.10688">
    <ele>175.45000000000002</ele>
   </trkpt>
   <trkpt lat="38.655530000000006" lon="-0.1068">
    <ele>178.08</ele>
   </trkpt>
   <trkpt lat="38.65532" lon="-0.10681">
    <ele>178.70000000000002</ele>
   </trkpt>
   <trkpt lat="38.65493" lon="-0.10688">
    <ele>180.96</ele>
   </trkpt>
   <trkpt lat="38.65444500010316" lon="-0.10700000080211026">
    <ele>182.28000000000003</ele>
   </trkpt>
   <trkpt lat="38.653960000000005" lon="-0.10712">
    <ele>182.69000000000003</ele>
   </trkpt>
   <trkpt lat="38.653710000000004" lon="-0.10731">
    <ele>182.21</ele>
   </trkpt>
   <trkpt lat="38.65359" lon="-0.10751000000000001">
    <ele>181.3</ele>
   </trkpt>
   <trkpt lat="38.65353" lon="-0.10773">
    <ele>180.94000000000003</ele>
   </trkpt>
   <trkpt lat="38.65346" lon="-0.10807000000000001">
    <ele>179.66</ele>
   </trkpt>
   <trkpt lat="38.653325003158336" lon="-0.10893500180070823">
    <ele>174.44</ele>
   </trkpt>
   <trkpt lat="38.65319" lon="-0.10980000000000001">
    <ele>172.06</ele>
   </trkpt>
   <trkpt lat="38.65321" lon="-0.11002">
    <ele>172.06</ele>
   </trkpt>
   <trkpt lat="38.653240000000004" lon="-0.11013">
    <ele>171.59</ele>
   </trkpt>
   <trkpt lat="38.65332" lon="-0.11023000000000001">
    <ele>171.59</ele>
   </trkpt>
   <trkpt lat="38.65385500102252" lon="-0.11071499639706635">
    <ele>169.42000000000002</ele>
   </trkpt>
   <trkpt lat="38.65439000000001" lon="-0.11120000000000001">
    <ele>169.08</ele>
   </trkpt>
   <trkpt lat="38.654430000000005" lon="-0.11128">
    <ele>169.27</ele>
   </trkpt>
   <trkpt lat="38.65444" lon="-0.11138">
    <ele>169.27</ele>
   </trkpt>
   <trkpt lat="38.654430000000005" lon="-0.11144000000000001">
    <ele>169.09</ele>
   </trkpt>
   <trkpt lat="38.65431" lon="-0.11167">
    <ele>168.94</ele>
   </trkpt>
   <trkpt lat="38.65424" lon="-0.11174">
    <ele>168.91</ele>
   </trkpt>
   <trkpt lat="38.65417" lon="-0.11177000000000001">
    <ele>168.92000000000002</ele>
   </trkpt>
   <trkpt lat="38.65404" lon="-0.11177000000000001">
    <ele>169.08</ele>
   </trkpt>
   <trkpt lat="38.653400000000005" lon="-0.11157">
    <ele>170.83</ele>
   </trkpt>
   <trkpt lat="38.65288" lon="-0.11145000000000001">
    <ele>173.5</ele>
   </trkpt>
   <trkpt lat="38.65276" lon="-0.11146">
    <ele>173.5</ele>
   </trkpt>
   <trkpt lat="38.65269" lon="-0.11152000000000001">
    <ele>174.38</ele>
   </trkpt>
   <trkpt lat="38.6526" lon="-0.11163000000000001">
    <ele>174.77</ele>
   </trkpt>
   <trkpt lat="38.652530000000006" lon="-0.11178">
    <ele>174.77</ele>
   </trkpt>
   <trkpt lat="38.652440000000006" lon="-0.11199">
    <ele>176.3</ele>
   </trkpt>
   <trkpt lat="38.652420000000006" lon="-0.11213000000000001">
    <ele>176.79</ele>
   </trkpt>
   <trkpt lat="38.65243" lon="-0.11231000000000001">
    <ele>178.09000000000003</ele>
   </trkpt>
   <trkpt lat="38.652550000000005" lon="-0.11288000000000001">
    <ele>180.28000000000003</ele>
   </trkpt>
   <trkpt lat="38.652570000000004" lon="-0.11303">
    <ele>180.28000000000003</ele>
   </trkpt>
   <trkpt lat="38.65256" lon="-0.11317">
    <ele>180.28000000000003</ele>
   </trkpt>
   <trkpt lat="38.652530000000006" lon="-0.11328">
    <ele>182.6</ele>
   </trkpt>
   <trkpt lat="38.65247" lon="-0.11336">
    <ele>182.6</ele>
   </trkpt>
   <trkpt lat="38.65190500196695" lon="-0.11403500529062549">
    <ele>187.00000000000003</ele>
   </trkpt>
   <trkpt lat="38.651340000000005" lon="-0.11471">
    <ele>192.01000000000002</ele>
   </trkpt>
   <trkpt lat="38.651210000000006" lon="-0.11489">
    <ele>192.01000000000002</ele>
   </trkpt>
   <trkpt lat="38.65115" lon="-0.11503000000000001">
    <ele>194.33</ele>
   </trkpt>
   <trkpt lat="38.65093" lon="-0.11596000000000001">
    <ele>197.14000000000001</ele>
   </trkpt>
   <trkpt lat="38.65091" lon="-0.11627000000000001">
    <ele>199.31</ele>
   </trkpt>
   <trkpt lat="38.65096000184893" lon="-0.11692499984066648">
    <ele>203.32000000000002</ele>
   </trkpt>
   <trkpt lat="38.65101000000001" lon="-0.11758">
    <ele>206.97</ele>
   </trkpt>
   <trkpt lat="38.650965001750095" lon="-0.11822500070266943">
    <ele>210.54</ele>
   </trkpt>
   <trkpt lat="38.650920000000006" lon="-0.11887">
    <ele>212.56000000000003</ele>
   </trkpt>
   <trkpt lat="38.65095" lon="-0.11911000000000001">
    <ele>214.09000000000003</ele>
   </trkpt>
   <trkpt lat="38.65102" lon="-0.1193">
    <ele>215.26</ele>
   </trkpt>
   <trkpt lat="38.65113" lon="-0.11950000000000001">
    <ele>217.09</ele>
   </trkpt>
   <trkpt lat="38.65135" lon="-0.11983">
    <ele>220.93</ele>
   </trkpt>
   <trkpt lat="38.6514" lon="-0.11995000000000001">
    <ele>220.93</ele>
   </trkpt>
   <trkpt lat="38.65137" lon="-0.12021000000000001">
    <ele>223.02</ele>
   </trkpt>
   <trkpt lat="38.65131" lon="-0.12033">
    <ele>223.71</ele>
   </trkpt>
   <trkpt lat="38.651180000000004" lon="-0.12046000000000001">
    <ele>224.98000000000002</ele>
   </trkpt>
   <trkpt lat="38.651" lon="-0.12050000000000001">
    <ele>226.71</ele>
   </trkpt>
   <trkpt lat="38.650650000000006" lon="-0.12053000000000001">
    <ele>228.61</ele>
   </trkpt>
   <trkpt lat="38.650470000000006" lon="-0.12062">
    <ele>230.12</ele>
   </trkpt>
   <trkpt lat="38.650360000000006" lon="-0.12074000000000001">
    <ele>230.12</ele>
   </trkpt>
   <trkpt lat="38.650000000000006" lon="-0.12158000000000001">
    <ele>231.46</ele>
   </trkpt>
   <trkpt lat="38.64996" lon="-0.12164000000000001">
    <ele>231.75</ele>
   </trkpt>
   <trkpt lat="38.64996" lon="-0.12170000000000002">
    <ele>232.02000000000004</ele>
   </trkpt>
   <trkpt lat="38.649910000000006" lon="-0.1218">
    <ele>232.08</ele>
   </trkpt>
   <trkpt lat="38.64981" lon="-0.1218">
    <ele>231.54000000000002</ele>
   </trkpt>
   <trkpt lat="38.64978" lon="-0.12177">
    <ele>231.54000000000002</ele>
   </trkpt>
   <trkpt lat="38.649620000000006" lon="-0.12174000000000001">
    <ele>228.96</ele>
   </trkpt>
   <trkpt lat="38.648806666707806" lon="-0.12166333159189469">
    <ele>222.62</ele>
   </trkpt>
   <trkpt lat="38.64799333336558" lon="-0.1215866649244194">
    <ele>216.87</ele>
   </trkpt>
   <trkpt lat="38.647180000000006" lon="-0.12151">
    <ele>210.65</ele>
   </trkpt>
   <trkpt lat="38.647000000000006" lon="-0.12147000000000001">
    <ele>210.18</ele>
   </trkpt>
   <trkpt lat="38.64631500039862" lon="-0.12129999513189786">
    <ele>204.56</ele>
   </trkpt>
   <trkpt lat="38.6456300005512" lon="-0.1211299935141842">
    <ele>199.85000000000002</ele>
   </trkpt>
   <trkpt lat="38.64494500045776" lon="-0.12095999514671843">
    <ele>193.09</ele>
   </trkpt>
   <trkpt lat="38.64426" lon="-0.12079000000000001">
    <ele>189.14</ele>
   </trkpt>
   <trkpt lat="38.644020000000005" lon="-0.12061000000000001">
    <ele>187.24</ele>
   </trkpt>
   <trkpt lat="38.643890000000006" lon="-0.12044">
    <ele>186.25000000000003</ele>
   </trkpt>
   <trkpt lat="38.6435750014925" lon="-0.11986999769280422">
    <ele>183.02</ele>
   </trkpt>
   <trkpt lat="38.643260000000005" lon="-0.1193">
    <ele>180.00000000000003</ele>
   </trkpt>
   <trkpt lat="38.643170000000005" lon="-0.11918000000000001">
    <ele>180.00000000000003</ele>
   </trkpt>
   <trkpt lat="38.64293" lon="-0.11893000000000001">
    <ele>178.66</ele>
   </trkpt>
   <trkpt lat="38.642810000000004" lon="-0.11882000000000001">
    <ele>177.57</ele>
   </trkpt>
   <trkpt lat="38.642680000000006" lon="-0.11875000000000001">
    <ele>177.57</ele>
   </trkpt>
   <trkpt lat="38.64255" lon="-0.11872">
    <ele>176.62000000000003</ele>
   </trkpt>
   <trkpt lat="38.642300000000006" lon="-0.11868000000000001">
    <ele>175.35</ele>
   </trkpt>
   <trkpt lat="38.64208" lon="-0.11872">
    <ele>172.66</ele>
   </trkpt>
   <trkpt lat="38.64181000000001" lon="-0.11879">
    <ele>172.66</ele>
   </trkpt>
   <trkpt lat="38.64121666714535" lon="-0.11902000379732348">
    <ele>168.25</ele>
   </trkpt>
   <trkpt lat="38.640623333840374" lon="-0.11925000378628335">
    <ele>165.34</ele>
   </trkpt>
   <trkpt lat="38.64003" lon="-0.11948">
    <ele>161.69</ele>
   </trkpt>
   <trkpt lat="38.639610000000005" lon="-0.11958">
    <ele>159.47</ele>
   </trkpt>
   <trkpt lat="38.63881999996651" lon="-0.11955999977866488">
    <ele>154.08</ele>
   </trkpt>
   <trkpt lat="38.63803" lon="-0.11954000000000001">
    <ele>147.32</ele>
   </trkpt>
   <trkpt lat="38.637820000000005" lon="-0.11950000000000001">
    <ele>147.32</ele>
   </trkpt>
   <trkpt lat="38.63758" lon="-0.1194">
    <ele>144.14000000000001</ele>
   </trkpt>
   <trkpt lat="38.63685000064228" lon="-0.11903999637835139">
    <ele>138.8</ele>
   </trkpt>
   <trkpt lat="38.636120000000005" lon="-0.11868000000000001">
    <ele>135.49</ele>
   </trkpt>
   <trkpt lat="38.63595" lon="-0.11865">
    <ele>135.24</ele>
   </trkpt>
   <trkpt lat="38.635810000000006" lon="-0.11865">
    <ele>135.22</ele>
   </trkpt>
   <trkpt lat="38.63573" lon="-0.11868000000000001">
    <ele>135.25</ele>
   </trkpt>
   <trkpt lat="38.635600000000004" lon="-0.11878000000000001">
    <ele>135.35</ele>
   </trkpt>
   <trkpt lat="38.63506500145915" lon="-0.11934500411067457">
    <ele>135.29000000000002</ele>
   </trkpt>
   <trkpt lat="38.634530000000005" lon="-0.11991000000000002">
    <ele>136.79000000000002</ele>
   </trkpt>
   <trkpt lat="38.63427" lon="-0.12022000000000001">
    <ele>138.52</ele>
   </trkpt>
   <trkpt lat="38.63414" lon="-0.12040000000000001">
    <ele>139.81</ele>
   </trkpt>
   <trkpt lat="38.63407" lon="-0.12054000000000001">
    <ele>140.58</ele>
   </trkpt>
   <trkpt lat="38.634" lon="-0.12076">
    <ele>143.62000000000003</ele>
   </trkpt>
   <trkpt lat="38.63382" lon="-0.12165000000000001">
    <ele>148.87</ele>
   </trkpt>
   <trkpt lat="38.63365" lon="-0.12206000000000002">
    <ele>150.16000000000003</ele>
   </trkpt>
   <trkpt lat="38.63344" lon="-0.12248">
    <ele>153.76</ele>
   </trkpt>
   <trkpt lat="38.633140000000004" lon="-0.12291">
    <ele>157.42</ele>
   </trkpt>
   <trkpt lat="38.63297" lon="-0.12311000000000001">
    <ele>157.42</ele>
   </trkpt>
   <trkpt lat="38.63273" lon="-0.12333000000000001">
    <ele>159.44000000000003</ele>
   </trkpt>
   <trkpt lat="38.632580000000004" lon="-0.12341">
    <ele>159.44000000000003</ele>
   </trkpt>
   <trkpt lat="38.63243000000001" lon="-0.12344000000000001">
    <ele>162.82000000000002</ele>
   </trkpt>
   <trkpt lat="38.632270000000005" lon="-0.12344000000000001">
    <ele>162.82000000000002</ele>
   </trkpt>
   <trkpt lat="38.63196000000001" lon="-0.12338">
    <ele>166.37</ele>
   </trkpt>
   <trkpt lat="38.63143" lon="-0.12316">
    <ele>168.44</ele>
   </trkpt>
   <trkpt lat="38.63127" lon="-0.12312000000000001">
    <ele>172.76000000000002</ele>
   </trkpt>
   <trkpt lat="38.63087" lon="-0.12305">
    <ele>174.51000000000002</ele>
   </trkpt>
   <trkpt lat="38.63074" lon="-0.12304000000000001">
    <ele>174.51000000000002</ele>
   </trkpt>
   <trkpt lat="38.630074999894305" lon="-0.12304500004717193">
    <ele>179.27</ele>
   </trkpt>
   <trkpt lat="38.62941" lon="-0.12305">
    <ele>179.99</ele>
   </trkpt>
   <trkpt lat="38.629020000000004" lon="-0.12316">
    <ele>180.1</ele>
   </trkpt>
   <trkpt lat="38.6287" lon="-0.12341">
    <ele>179.89000000000001</ele>
   </trkpt>
   <trkpt lat="38.62857" lon="-0.12353000000000001">
    <ele>179.89000000000001</ele>
   </trkpt>
   <trkpt lat="38.628195001095285" lon="-0.12404000268319663">
    <ele>178.66</ele>
   </trkpt>
   <trkpt lat="38.62782" lon="-0.12455000000000001">
    <ele>177.95000000000002</ele>
   </trkpt>
   <trkpt lat="38.62769" lon="-0.12480000000000001">
    <ele>177.65</ele>
   </trkpt>
   <trkpt lat="38.627610000000004" lon="-0.12511">
    <ele>177.64000000000001</ele>
   </trkpt>
   <trkpt lat="38.627590000000005" lon="-0.12542">
    <ele>177.89000000000001</ele>
   </trkpt>
   <trkpt lat="38.62762500151871" lon="-0.12601499991421627">
    <ele>179.00000000000003</ele>
   </trkpt>
   <trkpt lat="38.627660000000006" lon="-0.12661">
    <ele>181.29</ele>
   </trkpt>
   <trkpt lat="38.62762" lon="-0.12695">
    <ele>182.04</ele>
   </trkpt>
   <trkpt lat="38.627460000000006" lon="-0.12734">
    <ele>183.2</ele>
   </trkpt>
   <trkpt lat="38.62714500112123" lon="-0.12786500239266657">
    <ele>185.50000000000003</ele>
   </trkpt>
   <trkpt lat="38.626830000000005" lon="-0.12839">
    <ele>189.95000000000002</ele>
   </trkpt>
   <trkpt lat="38.626740000000005" lon="-0.12855">
    <ele>189.95000000000002</ele>
   </trkpt>
   <trkpt lat="38.62666" lon="-0.12874000000000002">
    <ele>191.06</ele>
   </trkpt>
   <trkpt lat="38.62659" lon="-0.12903">
    <ele>192.25</ele>
   </trkpt>
   <trkpt lat="38.62643500432971" lon="-0.130040002258878">
    <ele>198.42000000000002</ele>
   </trkpt>
   <trkpt lat="38.62628" lon="-0.13105">
    <ele>203.99</ele>
   </trkpt>
   <trkpt lat="38.626250000000006" lon="-0.13116">
    <ele>204.44</ele>
   </trkpt>
   <trkpt lat="38.626090000000005" lon="-0.13152">
    <ele>205.68000000000004</ele>
   </trkpt>
   <trkpt lat="38.625890000000005" lon="-0.13175">
    <ele>206.01000000000002</ele>
   </trkpt>
   <trkpt lat="38.62565" lon="-0.13186">
    <ele>206.11</ele>
   </trkpt>
   <trkpt lat="38.6255" lon="-0.13186">
    <ele>206.22</ele>
   </trkpt>
   <trkpt lat="38.62501" lon="-0.13186">
    <ele>207.97</ele>
   </trkpt>
   <trkpt lat="38.624396666645794" lon="-0.13182333270419114">
    <ele>210.68</ele>
   </trkpt>
   <trkpt lat="38.62378333328014" lon="-0.13178666603560066">
    <ele>214.61</ele>
   </trkpt>
   <trkpt lat="38.62317" lon="-0.13175">
    <ele>217.91000000000003</ele>
   </trkpt>
   <trkpt lat="38.623070000000006" lon="-0.13177">
    <ele>218.75000000000003</ele>
   </trkpt>
   <trkpt lat="38.622960000000006" lon="-0.13184">
    <ele>218.75000000000003</ele>
   </trkpt>
   <trkpt lat="38.622890000000005" lon="-0.132">
    <ele>220.24</ele>
   </trkpt>
   <trkpt lat="38.622870000000006" lon="-0.13211">
    <ele>220.78000000000003</ele>
   </trkpt>
   <trkpt lat="38.62288" lon="-0.13225">
    <ele>221.38000000000002</ele>
   </trkpt>
   <trkpt lat="38.62286" lon="-0.1323">
    <ele>221.38000000000002</ele>
   </trkpt>
   <trkpt lat="38.622800000000005" lon="-0.13235000000000002">
    <ele>221.47000000000003</ele>
   </trkpt>
   <trkpt lat="38.62276000000001" lon="-0.13236">
    <ele>221.59</ele>
   </trkpt>
   <trkpt lat="38.62272" lon="-0.13244">
    <ele>221.59</ele>
   </trkpt>
   <trkpt lat="38.6227" lon="-0.13255">
    <ele>221.59</ele>
   </trkpt>
   <trkpt lat="38.622710000000005" lon="-0.13285000000000002">
    <ele>221.59</ele>
   </trkpt>
   <trkpt lat="38.6227" lon="-0.13255">
    <ele>221.59</ele>
   </trkpt>
   <trkpt lat="38.62268" lon="-0.13252">
    <ele>221.34</ele>
   </trkpt>
   <trkpt lat="38.62268" lon="-0.13231">
    <ele>221.11</ele>
   </trkpt>
   <trkpt lat="38.62265" lon="-0.13222">
    <ele>221.11</ele>
   </trkpt>
   <trkpt lat="38.62268" lon="-0.13211">
    <ele>220.69000000000003</ele>
   </trkpt>
   <trkpt lat="38.62274" lon="-0.13206">
    <ele>220.69000000000003</ele>
   </trkpt>
   <trkpt lat="38.622820000000004" lon="-0.13208">
    <ele>220.69000000000003</ele>
   </trkpt>
   <trkpt lat="38.622870000000006" lon="-0.13215000000000002">
    <ele>220.24</ele>
   </trkpt>
   <trkpt lat="38.6229" lon="-0.13238">
    <ele>222.37</ele>
   </trkpt>
   <trkpt lat="38.62303" lon="-0.13257000000000002">
    <ele>222.84</ele>
   </trkpt>
   <trkpt lat="38.623580000000004" lon="-0.13288">
    <ele>225.14000000000001</ele>
   </trkpt>
   <trkpt lat="38.62395" lon="-0.13325">
    <ele>228.16000000000003</ele>
   </trkpt>
   <trkpt lat="38.624100000000006" lon="-0.13349">
    <ele>229.65</ele>
   </trkpt>
   <trkpt lat="38.624210000000005" lon="-0.13368000000000002">
    <ele>231.81</ele>
   </trkpt>
   <trkpt lat="38.62447" lon="-0.13435">
    <ele>234.91</ele>
   </trkpt>
   <trkpt lat="38.62464000000001" lon="-0.13486">
    <ele>236.65000000000003</ele>
   </trkpt>
   <trkpt lat="38.62487" lon="-0.13528">
    <ele>237.58</ele>
   </trkpt>
   <trkpt lat="38.62525" lon="-0.13567">
    <ele>238.63</ele>
   </trkpt>
   <trkpt lat="38.625460000000004" lon="-0.13586">
    <ele>238.91</ele>
   </trkpt>
   <trkpt lat="38.62559" lon="-0.13601000000000002">
    <ele>238.92000000000002</ele>
   </trkpt>
   <trkpt lat="38.625913337693056" lon="-0.13672666017720048">
    <ele>238.69</ele>
   </trkpt>
   <trkpt lat="38.62623667101451" lon="-0.13744332681747637">
    <ele>240.81000000000003</ele>
   </trkpt>
   <trkpt lat="38.626560000000005" lon="-0.13816">
    <ele>243.83</ele>
   </trkpt>
   <trkpt lat="38.62691" lon="-0.13885">
    <ele>246.93</ele>
   </trkpt>
   <trkpt lat="38.627210000000005" lon="-0.13952">
    <ele>253.01000000000002</ele>
   </trkpt>
   <trkpt lat="38.62731" lon="-0.1398">
    <ele>254.36</ele>
   </trkpt>
   <trkpt lat="38.62742" lon="-0.13999">
    <ele>255.22</ele>
   </trkpt>
   <trkpt lat="38.62751" lon="-0.14013">
    <ele>255.53000000000003</ele>
   </trkpt>
   <trkpt lat="38.62812666845264" lon="-0.14059332533244467">
    <ele>258.37000000000006</ele>
   </trkpt>
   <trkpt lat="38.62874333507804" lon="-0.1410566586346608">
    <ele>261.52000000000004</ele>
   </trkpt>
   <trkpt lat="38.629360000000005" lon="-0.14152">
    <ele>261.83</ele>
   </trkpt>
   <trkpt lat="38.629920000000006" lon="-0.14199">
    <ele>260.40000000000003</ele>
   </trkpt>
   <trkpt lat="38.63045" lon="-0.14247">
    <ele>259.04</ele>
   </trkpt>
   <trkpt lat="38.63098500032309" lon="-0.14272499811919967">
    <ele>259.07</ele>
   </trkpt>
   <trkpt lat="38.63152" lon="-0.14298000000000002">
    <ele>259.78000000000003</ele>
   </trkpt>
   <trkpt lat="38.631910000000005" lon="-0.14327">
    <ele>260.3</ele>
   </trkpt>
   <trkpt lat="38.632180000000005" lon="-0.14352">
    <ele>260.94</ele>
   </trkpt>
   <trkpt lat="38.63266" lon="-0.14418">
    <ele>262.49</ele>
   </trkpt>
   <trkpt lat="38.63275" lon="-0.14438">
    <ele>262.86</ele>
   </trkpt>
   <trkpt lat="38.63279" lon="-0.14465">
    <ele>264.35</ele>
   </trkpt>
   <trkpt lat="38.63277" lon="-0.14479">
    <ele>264.35</ele>
   </trkpt>
   <trkpt lat="38.632650000000005" lon="-0.14507">
    <ele>266.47</ele>
   </trkpt>
   <trkpt lat="38.63243000000001" lon="-0.14535">
    <ele>269.16</ele>
   </trkpt>
   <trkpt lat="38.63203" lon="-0.14572000000000002">
    <ele>273.42</ele>
   </trkpt>
   <trkpt lat="38.63161" lon="-0.14621">
    <ele>280.86</ele>
   </trkpt>
   <trkpt lat="38.631130000000006" lon="-0.14682">
    <ele>284.67</ele>
   </trkpt>
   <trkpt lat="38.63065" lon="-0.14729">
    <ele>291.16</ele>
   </trkpt>
   <trkpt lat="38.63055000000001" lon="-0.14742000000000002">
    <ele>292.56000000000006</ele>
   </trkpt>
   <trkpt lat="38.63051" lon="-0.14754">
    <ele>293.06000000000006</ele>
   </trkpt>
   <trkpt lat="38.630500000000005" lon="-0.14761000000000002">
    <ele>293.06000000000006</ele>
   </trkpt>
   <trkpt lat="38.63055000000001" lon="-0.14768">
    <ele>293.33000000000004</ele>
   </trkpt>
   <trkpt lat="38.6306" lon="-0.14805000000000001">
    <ele>293.93</ele>
   </trkpt>
   <trkpt lat="38.630660000000006" lon="-0.1482">
    <ele>293.93</ele>
   </trkpt>
   <trkpt lat="38.630750000000006" lon="-0.14837">
    <ele>294.13</ele>
   </trkpt>
   <trkpt lat="38.6313466718714" lon="-0.14915332027063993">
    <ele>291.72</ele>
   </trkpt>
   <trkpt lat="38.631943338519896" lon="-0.14993665357990169">
    <ele>287.3</ele>
   </trkpt>
   <trkpt lat="38.632540000000006" lon="-0.15072000000000002">
    <ele>282.99</ele>
   </trkpt>
   <trkpt lat="38.63291" lon="-0.15115">
    <ele>283.64</ele>
   </trkpt>
   <trkpt lat="38.63324" lon="-0.15148">
    <ele>284.92</ele>
   </trkpt>
   <trkpt lat="38.63366500045943" lon="-0.15179999812064457">
    <ele>285.90999999999997</ele>
   </trkpt>
   <trkpt lat="38.63409" lon="-0.15212">
    <ele>286.45000000000005</ele>
   </trkpt>
   <trkpt lat="38.63454" lon="-0.15251">
    <ele>286.61</ele>
   </trkpt>
   <trkpt lat="38.634820000000005" lon="-0.15287">
    <ele>287.21000000000004</ele>
   </trkpt>
   <trkpt lat="38.635316671341855" lon="-0.15360998976625825">
    <ele>289.06000000000006</ele>
   </trkpt>
   <trkpt lat="38.63581333802253" lon="-0.1543499897869703">
    <ele>293.78000000000003</ele>
   </trkpt>
   <trkpt lat="38.63631" lon="-0.15509">
    <ele>294.91</ele>
   </trkpt>
   <trkpt lat="38.636390000000006" lon="-0.1552">
    <ele>294.55</ele>
   </trkpt>
   <trkpt lat="38.636520000000004" lon="-0.15531">
    <ele>294.43</ele>
   </trkpt>
   <trkpt lat="38.63698" lon="-0.15553">
    <ele>294.28000000000003</ele>
   </trkpt>
   <trkpt lat="38.637130000000006" lon="-0.15551">
    <ele>294.18</ele>
   </trkpt>
   <trkpt lat="38.63740000000001" lon="-0.15542">
    <ele>295.44000000000005</ele>
   </trkpt>
   <trkpt lat="38.638110000000005" lon="-0.15512">
    <ele>302.76000000000005</ele>
   </trkpt>
   <trkpt lat="38.6383" lon="-0.15509">
    <ele>304.15000000000003</ele>
   </trkpt>
   <trkpt lat="38.63837" lon="-0.15509">
    <ele>305.01</ele>
   </trkpt>
   <trkpt lat="38.6385" lon="-0.15514">
    <ele>306.26000000000005</ele>
   </trkpt>
   <trkpt lat="38.638600000000004" lon="-0.15525">
    <ele>307.44000000000005</ele>
   </trkpt>
   <trkpt lat="38.6387" lon="-0.15545">
    <ele>308.57</ele>
   </trkpt>
   <trkpt lat="38.638740000000006" lon="-0.15559">
    <ele>310.39</ele>
   </trkpt>
   <trkpt lat="38.638740000000006" lon="-0.15572000000000003">
    <ele>310.39</ele>
   </trkpt>
   <trkpt lat="38.63871" lon="-0.15572000000000003">
    <ele>310.44000000000005</ele>
   </trkpt>
   <trkpt lat="38.638690000000004" lon="-0.15587">
    <ele>310.86</ele>
   </trkpt>
   <trkpt lat="38.638650000000005" lon="-0.156">
    <ele>311.58000000000004</ele>
   </trkpt>
   <trkpt lat="38.63859" lon="-0.15609">
    <ele>311.83000000000004</ele>
   </trkpt>
   <trkpt lat="38.638470000000005" lon="-0.15623">
    <ele>312.03000000000003</ele>
   </trkpt>
   <trkpt lat="38.638180000000006" lon="-0.15634">
    <ele>312.53000000000003</ele>
   </trkpt>
   <trkpt lat="38.637640000000005" lon="-0.15645">
    <ele>314.75</ele>
   </trkpt>
   <trkpt lat="38.63747" lon="-0.1565">
    <ele>316.58000000000004</ele>
   </trkpt>
   <trkpt lat="38.63734" lon="-0.15664">
    <ele>317.85</ele>
   </trkpt>
   <trkpt lat="38.637240000000006" lon="-0.15692">
    <ele>321.51</ele>
   </trkpt>
   <trkpt lat="38.637240000000006" lon="-0.15706">
    <ele>321.51</ele>
   </trkpt>
   <trkpt lat="38.63727" lon="-0.15724000000000002">
    <ele>324.38</ele>
   </trkpt>
   <trkpt lat="38.63739" lon="-0.15745">
    <ele>327.46000000000004</ele>
   </trkpt>
   <trkpt lat="38.637530000000005" lon="-0.15759">
    <ele>329.70000000000005</ele>
   </trkpt>
   <trkpt lat="38.63812000226344" lon="-0.1580124895550786">
    <ele>334.77</ele>
   </trkpt>
   <trkpt lat="38.63871000300743" lon="-0.15843498606573134">
    <ele>339.54</ele>
   </trkpt>
   <trkpt lat="38.6393000022319" lon="-0.15885748953220166">
    <ele>348.64</ele>
   </trkpt>
   <trkpt lat="38.63989" lon="-0.15928">
    <ele>355.35</ele>
   </trkpt>
   <trkpt lat="38.6402" lon="-0.15956">
    <ele>357.12000000000006</ele>
   </trkpt>
   <trkpt lat="38.640370000000004" lon="-0.15975">
    <ele>358.99</ele>
   </trkpt>
   <trkpt lat="38.64056" lon="-0.16008">
    <ele>361.56000000000006</ele>
   </trkpt>
   <trkpt lat="38.640710000000006" lon="-0.16039">
    <ele>364.08</ele>
   </trkpt>
   <trkpt lat="38.640910000000005" lon="-0.16092">
    <ele>368.71000000000004</ele>
   </trkpt>
   <trkpt lat="38.641070000000006" lon="-0.16125">
    <ele>366.92</ele>
   </trkpt>
   <trkpt lat="38.64152" lon="-0.162">
    <ele>375.77000000000004</ele>
   </trkpt>
   <trkpt lat="38.64166" lon="-0.16219">
    <ele>379.18</ele>
   </trkpt>
   <trkpt lat="38.641850000000005" lon="-0.1625">
    <ele>382.27000000000004</ele>
   </trkpt>
   <trkpt lat="38.6422" lon="-0.16289">
    <ele>390.35</ele>
   </trkpt>
   <trkpt lat="38.642610000000005" lon="-0.16340000000000002">
    <ele>398.72</ele>
   </trkpt>
   <trkpt lat="38.64274" lon="-0.16365000000000002">
    <ele>400.49</ele>
   </trkpt>
   <trkpt lat="38.64291" lon="-0.16412000000000002">
    <ele>405.16</ele>
   </trkpt>
   <trkpt lat="38.643" lon="-0.16425">
    <ele>406.91</ele>
   </trkpt>
   <trkpt lat="38.643100000000004" lon="-0.16434">
    <ele>408.62</ele>
   </trkpt>
   <trkpt lat="38.64357000027013" lon="-0.16453499876599012">
    <ele>415.76</ele>
   </trkpt>
   <trkpt lat="38.644040000000004" lon="-0.16473000000000002">
    <ele>423.47</ele>
   </trkpt>
   <trkpt lat="38.644180000000006" lon="-0.16486">
    <ele>429.55</ele>
   </trkpt>
   <trkpt lat="38.64423" lon="-0.165">
    <ele>431.48</ele>
   </trkpt>
   <trkpt lat="38.64426" lon="-0.16516">
    <ele>435.06000000000006</ele>
   </trkpt>
   <trkpt lat="38.64424" lon="-0.1653">
    <ele>436.74</ele>
   </trkpt>
   <trkpt lat="38.64419" lon="-0.16544">
    <ele>439.19</ele>
   </trkpt>
   <trkpt lat="38.644090000000006" lon="-0.16556">
    <ele>440.75</ele>
   </trkpt>
   <trkpt lat="38.643930000000005" lon="-0.16561">
    <ele>444.14000000000004</ele>
   </trkpt>
   <trkpt lat="38.64367" lon="-0.16558">
    <ele>448.5</ele>
   </trkpt>
   <trkpt lat="38.64354" lon="-0.16559000000000001">
    <ele>448.5</ele>
   </trkpt>
   <trkpt lat="38.64345" lon="-0.16564">
    <ele>449.65000000000003</ele>
   </trkpt>
   <trkpt lat="38.64336" lon="-0.16575">
    <ele>451.5</ele>
   </trkpt>
   <trkpt lat="38.64331000000001" lon="-0.16586">
    <ele>454.70000000000005</ele>
   </trkpt>
   <trkpt lat="38.643280000000004" lon="-0.166">
    <ele>454.70000000000005</ele>
   </trkpt>
   <trkpt lat="38.64329" lon="-0.16614">
    <ele>455.88000000000005</ele>
   </trkpt>
   <trkpt lat="38.643330000000006" lon="-0.1663">
    <ele>457.47</ele>
   </trkpt>
   <trkpt lat="38.644000000000005" lon="-0.16692">
    <ele>463.93000000000006</ele>
   </trkpt>
   <trkpt lat="38.644220000000004" lon="-0.16725">
    <ele>469.62</ele>
   </trkpt>
   <trkpt lat="38.644380000000005" lon="-0.16766">
    <ele>475.7</ele>
   </trkpt>
   <trkpt lat="38.64444" lon="-0.16791">
    <ele>477.67</ele>
   </trkpt>
   <trkpt lat="38.64456500264722" lon="-0.16869999856381848">
    <ele>489.63000000000005</ele>
   </trkpt>
   <trkpt lat="38.644690000000004" lon="-0.16949">
    <ele>495.92</ele>
   </trkpt>
   <trkpt lat="38.64473" lon="-0.17">
    <ele>500.87</ele>
   </trkpt>
   <trkpt lat="38.644650000000006" lon="-0.17033">
    <ele>503.58000000000004</ele>
   </trkpt>
   <trkpt lat="38.644400000000005" lon="-0.17096">
    <ele>509.30000000000007</ele>
   </trkpt>
   <trkpt lat="38.644360000000006" lon="-0.17111">
    <ele>510.04</ele>
   </trkpt>
   <trkpt lat="38.64435" lon="-0.17133">
    <ele>511.69000000000005</ele>
   </trkpt>
   <trkpt lat="38.644380000000005" lon="-0.17155">
    <ele>512.83</ele>
   </trkpt>
   <trkpt lat="38.64444" lon="-0.17174">
    <ele>513.34</ele>
   </trkpt>
   <trkpt lat="38.64482" lon="-0.17271">
    <ele>516.78</ele>
   </trkpt>
   <trkpt lat="38.6449" lon="-0.17288">
    <ele>517.0</ele>
   </trkpt>
   <trkpt lat="38.64504" lon="-0.17307">
    <ele>517.93</ele>
   </trkpt>
   <trkpt lat="38.64517" lon="-0.17316">
    <ele>517.93</ele>
   </trkpt>
   <trkpt lat="38.64531" lon="-0.17322">
    <ele>518.4000000000001</ele>
   </trkpt>
   <trkpt lat="38.645520000000005" lon="-0.17327">
    <ele>519.4100000000001</ele>
   </trkpt>
   <trkpt lat="38.64607" lon="-0.17352">
    <ele>521.05</ele>
   </trkpt>
   <trkpt lat="38.64621" lon="-0.17355">
    <ele>522.33</ele>
   </trkpt>
   <trkpt lat="38.646370000000005" lon="-0.17353000000000002">
    <ele>523.87</ele>
   </trkpt>
   <trkpt lat="38.64656" lon="-0.17346">
    <ele>525.1600000000001</ele>
   </trkpt>
   <trkpt lat="38.647130000000004" lon="-0.17303000000000002">
    <ele>532.9200000000001</ele>
   </trkpt>
   <trkpt lat="38.647290000000005" lon="-0.17297">
    <ele>534.22</ele>
   </trkpt>
   <trkpt lat="38.64746" lon="-0.17296">
    <ele>535.82</ele>
   </trkpt>
   <trkpt lat="38.64761" lon="-0.17299">
    <ele>536.5500000000001</ele>
   </trkpt>
   <trkpt lat="38.647960000000005" lon="-0.1731">
    <ele>539.0500000000001</ele>
   </trkpt>
   <trkpt lat="38.64813" lon="-0.17313">
    <ele>539.4300000000001</ele>
   </trkpt>
   <trkpt lat="38.648300000000006" lon="-0.1731">
    <ele>540.32</ele>
   </trkpt>
   <trkpt lat="38.648430000000005" lon="-0.17305">
    <ele>541.2</ele>
   </trkpt>
   <trkpt lat="38.64867" lon="-0.17286">
    <ele>542.6500000000001</ele>
   </trkpt>
   <trkpt lat="38.64909" lon="-0.17246">
    <ele>547.08</ele>
   </trkpt>
   <trkpt lat="38.64938" lon="-0.17238">
    <ele>550.94</ele>
   </trkpt>
   <trkpt lat="38.649550000000005" lon="-0.17241">
    <ele>554.86</ele>
   </trkpt>
   <trkpt lat="38.64967" lon="-0.17246">
    <ele>554.86</ele>
   </trkpt>
   <trkpt lat="38.649890000000006" lon="-0.17267000000000002">
    <ele>558.4300000000001</ele>
   </trkpt>
   <trkpt lat="38.65032" lon="-0.17353000000000002">
    <ele>564.32</ele>
   </trkpt>
   <trkpt lat="38.650650000000006" lon="-0.1741">
    <ele>565.5100000000001</ele>
   </trkpt>
   <trkpt lat="38.650830000000006" lon="-0.17454">
    <ele>566.2700000000001</ele>
   </trkpt>
   <trkpt lat="38.651010002068176" lon="-0.17522499854863846">
    <ele>568.06</ele>
   </trkpt>
   <trkpt lat="38.65119" lon="-0.17591">
    <ele>566.67</ele>
   </trkpt>
   <trkpt lat="38.651360000000004" lon="-0.17629">
    <ele>569.1400000000001</ele>
   </trkpt>
   <trkpt lat="38.65158" lon="-0.17665">
    <ele>576.2</ele>
   </trkpt>
   <trkpt lat="38.651830000000004" lon="-0.17693">
    <ele>579.1400000000001</ele>
   </trkpt>
   <trkpt lat="38.652120000000004" lon="-0.17715">
    <ele>582.2700000000001</ele>
   </trkpt>
   <trkpt lat="38.652770000000004" lon="-0.17744000000000001">
    <ele>591.04</ele>
   </trkpt>
   <trkpt lat="38.65346" lon="-0.17767000000000002">
    <ele>602.31</ele>
   </trkpt>
   <trkpt lat="38.653620000000004" lon="-0.17777">
    <ele>603.8100000000001</ele>
   </trkpt>
   <trkpt lat="38.65391" lon="-0.17804">
    <ele>613.6400000000001</ele>
   </trkpt>
   <trkpt lat="38.654140000000005" lon="-0.17839000000000002">
    <ele>618.3100000000001</ele>
   </trkpt>
   <trkpt lat="38.65419" lon="-0.17848000000000003">
    <ele>615.0000000000001</ele>
   </trkpt>
   <trkpt lat="38.65426" lon="-0.17871">
    <ele>617.86</ele>
   </trkpt>
   <trkpt lat="38.65449000381568" lon="-0.1796549970246399">
    <ele>626.8600000000001</ele>
   </trkpt>
   <trkpt lat="38.654720000000005" lon="-0.1806">
    <ele>633.3700000000001</ele>
   </trkpt>
   <trkpt lat="38.654830000000004" lon="-0.18085">
    <ele>635.5200000000001</ele>
   </trkpt>
   <trkpt lat="38.65529" lon="-0.18159">
    <ele>640.6</ele>
   </trkpt>
   <trkpt lat="38.65545" lon="-0.18201">
    <ele>642.9800000000001</ele>
   </trkpt>
   <trkpt lat="38.65551000000001" lon="-0.18232">
    <ele>645.7900000000001</ele>
   </trkpt>
   <trkpt lat="38.65552" lon="-0.18274">
    <ele>648.02</ele>
   </trkpt>
   <trkpt lat="38.65536" lon="-0.18379">
    <ele>649.9</ele>
   </trkpt>
   <trkpt lat="38.65536" lon="-0.18421">
    <ele>649.6500000000001</ele>
   </trkpt>
   <trkpt lat="38.65542000000001" lon="-0.18451">
    <ele>649.54</ele>
   </trkpt>
   <trkpt lat="38.65565" lon="-0.18501">
    <ele>650.1800000000001</ele>
   </trkpt>
   <trkpt lat="38.655710000000006" lon="-0.1852">
    <ele>650.3800000000001</ele>
   </trkpt>
   <trkpt lat="38.65576" lon="-0.1854">
    <ele>650.4700000000001</ele>
   </trkpt>
   <trkpt lat="38.655840000000005" lon="-0.18609">
    <ele>650.87</ele>
   </trkpt>
   <trkpt lat="38.655930000000005" lon="-0.18642">
    <ele>652.05</ele>
   </trkpt>
   <trkpt lat="38.65601" lon="-0.18656">
    <ele>652.3500000000001</ele>
   </trkpt>
   <trkpt lat="38.6563200009095" lon="-0.18698999830881624">
    <ele>653.42</ele>
   </trkpt>
   <trkpt lat="38.65663" lon="-0.18742">
    <ele>652.08</ele>
   </trkpt>
   <trkpt lat="38.656740000000006" lon="-0.18765">
    <ele>650.42</ele>
   </trkpt>
   <trkpt lat="38.65681" lon="-0.18787">
    <ele>648.4700000000001</ele>
   </trkpt>
   <trkpt lat="38.65697667611368" lon="-0.18892332843812779">
    <ele>642.61</ele>
   </trkpt>
   <trkpt lat="38.65714334278145" lon="-0.18997666177832237">
    <ele>640.8900000000001</ele>
   </trkpt>
   <trkpt lat="38.65731" lon="-0.19103">
    <ele>644.4000000000001</ele>
   </trkpt>
   <trkpt lat="38.65753" lon="-0.1917">
    <ele>648.57</ele>
   </trkpt>
   <trkpt lat="38.65794" lon="-0.19237">
    <ele>656.94</ele>
   </trkpt>
   <trkpt lat="38.65805" lon="-0.19261">
    <ele>660.36</ele>
   </trkpt>
   <trkpt lat="38.658100000000005" lon="-0.19276000000000001">
    <ele>660.36</ele>
   </trkpt>
   <trkpt lat="38.65813" lon="-0.19293000000000002">
    <ele>663.33</ele>
   </trkpt>
   <trkpt lat="38.658120000000004" lon="-0.1932">
    <ele>667.2900000000001</ele>
   </trkpt>
   <trkpt lat="38.65802" lon="-0.19365000000000002">
    <ele>670.64</ele>
   </trkpt>
   <trkpt lat="38.658" lon="-0.19381">
    <ele>671.63</ele>
   </trkpt>
   <trkpt lat="38.65804" lon="-0.19406">
    <ele>673.8100000000001</ele>
   </trkpt>
   <trkpt lat="38.65811" lon="-0.19428">
    <ele>675.22</ele>
   </trkpt>
   <trkpt lat="38.658210000000004" lon="-0.19445">
    <ele>676.33</ele>
   </trkpt>
   <trkpt lat="38.65843" lon="-0.19466000000000003">
    <ele>677.34</ele>
   </trkpt>
   <trkpt lat="38.658590000000004" lon="-0.19472">
    <ele>677.62</ele>
   </trkpt>
   <trkpt lat="38.6589" lon="-0.19478">
    <ele>677.63</ele>
   </trkpt>
   <trkpt lat="38.659060000000004" lon="-0.19483">
    <ele>677.52</ele>
   </trkpt>
   <trkpt lat="38.659220000000005" lon="-0.19495">
    <ele>677.32</ele>
   </trkpt>
   <trkpt lat="38.65928" lon="-0.19506">
    <ele>677.1600000000001</ele>
   </trkpt>
   <trkpt lat="38.65934" lon="-0.19522">
    <ele>676.8400000000001</ele>
   </trkpt>
   <trkpt lat="38.659380000000006" lon="-0.19539">
    <ele>676.46</ele>
   </trkpt>
   <trkpt lat="38.65941" lon="-0.19614">
    <ele>675.0</ele>
   </trkpt>
   <trkpt lat="38.659560000000006" lon="-0.19669">
    <ele>675.1600000000001</ele>
   </trkpt>
   <trkpt lat="38.65977500198591" lon="-0.1973599982223933">
    <ele>675.07</ele>
   </trkpt>
   <trkpt lat="38.65999" lon="-0.19803">
    <ele>674.69</ele>
   </trkpt>
   <trkpt lat="38.660160000000005" lon="-0.19836">
    <ele>673.4100000000001</ele>
   </trkpt>
   <trkpt lat="38.66031" lon="-0.19858">
    <ele>671.2</ele>
   </trkpt>
   <trkpt lat="38.660540000000005" lon="-0.1988">
    <ele>668.57</ele>
   </trkpt>
   <trkpt lat="38.66085" lon="-0.19905">
    <ele>666.97</ele>
   </trkpt>
   <trkpt lat="38.66118" lon="-0.19922">
    <ele>666.78</ele>
   </trkpt>
   <trkpt lat="38.661640000000006" lon="-0.19928">
    <ele>669.24</ele>
   </trkpt>
   <trkpt lat="38.662400000000005" lon="-0.19920000000000002">
    <ele>672.63</ele>
   </trkpt>
   <trkpt lat="38.662600000000005" lon="-0.19922">
    <ele>672.42</ele>
   </trkpt>
   <trkpt lat="38.662710000000004" lon="-0.19927">
    <ele>671.7900000000001</ele>
   </trkpt>
   <trkpt lat="38.66295" lon="-0.19952">
    <ele>670.1600000000001</ele>
   </trkpt>
   <trkpt lat="38.663050000000005" lon="-0.19970000000000002">
    <ele>668.7</ele>
   </trkpt>
   <trkpt lat="38.663250000000005" lon="-0.20017000000000001">
    <ele>666.0400000000001</ele>
   </trkpt>
   <trkpt lat="38.663340000000005" lon="-0.20031000000000002">
    <ele>662.19</ele>
   </trkpt>
   <trkpt lat="38.66348" lon="-0.20044">
    <ele>662.19</ele>
   </trkpt>
   <trkpt lat="38.663720000000005" lon="-0.20061">
    <ele>658.46</ele>
   </trkpt>
   <trkpt lat="38.66431" lon="-0.20091">
    <ele>651.5600000000001</ele>
   </trkpt>
   <trkpt lat="38.664500000000004" lon="-0.20097">
    <ele>650.14</ele>
   </trkpt>
   <trkpt lat="38.66463" lon="-0.20095000000000002">
    <ele>648.6400000000001</ele>
   </trkpt>
   <trkpt lat="38.665130000000005" lon="-0.20081000000000002">
    <ele>640.71</ele>
   </trkpt>
   <trkpt lat="38.66543" lon="-0.20081000000000002">
    <ele>639.1800000000001</ele>
   </trkpt>
   <trkpt lat="38.665560000000006" lon="-0.20086">
    <ele>637.29</ele>
   </trkpt>
   <trkpt lat="38.66568" lon="-0.20094">
    <ele>637.29</ele>
   </trkpt>
   <trkpt lat="38.66615" lon="-0.20141">
    <ele>629.4300000000001</ele>
   </trkpt>
   <trkpt lat="38.666290000000004" lon="-0.20152">
    <ele>628.74</ele>
   </trkpt>
   <trkpt lat="38.66646" lon="-0.20161">
    <ele>627.33</ele>
   </trkpt>
   <trkpt lat="38.66687" lon="-0.20171000000000003">
    <ele>625.57</ele>
   </trkpt>
   <trkpt lat="38.667100000000005" lon="-0.20177">
    <ele>625.0600000000001</ele>
   </trkpt>
   <trkpt lat="38.66723" lon="-0.20183">
    <ele>625.0600000000001</ele>
   </trkpt>
   <trkpt lat="38.66763" lon="-0.20219">
    <ele>623.1000000000001</ele>
   </trkpt>
   <trkpt lat="38.667820000000006" lon="-0.20233">
    <ele>622.29</ele>
   </trkpt>
   <trkpt lat="38.668490000000006" lon="-0.20261">
    <ele>616.32</ele>
   </trkpt>
   <trkpt lat="38.66861" lon="-0.20269">
    <ele>614.8</ele>
   </trkpt>
   <trkpt lat="38.668730000000004" lon="-0.20283">
    <ele>613.5600000000001</ele>
   </trkpt>
   <trkpt lat="38.66883" lon="-0.20303000000000002">
    <ele>612.6700000000001</ele>
   </trkpt>
   <trkpt lat="38.669050000000006" lon="-0.20367000000000002">
    <ele>611.3000000000001</ele>
   </trkpt>
   <trkpt lat="38.669140000000006" lon="-0.20386">
    <ele>611.3000000000001</ele>
   </trkpt>
   <trkpt lat="38.669290000000004" lon="-0.20408">
    <ele>610.21</ele>
   </trkpt>
   <trkpt lat="38.669450000000005" lon="-0.20422">
    <ele>609.92</ele>
   </trkpt>
   <trkpt lat="38.669760000000004" lon="-0.20436">
    <ele>609.08</ele>
   </trkpt>
   <trkpt lat="38.670190000000005" lon="-0.20450000000000002">
    <ele>607.5200000000001</ele>
   </trkpt>
   <trkpt lat="38.670950000000005" lon="-0.20499">
    <ele>603.68</ele>
   </trkpt>
   <trkpt lat="38.67137" lon="-0.20513">
    <ele>602.34</ele>
   </trkpt>
   <trkpt lat="38.67174" lon="-0.2051">
    <ele>599.7</ele>
   </trkpt>
   <trkpt lat="38.671940000000006" lon="-0.20505">
    <ele>597.14</ele>
   </trkpt>
   <trkpt lat="38.67222" lon="-0.20488">
    <ele>595.0000000000001</ele>
   </trkpt>
   <trkpt lat="38.672610000000006" lon="-0.2046">
    <ele>593.7800000000001</ele>
   </trkpt>
   <trkpt lat="38.672670000000004" lon="-0.20453000000000002">
    <ele>593.7300000000001</ele>
   </trkpt>
   <trkpt lat="38.672880000000006" lon="-0.20436">
    <ele>593.7900000000001</ele>
   </trkpt>
   <trkpt lat="38.673010000000005" lon="-0.20413">
    <ele>594.2</ele>
   </trkpt>
   <trkpt lat="38.67307" lon="-0.20412000000000002">
    <ele>593.09</ele>
   </trkpt>
   <trkpt lat="38.67313" lon="-0.20413">
    <ele>593.09</ele>
   </trkpt>
   <trkpt lat="38.673170000000006" lon="-0.20416">
    <ele>593.09</ele>
   </trkpt>
   <trkpt lat="38.673190000000005" lon="-0.20422">
    <ele>593.09</ele>
   </trkpt>
   <trkpt lat="38.67322" lon="-0.20429000000000003">
    <ele>592.6700000000001</ele>
   </trkpt>
   <trkpt lat="38.67311" lon="-0.20499">
    <ele>587.44</ele>
   </trkpt>
   <trkpt lat="38.67313" lon="-0.20527">
    <ele>584.22</ele>
   </trkpt>
   <trkpt lat="38.67318" lon="-0.20546">
    <ele>582.1400000000001</ele>
   </trkpt>
   <trkpt lat="38.673320000000004" lon="-0.20573000000000002">
    <ele>580.1400000000001</ele>
   </trkpt>
   <trkpt lat="38.67376" lon="-0.2063">
    <ele>574.23</ele>
   </trkpt>
   <trkpt lat="38.673950000000005" lon="-0.20663">
    <ele>568.86</ele>
   </trkpt>
   <trkpt lat="38.6741" lon="-0.20696">
    <ele>567.1</ele>
   </trkpt>
   <trkpt lat="38.67416" lon="-0.20702">
    <ele>564.77</ele>
   </trkpt>
   <trkpt lat="38.674220000000005" lon="-0.20700000000000002">
    <ele>565.01</ele>
   </trkpt>
   <trkpt lat="38.674290000000006" lon="-0.20700000000000002">
    <ele>562.55</ele>
   </trkpt>
   <trkpt lat="38.67434" lon="-0.20705">
    <ele>562.55</ele>
   </trkpt>
   <trkpt lat="38.67437" lon="-0.20713">
    <ele>562.49</ele>
   </trkpt>
   <trkpt lat="38.67436" lon="-0.2073">
    <ele>562.49</ele>
   </trkpt>
   <trkpt lat="38.67439" lon="-0.2078">
    <ele>562.1400000000001</ele>
   </trkpt>
   <trkpt lat="38.674350000000004" lon="-0.2083">
    <ele>562.83</ele>
   </trkpt>
   <trkpt lat="38.67432" lon="-0.20855">
    <ele>563.0200000000001</ele>
   </trkpt>
   <trkpt lat="38.674290000000006" lon="-0.20866">
    <ele>563.0200000000001</ele>
   </trkpt>
   <trkpt lat="38.674240000000005" lon="-0.20874">
    <ele>563.0200000000001</ele>
   </trkpt>
   <trkpt lat="38.67405" lon="-0.20897000000000002">
    <ele>562.7</ele>
   </trkpt>
   <trkpt lat="38.67398" lon="-0.2091">
    <ele>562.64</ele>
   </trkpt>
   <trkpt lat="38.67396" lon="-0.20919000000000001">
    <ele>562.61</ele>
   </trkpt>
   <trkpt lat="38.67401" lon="-0.20938">
    <ele>562.62</ele>
   </trkpt>
   <trkpt lat="38.67407" lon="-0.20944000000000002">
    <ele>562.62</ele>
   </trkpt>
   <trkpt lat="38.674150000000004" lon="-0.20947000000000002">
    <ele>562.62</ele>
   </trkpt>
   <trkpt lat="38.674820000000004" lon="-0.20957">
    <ele>562.7</ele>
   </trkpt>
   <trkpt lat="38.67497" lon="-0.20957">
    <ele>562.71</ele>
   </trkpt>
   <trkpt lat="38.675250000000005" lon="-0.20949">
    <ele>563.55</ele>
   </trkpt>
   <trkpt lat="38.67537" lon="-0.20949">
    <ele>563.79</ele>
   </trkpt>
   <trkpt lat="38.67546" lon="-0.20952">
    <ele>564.08</ele>
   </trkpt>
   <trkpt lat="38.675720000000005" lon="-0.20977">
    <ele>564.71</ele>
   </trkpt>
   <trkpt lat="38.675830000000005" lon="-0.20997000000000002">
    <ele>565.0</ele>
   </trkpt>
   <trkpt lat="38.67588000000001" lon="-0.21013">
    <ele>565.0200000000001</ele>
   </trkpt>
   <trkpt lat="38.67605000315798" lon="-0.2109899980039167">
    <ele>564.0500000000001</ele>
   </trkpt>
   <trkpt lat="38.67622" lon="-0.21185">
    <ele>563.7</ele>
   </trkpt>
   <trkpt lat="38.67622" lon="-0.21199">
    <ele>563.4800000000001</ele>
   </trkpt>
   <trkpt lat="38.67615" lon="-0.21221">
    <ele>563.4200000000001</ele>
   </trkpt>
   <trkpt lat="38.676010000000005" lon="-0.2126">
    <ele>562.83</ele>
   </trkpt>
   <trkpt lat="38.67598" lon="-0.21277000000000001">
    <ele>562.72</ele>
   </trkpt>
   <trkpt lat="38.675990000000006" lon="-0.21287">
    <ele>562.61</ele>
   </trkpt>
   <trkpt lat="38.67602" lon="-0.21301">
    <ele>562.58</ele>
   </trkpt>
   <trkpt lat="38.676550000000006" lon="-0.2139">
    <ele>565.62</ele>
   </trkpt>
   <trkpt lat="38.676590000000004" lon="-0.21405000000000002">
    <ele>566.0500000000001</ele>
   </trkpt>
   <trkpt lat="38.676590000000004" lon="-0.21415">
    <ele>566.3900000000001</ele>
   </trkpt>
   <trkpt lat="38.67654" lon="-0.21432">
    <ele>566.76</ele>
   </trkpt>
   <trkpt lat="38.67625" lon="-0.21477000000000002">
    <ele>566.59</ele>
   </trkpt>
   <trkpt lat="38.676140000000004" lon="-0.21488000000000002">
    <ele>566.59</ele>
   </trkpt>
   <trkpt lat="38.67602" lon="-0.21496">
    <ele>566.11</ele>
   </trkpt>
   <trkpt lat="38.675630000000005" lon="-0.21496">
    <ele>565.09</ele>
   </trkpt>
   <trkpt lat="38.675470000000004" lon="-0.21501">
    <ele>564.47</ele>
   </trkpt>
   <trkpt lat="38.67535" lon="-0.2151">
    <ele>563.52</ele>
   </trkpt>
   <trkpt lat="38.675200000000004" lon="-0.21529">
    <ele>562.3900000000001</ele>
   </trkpt>
   <trkpt lat="38.6751" lon="-0.21537">
    <ele>561.6500000000001</ele>
   </trkpt>
   <trkpt lat="38.67484" lon="-0.21538000000000002">
    <ele>560.96</ele>
   </trkpt>
   <trkpt lat="38.67475" lon="-0.21543">
    <ele>560.9200000000001</ele>
   </trkpt>
   <trkpt lat="38.674670000000006" lon="-0.21554">
    <ele>560.8700000000001</ele>
   </trkpt>
   <trkpt lat="38.674620000000004" lon="-0.21593">
    <ele>561.5300000000001</ele>
   </trkpt>
   <trkpt lat="38.67456000000001" lon="-0.21610000000000001">
    <ele>561.88</ele>
   </trkpt>
   <trkpt lat="38.67448" lon="-0.21623">
    <ele>562.6300000000001</ele>
   </trkpt>
   <trkpt lat="38.67414" lon="-0.21663000000000002">
    <ele>565.01</ele>
   </trkpt>
   <trkpt lat="38.673500000000004" lon="-0.21712">
    <ele>571.59</ele>
   </trkpt>
   <trkpt lat="38.67343" lon="-0.2172">
    <ele>572.34</ele>
   </trkpt>
   <trkpt lat="38.6734" lon="-0.21729">
    <ele>573.0200000000001</ele>
   </trkpt>
   <trkpt lat="38.673370000000006" lon="-0.21748">
    <ele>573.88</ele>
   </trkpt>
   <trkpt lat="38.67338" lon="-0.2177">
    <ele>575.1500000000001</ele>
   </trkpt>
   <trkpt lat="38.6734" lon="-0.21779">
    <ele>575.73</ele>
   </trkpt>
   <trkpt lat="38.673480000000005" lon="-0.2179">
    <ele>576.9399999999999</ele>
   </trkpt>
   <trkpt lat="38.67363" lon="-0.21803000000000003">
    <ele>577.5</ele>
   </trkpt>
   <trkpt lat="38.67372" lon="-0.2182">
    <ele>578.0200000000001</ele>
   </trkpt>
   <trkpt lat="38.673930000000006" lon="-0.21909">
    <ele>581.74</ele>
   </trkpt>
   <trkpt lat="38.673970000000004" lon="-0.21934">
    <ele>583.13</ele>
   </trkpt>
   <trkpt lat="38.67405" lon="-0.22037">
    <ele>585.1700000000001</ele>
   </trkpt>
   <trkpt lat="38.674110000000006" lon="-0.22057000000000002">
    <ele>585.82</ele>
   </trkpt>
   <trkpt lat="38.67423" lon="-0.22079000000000001">
    <ele>586.8000000000001</ele>
   </trkpt>
   <trkpt lat="38.674820000000004" lon="-0.22143000000000002">
    <ele>589.3900000000001</ele>
   </trkpt>
   <trkpt lat="38.674980000000005" lon="-0.22156">
    <ele>590.09</ele>
   </trkpt>
   <trkpt lat="38.67517" lon="-0.22162">
    <ele>591.23</ele>
   </trkpt>
   <trkpt lat="38.675250000000005" lon="-0.2217">
    <ele>591.6300000000001</ele>
   </trkpt>
   <trkpt lat="38.675290000000004" lon="-0.22181">
    <ele>592.1500000000001</ele>
   </trkpt>
   <trkpt lat="38.675290000000004" lon="-0.22203">
    <ele>592.6</ele>
   </trkpt>
   <trkpt lat="38.67519" lon="-0.22314">
    <ele>593.1</ele>
   </trkpt>
   <trkpt lat="38.675210003924576" lon="-0.2240999997766102">
    <ele>593.6600000000001</ele>
   </trkpt>
   <trkpt lat="38.675230000000006" lon="-0.22506">
    <ele>594.6700000000001</ele>
   </trkpt>
   <trkpt lat="38.67519" lon="-0.22598000000000001">
    <ele>595.7</ele>
   </trkpt>
   <trkpt lat="38.67524" lon="-0.22612000000000002">
    <ele>595.83</ele>
   </trkpt>
   <trkpt lat="38.6753" lon="-0.2262">
    <ele>595.83</ele>
   </trkpt>
   <trkpt lat="38.6754" lon="-0.22623000000000001">
    <ele>596.11</ele>
   </trkpt>
   <trkpt lat="38.67548" lon="-0.22623000000000001">
    <ele>596.11</ele>
   </trkpt>
   <trkpt lat="38.675520000000006" lon="-0.2262">
    <ele>596.14</ele>
   </trkpt>
   <trkpt lat="38.675900000000006" lon="-0.22556">
    <ele>596.9000000000001</ele>
   </trkpt>
   <trkpt lat="38.676010000000005" lon="-0.22549000000000002">
    <ele>597.1899999999999</ele>
   </trkpt>
   <trkpt lat="38.676170000000006" lon="-0.22551000000000002">
    <ele>597.5100000000001</ele>
   </trkpt>
   <trkpt lat="38.676370000000006" lon="-0.22565000000000002">
    <ele>597.8</ele>
   </trkpt>
   <trkpt lat="38.67653" lon="-0.22581">
    <ele>598.59</ele>
   </trkpt>
   <trkpt lat="38.67663" lon="-0.22598000000000001">
    <ele>599.0300000000001</ele>
   </trkpt>
   <trkpt lat="38.67671" lon="-0.22617">
    <ele>600.2</ele>
   </trkpt>
   <trkpt lat="38.67683" lon="-0.22659">
    <ele>601.92</ele>
   </trkpt>
   <trkpt lat="38.676930000000006" lon="-0.22733000000000003">
    <ele>604.5500000000001</ele>
   </trkpt>
   <trkpt lat="38.67691000000001" lon="-0.22745">
    <ele>604.58</ele>
   </trkpt>
   <trkpt lat="38.676730000000006" lon="-0.22778">
    <ele>606.1</ele>
   </trkpt>
   <trkpt lat="38.67669" lon="-0.22789">
    <ele>606.44</ele>
   </trkpt>
   <trkpt lat="38.676610000000004" lon="-0.22839">
    <ele>610.2</ele>
   </trkpt>
   <trkpt lat="38.676480000000005" lon="-0.22861">
    <ele>611.08</ele>
   </trkpt>
   <trkpt lat="38.676080000000006" lon="-0.22894000000000003">
    <ele>614.04</ele>
   </trkpt>
   <trkpt lat="38.67598" lon="-0.229">
    <ele>614.6</ele>
   </trkpt>
   <trkpt lat="38.675610000000006" lon="-0.22911">
    <ele>616.84</ele>
   </trkpt>
   <trkpt lat="38.67550000000001" lon="-0.22920000000000001">
    <ele>617.6700000000001</ele>
   </trkpt>
   <trkpt lat="38.675430000000006" lon="-0.22928">
    <ele>617.6700000000001</ele>
   </trkpt>
   <trkpt lat="38.67533" lon="-0.22945000000000002">
    <ele>619.0000000000001</ele>
   </trkpt>
   <trkpt lat="38.675070000000005" lon="-0.23003">
    <ele>620.8100000000001</ele>
   </trkpt>
   <trkpt lat="38.67497" lon="-0.23044">
    <ele>620.5</ele>
   </trkpt>
   <trkpt lat="38.67497" lon="-0.23061">
    <ele>619.68</ele>
   </trkpt>
   <trkpt lat="38.67502" lon="-0.23072">
    <ele>619.68</ele>
   </trkpt>
   <trkpt lat="38.675160000000005" lon="-0.2308">
    <ele>619.2700000000001</ele>
   </trkpt>
   <trkpt lat="38.675680000061185" lon="-0.23093999897694614">
    <ele>619.75</ele>
   </trkpt>
   <trkpt lat="38.6762" lon="-0.23108">
    <ele>621.9800000000001</ele>
   </trkpt>
   <trkpt lat="38.67642" lon="-0.23118000000000002">
    <ele>623.47</ele>
   </trkpt>
   <trkpt lat="38.676500000000004" lon="-0.2313">
    <ele>624.0600000000001</ele>
   </trkpt>
   <trkpt lat="38.67671" lon="-0.23175">
    <ele>624.5200000000001</ele>
   </trkpt>
   <trkpt lat="38.67683" lon="-0.23183">
    <ele>624.32</ele>
   </trkpt>
   <trkpt lat="38.67698" lon="-0.23183">
    <ele>623.82</ele>
   </trkpt>
   <trkpt lat="38.67714" lon="-0.23167000000000001">
    <ele>623.62</ele>
   </trkpt>
   <trkpt lat="38.677600000000005" lon="-0.23075">
    <ele>623.8800000000001</ele>
   </trkpt>
   <trkpt lat="38.6777" lon="-0.23060000000000003">
    <ele>625.1300000000001</ele>
   </trkpt>
   <trkpt lat="38.67779" lon="-0.23058">
    <ele>625.2500000000001</ele>
   </trkpt>
   <trkpt lat="38.677910000000004" lon="-0.23061">
    <ele>625.12</ele>
   </trkpt>
   <trkpt lat="38.67833" lon="-0.23103">
    <ele>621.26</ele>
   </trkpt>
   <trkpt lat="38.67851" lon="-0.23117000000000001">
    <ele>620.59</ele>
   </trkpt>
   <trkpt lat="38.678670000000004" lon="-0.23125">
    <ele>620.6400000000001</ele>
   </trkpt>
   <trkpt lat="38.67951" lon="-0.2315">
    <ele>622.0</ele>
   </trkpt>
   <trkpt lat="38.67967" lon="-0.23164">
    <ele>622.56</ele>
   </trkpt>
   <trkpt lat="38.680020000000006" lon="-0.23205">
    <ele>622.6400000000001</ele>
   </trkpt>
   <trkpt lat="38.68009" lon="-0.23211">
    <ele>622.3000000000001</ele>
   </trkpt>
   <trkpt lat="38.68025" lon="-0.23216">
    <ele>622.19</ele>
   </trkpt>
   <trkpt lat="38.680420000000005" lon="-0.23216">
    <ele>622.4900000000001</ele>
   </trkpt>
   <trkpt lat="38.681180000000005" lon="-0.23208">
    <ele>623.0400000000001</ele>
   </trkpt>
   <trkpt lat="38.681360000000005" lon="-0.23203000000000001">
    <ele>621.34</ele>
   </trkpt>
   <trkpt lat="38.68146" lon="-0.23195000000000002">
    <ele>620.95</ele>
   </trkpt>
   <trkpt lat="38.681580000000004" lon="-0.23183">
    <ele>618.4300000000001</ele>
   </trkpt>
   <trkpt lat="38.68168" lon="-0.23167000000000001">
    <ele>617.69</ele>
   </trkpt>
   <trkpt lat="38.68179000000001" lon="-0.23157000000000003">
    <ele>616.65</ele>
   </trkpt>
   <trkpt lat="38.68186" lon="-0.23153">
    <ele>615.5400000000001</ele>
   </trkpt>
   <trkpt lat="38.681940000000004" lon="-0.23156000000000002">
    <ele>613.19</ele>
   </trkpt>
   <trkpt lat="38.68198" lon="-0.23164">
    <ele>613.19</ele>
   </trkpt>
   <trkpt lat="38.68204" lon="-0.23183">
    <ele>611.38</ele>
   </trkpt>
   <trkpt lat="38.68207" lon="-0.23220000000000002">
    <ele>610.23</ele>
   </trkpt>
   <trkpt lat="38.68207" lon="-0.23241">
    <ele>610.32</ele>
   </trkpt>
   <trkpt lat="38.682030000000005" lon="-0.23283">
    <ele>612.3000000000001</ele>
   </trkpt>
   <trkpt lat="38.682030000000005" lon="-0.23308">
    <ele>614.4000000000001</ele>
   </trkpt>
   <trkpt lat="38.682170000000006" lon="-0.2338">
    <ele>617.0500000000001</ele>
   </trkpt>
   <trkpt lat="38.682230000000004" lon="-0.23392000000000002">
    <ele>617.0500000000001</ele>
   </trkpt>
   <trkpt lat="38.68235000000001" lon="-0.23408">
    <ele>617.2700000000001</ele>
   </trkpt>
   <trkpt lat="38.682550000000006" lon="-0.23425">
    <ele>617.59</ele>
   </trkpt>
   <trkpt lat="38.68274" lon="-0.23436">
    <ele>617.4200000000001</ele>
   </trkpt>
   <trkpt lat="38.682900000000004" lon="-0.23439000000000002">
    <ele>616.8100000000001</ele>
   </trkpt>
   <trkpt lat="38.68303" lon="-0.23436">
    <ele>616.71</ele>
   </trkpt>
   <trkpt lat="38.683530000025826" lon="-0.23426000070207476">
    <ele>619.0400000000001</ele>
   </trkpt>
   <trkpt lat="38.68403" lon="-0.23416">
    <ele>620.19</ele>
   </trkpt>
   <trkpt lat="38.68422" lon="-0.23408">
    <ele>619.8800000000001</ele>
   </trkpt>
   <trkpt lat="38.68437" lon="-0.23397">
    <ele>619.2800000000001</ele>
   </trkpt>
   <trkpt lat="38.684650000000005" lon="-0.23367000000000002">
    <ele>619.3100000000001</ele>
   </trkpt>
   <trkpt lat="38.68475" lon="-0.23363000000000003">
    <ele>619.4900000000001</ele>
   </trkpt>
   <trkpt lat="38.68484" lon="-0.23366">
    <ele>619.4300000000001</ele>
   </trkpt>
   <trkpt lat="38.684920000000005" lon="-0.2338">
    <ele>619.0300000000001</ele>
   </trkpt>
   <trkpt lat="38.68513" lon="-0.23455">
    <ele>617.7600000000001</ele>
   </trkpt>
   <trkpt lat="38.68538" lon="-0.2353">
    <ele>619.92</ele>
   </trkpt>
   <trkpt lat="38.68547" lon="-0.23547">
    <ele>620.1800000000001</ele>
   </trkpt>
   <trkpt lat="38.685700000000004" lon="-0.23572">
    <ele>620.8800000000001</ele>
   </trkpt>
   <trkpt lat="38.68578" lon="-0.23588">
    <ele>620.95</ele>
   </trkpt>
   <trkpt lat="38.68578" lon="-0.23602">
    <ele>620.83</ele>
   </trkpt>
   <trkpt lat="38.68576" lon="-0.23608">
    <ele>620.56</ele>
   </trkpt>
   <trkpt lat="38.685280000000006" lon="-0.23691">
    <ele>618.72</ele>
   </trkpt>
   <trkpt lat="38.68527" lon="-0.23705">
    <ele>618.9300000000001</ele>
   </trkpt>
   <trkpt lat="38.685280000000006" lon="-0.23713">
    <ele>619.1800000000001</ele>
   </trkpt>
   <trkpt lat="38.685370000000006" lon="-0.2373">
    <ele>619.38</ele>
   </trkpt>
   <trkpt lat="38.68563" lon="-0.2376">
    <ele>620.5500000000001</ele>
   </trkpt>
   <trkpt lat="38.68569" lon="-0.23764000000000002">
    <ele>620.8100000000001</ele>
   </trkpt>
   <trkpt lat="38.68583" lon="-0.23769">
    <ele>620.89</ele>
   </trkpt>
   <trkpt lat="38.68619" lon="-0.23766">
    <ele>619.4900000000001</ele>
   </trkpt>
   <trkpt lat="38.686330000000005" lon="-0.23769">
    <ele>618.6400000000001</ele>
   </trkpt>
   <trkpt lat="38.686420000000005" lon="-0.23777">
    <ele>618.6400000000001</ele>
   </trkpt>
   <trkpt lat="38.68647" lon="-0.23794">
    <ele>616.8</ele>
   </trkpt>
   <trkpt lat="38.68654" lon="-0.23833000000000001">
    <ele>614.48</ele>
   </trkpt>
   <trkpt lat="38.686530000000005" lon="-0.23875000000000002">
    <ele>613.0000000000001</ele>
   </trkpt>
   <trkpt lat="38.68644500186416" lon="-0.2394150009366001">
    <ele>610.77</ele>
   </trkpt>
   <trkpt lat="38.68636" lon="-0.24008000000000002">
    <ele>609.87</ele>
   </trkpt>
   <trkpt lat="38.68636" lon="-0.24057">
    <ele>609.95</ele>
   </trkpt>
   <trkpt lat="38.686310000000006" lon="-0.24077">
    <ele>610.1</ele>
   </trkpt>
   <trkpt lat="38.68603" lon="-0.24105000000000001">
    <ele>610.8100000000001</ele>
   </trkpt>
   <trkpt lat="38.68591" lon="-0.24124">
    <ele>611.24</ele>
   </trkpt>
   <trkpt lat="38.68589" lon="-0.24141">
    <ele>611.57</ele>
   </trkpt>
   <trkpt lat="38.685950000000005" lon="-0.24174">
    <ele>612.5500000000001</ele>
   </trkpt>
   <trkpt lat="38.686080000000004" lon="-0.2421">
    <ele>614.0500000000001</ele>
   </trkpt>
   <trkpt lat="38.68619" lon="-0.24227">
    <ele>617.24</ele>
   </trkpt>
   <trkpt lat="38.68625" lon="-0.24232">
    <ele>617.24</ele>
   </trkpt>
   <trkpt lat="38.68641" lon="-0.24238">
    <ele>618.45</ele>
   </trkpt>
   <trkpt lat="38.686490000000006" lon="-0.24238">
    <ele>619.63</ele>
   </trkpt>
   <trkpt lat="38.686690000000006" lon="-0.24227">
    <ele>621.48</ele>
   </trkpt>
   <trkpt lat="38.686780000000006" lon="-0.24224">
    <ele>621.48</ele>
   </trkpt>
   <trkpt lat="38.68695" lon="-0.24224">
    <ele>623.57</ele>
   </trkpt>
   <trkpt lat="38.68732" lon="-0.24232">
    <ele>625.51</ele>
   </trkpt>
   <trkpt lat="38.687450000000005" lon="-0.24241000000000001">
    <ele>627.6400000000001</ele>
   </trkpt>
   <trkpt lat="38.687560000000005" lon="-0.24252">
    <ele>628.4200000000001</ele>
   </trkpt>
   <trkpt lat="38.68773" lon="-0.24296">
    <ele>630.9100000000001</ele>
   </trkpt>
   <trkpt lat="38.687810000000006" lon="-0.24327000000000001">
    <ele>634.27</ele>
   </trkpt>
   <trkpt lat="38.687810000000006" lon="-0.24354">
    <ele>636.14</ele>
   </trkpt>
   <trkpt lat="38.687760000000004" lon="-0.24371">
    <ele>636.14</ele>
   </trkpt>
   <trkpt lat="38.687670000000004" lon="-0.24382">
    <ele>637.8100000000001</ele>
   </trkpt>
   <trkpt lat="38.68726" lon="-0.24418">
    <ele>640.38</ele>
   </trkpt>
   <trkpt lat="38.68677500087731" lon="-0.24458500259584803">
    <ele>645.2</ele>
   </trkpt>
   <trkpt lat="38.68629" lon="-0.24499">
    <ele>649.22</ele>
   </trkpt>
   <trkpt lat="38.686110000000006" lon="-0.24527000000000002">
    <ele>651.82</ele>
   </trkpt>
   <trkpt lat="38.68603" lon="-0.24549">
    <ele>652.69</ele>
   </trkpt>
   <trkpt lat="38.686040000000006" lon="-0.2456">
    <ele>652.69</ele>
   </trkpt>
   <trkpt lat="38.68614" lon="-0.24574000000000001">
    <ele>653.36</ele>
   </trkpt>
   <trkpt lat="38.68638" lon="-0.24577000000000002">
    <ele>654.24</ele>
   </trkpt>
   <trkpt lat="38.68645" lon="-0.24582">
    <ele>654.24</ele>
   </trkpt>
   <trkpt lat="38.686510000000006" lon="-0.24588000000000002">
    <ele>654.24</ele>
   </trkpt>
   <trkpt lat="38.686870000000006" lon="-0.24682">
    <ele>658.7</ele>
   </trkpt>
   <trkpt lat="38.687200000000004" lon="-0.24774000000000002">
    <ele>663.97</ele>
   </trkpt>
   <trkpt lat="38.6875" lon="-0.24876">
    <ele>670.76</ele>
   </trkpt>
   <trkpt lat="38.68782" lon="-0.24946000000000002">
    <ele>673.24</ele>
   </trkpt>
   <trkpt lat="38.687830000000005" lon="-0.24957000000000001">
    <ele>673.5600000000001</ele>
   </trkpt>
   <trkpt lat="38.68779" lon="-0.24973">
    <ele>673.5600000000001</ele>
   </trkpt>
   <trkpt lat="38.687630000000006" lon="-0.25005">
    <ele>674.4100000000001</ele>
   </trkpt>
   <trkpt lat="38.68759" lon="-0.25023">
    <ele>674.63</ele>
   </trkpt>
   <trkpt lat="38.6876" lon="-0.25045">
    <ele>676.2</ele>
   </trkpt>
   <trkpt lat="38.687720000000006" lon="-0.25095">
    <ele>678.49</ele>
   </trkpt>
   <trkpt lat="38.687850000000005" lon="-0.25127">
    <ele>680.1400000000001</ele>
   </trkpt>
   <trkpt lat="38.688095000916974" lon="-0.25176999798683525">
    <ele>683.0</ele>
   </trkpt>
   <trkpt lat="38.688340000000004" lon="-0.25227">
    <ele>686.57</ele>
   </trkpt>
   <trkpt lat="38.688370000000006" lon="-0.25238">
    <ele>688.58</ele>
   </trkpt>
   <trkpt lat="38.688370000000006" lon="-0.25255">
    <ele>688.58</ele>
   </trkpt>
   <trkpt lat="38.688300000000005" lon="-0.25311">
    <ele>691.71</ele>
   </trkpt>
   <trkpt lat="38.68822" lon="-0.25344">
    <ele>692.4200000000001</ele>
   </trkpt>
   <trkpt lat="38.68791" lon="-0.2539">
    <ele>691.47</ele>
   </trkpt>
   <trkpt lat="38.68777" lon="-0.25426000000000004">
    <ele>690.9300000000001</ele>
   </trkpt>
   <trkpt lat="38.68769" lon="-0.25437000000000004">
    <ele>690.7500000000001</ele>
   </trkpt>
   <trkpt lat="38.68761000000001" lon="-0.2544">
    <ele>690.7500000000001</ele>
   </trkpt>
   <trkpt lat="38.68748" lon="-0.25454000000000004">
    <ele>690.79</ele>
   </trkpt>
   <trkpt lat="38.687430000000006" lon="-0.25461">
    <ele>690.9900000000001</ele>
   </trkpt>
   <trkpt lat="38.687340000000006" lon="-0.25483">
    <ele>691.4800000000001</ele>
   </trkpt>
   <trkpt lat="38.687270000000005" lon="-0.25528">
    <ele>693.4300000000001</ele>
   </trkpt>
   <trkpt lat="38.68722" lon="-0.25538">
    <ele>693.4300000000001</ele>
   </trkpt>
   <trkpt lat="38.686930000000004" lon="-0.25572">
    <ele>695.6800000000001</ele>
   </trkpt>
   <trkpt lat="38.6865" lon="-0.25617">
    <ele>699.5</ele>
   </trkpt>
   <trkpt lat="38.68621" lon="-0.2564">
    <ele>701.4200000000001</ele>
   </trkpt>
   <trkpt lat="38.686040000000006" lon="-0.25648000000000004">
    <ele>701.9200000000001</ele>
   </trkpt>
   <trkpt lat="38.68563" lon="-0.25649">
    <ele>702.9399999999999</ele>
   </trkpt>
   <trkpt lat="38.685500000000005" lon="-0.25651">
    <ele>703.38</ele>
   </trkpt>
   <trkpt lat="38.68538" lon="-0.25662">
    <ele>704.1</ele>
   </trkpt>
   <trkpt lat="38.685" lon="-0.25744">
    <ele>708.64</ele>
   </trkpt>
   <trkpt lat="38.684920000000005" lon="-0.25751">
    <ele>709.8199999999999</ele>
   </trkpt>
   <trkpt lat="38.68486" lon="-0.25755">
    <ele>709.8199999999999</ele>
   </trkpt>
   <trkpt lat="38.68457" lon="-0.25755">
    <ele>712.3000000000001</ele>
   </trkpt>
   <trkpt lat="38.68448" lon="-0.25761">
    <ele>712.7500000000001</ele>
   </trkpt>
   <trkpt lat="38.684430000000006" lon="-0.25773">
    <ele>712.9300000000001</ele>
   </trkpt>
   <trkpt lat="38.68442" lon="-0.25782">
    <ele>713.6</ele>
   </trkpt>
   <trkpt lat="38.68444" lon="-0.25788">
    <ele>713.6</ele>
   </trkpt>
   <trkpt lat="38.68478" lon="-0.25844">
    <ele>715.08</ele>
   </trkpt>
   <trkpt lat="38.684830000000005" lon="-0.2586">
    <ele>716.0300000000001</ele>
   </trkpt>
   <trkpt lat="38.68484" lon="-0.25942000000000004">
    <ele>717.7</ele>
   </trkpt>
   <trkpt lat="38.68478" lon="-0.25971">
    <ele>718.7600000000001</ele>
   </trkpt>
   <trkpt lat="38.68432000000001" lon="-0.26061">
    <ele>721.43</ele>
   </trkpt>
   <trkpt lat="38.68408" lon="-0.26095">
    <ele>722.92</ele>
   </trkpt>
   <trkpt lat="38.683890000000005" lon="-0.26120000000000004">
    <ele>724.01</ele>
   </trkpt>
   <trkpt lat="38.68376000000001" lon="-0.26132">
    <ele>724.7</ele>
   </trkpt>
   <trkpt lat="38.6837" lon="-0.26137000000000005">
    <ele>725.0000000000001</ele>
   </trkpt>
   <trkpt lat="38.683260000000004" lon="-0.26149">
    <ele>725.45</ele>
   </trkpt>
   <trkpt lat="38.683130000000006" lon="-0.26155">
    <ele>725.49</ele>
   </trkpt>
   <trkpt lat="38.68305" lon="-0.26165">
    <ele>725.7600000000001</ele>
   </trkpt>
   <trkpt lat="38.68289" lon="-0.26199">
    <ele>727.71</ele>
   </trkpt>
   <trkpt lat="38.68282000000001" lon="-0.2621">
    <ele>728.35</ele>
   </trkpt>
   <trkpt lat="38.68272" lon="-0.26215">
    <ele>729.07</ele>
   </trkpt>
   <trkpt lat="38.68235000000001" lon="-0.26209000000000005">
    <ele>731.99</ele>
   </trkpt>
   <trkpt lat="38.68215" lon="-0.2621">
    <ele>733.3700000000001</ele>
   </trkpt>
   <trkpt lat="38.682" lon="-0.26215">
    <ele>733.9300000000001</ele>
   </trkpt>
   <trkpt lat="38.68186" lon="-0.26227">
    <ele>734.1899999999999</ele>
   </trkpt>
   <trkpt lat="38.681700000000006" lon="-0.26264000000000004">
    <ele>734.25</ele>
   </trkpt>
   <trkpt lat="38.681560000000005" lon="-0.26304">
    <ele>733.8</ele>
   </trkpt>
   <trkpt lat="38.681560000000005" lon="-0.2631">
    <ele>733.8</ele>
   </trkpt>
   <trkpt lat="38.68164" lon="-0.26332">
    <ele>733.6600000000001</ele>
   </trkpt>
   <trkpt lat="38.68233" lon="-0.26401">
    <ele>734.0500000000001</ele>
   </trkpt>
   <trkpt lat="38.68272" lon="-0.26471">
    <ele>737.99</ele>
   </trkpt>
   <trkpt lat="38.6828" lon="-0.26525000000000004">
    <ele>739.97</ele>
   </trkpt>
   <trkpt lat="38.682860000000005" lon="-0.26543">
    <ele>742.29</ele>
   </trkpt>
   <trkpt lat="38.68328" lon="-0.26633">
    <ele>746.2700000000001</ele>
   </trkpt>
   <trkpt lat="38.683370000000004" lon="-0.26643">
    <ele>746.2700000000001</ele>
   </trkpt>
   <trkpt lat="38.68348" lon="-0.26648">
    <ele>750.38</ele>
   </trkpt>
   <trkpt lat="38.683580000000006" lon="-0.26643">
    <ele>750.38</ele>
   </trkpt>
   <trkpt lat="38.68395" lon="-0.26620000000000005">
    <ele>752.32</ele>
   </trkpt>
   <trkpt lat="38.68406" lon="-0.26615">
    <ele>753.2700000000001</ele>
   </trkpt>
   <trkpt lat="38.684140000000006" lon="-0.26617">
    <ele>754.1600000000001</ele>
   </trkpt>
   <trkpt lat="38.684450000000005" lon="-0.26656">
    <ele>755.73</ele>
   </trkpt>
   <trkpt lat="38.68448" lon="-0.26676">
    <ele>757.19</ele>
   </trkpt>
   <trkpt lat="38.68451" lon="-0.26746000000000003">
    <ele>758.14</ele>
   </trkpt>
   <trkpt lat="38.68484" lon="-0.26837">
    <ele>763.2700000000001</ele>
   </trkpt>
   <trkpt lat="38.684850000000004" lon="-0.26864000000000005">
    <ele>764.0</ele>
   </trkpt>
   <trkpt lat="38.68475" lon="-0.26964000000000005">
    <ele>767.4900000000001</ele>
   </trkpt>
   <trkpt lat="38.68473" lon="-0.26972">
    <ele>767.4900000000001</ele>
   </trkpt>
   <trkpt lat="38.68466" lon="-0.26987">
    <ele>768.6500000000001</ele>
   </trkpt>
   <trkpt lat="38.684340000000006" lon="-0.27037">
    <ele>771.5300000000001</ele>
   </trkpt>
   <trkpt lat="38.68432000000001" lon="-0.27052000000000004">
    <ele>771.5300000000001</ele>
   </trkpt>
   <trkpt lat="38.684360000000005" lon="-0.27093">
    <ele>773.5200000000001</ele>
   </trkpt>
   <trkpt lat="38.68439" lon="-0.27108000000000004">
    <ele>773.5200000000001</ele>
   </trkpt>
   <trkpt lat="38.684540000000005" lon="-0.27154">
    <ele>776.7</ele>
   </trkpt>
   <trkpt lat="38.6848" lon="-0.27219000000000004">
    <ele>778.88</ele>
   </trkpt>
   <trkpt lat="38.68488" lon="-0.27232">
    <ele>781.2</ele>
   </trkpt>
   <trkpt lat="38.68522" lon="-0.27275000000000005">
    <ele>782.73</ele>
   </trkpt>
   <trkpt lat="38.68536" lon="-0.27297000000000005">
    <ele>782.95</ele>
   </trkpt>
   <trkpt lat="38.685430000000004" lon="-0.27314000000000005">
    <ele>781.93</ele>
   </trkpt>
   <trkpt lat="38.685520000000004" lon="-0.27376">
    <ele>778.1300000000001</ele>
   </trkpt>
   <trkpt lat="38.6856" lon="-0.27405">
    <ele>774.85</ele>
   </trkpt>
   <trkpt lat="38.685840000000006" lon="-0.27459">
    <ele>771.0100000000001</ele>
   </trkpt>
   <trkpt lat="38.685900000000004" lon="-0.27469000000000005">
    <ele>770.4000000000001</ele>
   </trkpt>
   <trkpt lat="38.686020000000006" lon="-0.27480000000000004">
    <ele>769.84</ele>
   </trkpt>
   <trkpt lat="38.686110000000006" lon="-0.27491000000000004">
    <ele>769.0</ele>
   </trkpt>
   <trkpt lat="38.6863" lon="-0.27545000000000003">
    <ele>769.0600000000001</ele>
   </trkpt>
   <trkpt lat="38.68656" lon="-0.27635000000000004">
    <ele>773.5200000000001</ele>
   </trkpt>
   <trkpt lat="38.686580000000006" lon="-0.27654">
    <ele>774.3000000000001</ele>
   </trkpt>
   <trkpt lat="38.686550000000004" lon="-0.27674000000000004">
    <ele>775.0</ele>
   </trkpt>
   <trkpt lat="38.68612" lon="-0.2777">
    <ele>779.83</ele>
   </trkpt>
   <trkpt lat="38.6861" lon="-0.27780000000000005">
    <ele>779.83</ele>
   </trkpt>
   <trkpt lat="38.68609" lon="-0.27797000000000005">
    <ele>779.83</ele>
   </trkpt>
   <trkpt lat="38.68621" lon="-0.27859">
    <ele>783.3000000000001</ele>
   </trkpt>
   <trkpt lat="38.686280000000004" lon="-0.27947">
    <ele>787.4300000000001</ele>
   </trkpt>
   <trkpt lat="38.686240000000005" lon="-0.2797">
    <ele>789.59</ele>
   </trkpt>
   <trkpt lat="38.68616" lon="-0.27992">
    <ele>790.85</ele>
   </trkpt>
   <trkpt lat="38.686150000000005" lon="-0.28002000000000005">
    <ele>791.33</ele>
   </trkpt>
   <trkpt lat="38.68619" lon="-0.28014">
    <ele>791.71</ele>
   </trkpt>
   <trkpt lat="38.686310000000006" lon="-0.28031">
    <ele>792.5500000000001</ele>
   </trkpt>
   <trkpt lat="38.68674" lon="-0.28075">
    <ele>796.72</ele>
   </trkpt>
   <trkpt lat="38.68683" lon="-0.28099">
    <ele>797.7700000000001</ele>
   </trkpt>
   <trkpt lat="38.686840000000004" lon="-0.28119">
    <ele>798.95</ele>
   </trkpt>
   <trkpt lat="38.68674" lon="-0.28225">
    <ele>803.19</ele>
   </trkpt>
   <trkpt lat="38.68675" lon="-0.28242">
    <ele>803.19</ele>
   </trkpt>
   <trkpt lat="38.686800000000005" lon="-0.28259">
    <ele>803.19</ele>
   </trkpt>
   <trkpt lat="38.68712" lon="-0.2833">
    <ele>806.39</ele>
   </trkpt>
   <trkpt lat="38.68715" lon="-0.28343">
    <ele>806.8000000000001</ele>
   </trkpt>
   <trkpt lat="38.687180000000005" lon="-0.28386">
    <ele>807.88</ele>
   </trkpt>
   <trkpt lat="38.68717" lon="-0.28385000000000005">
    <ele>807.88</ele>
   </trkpt>
   <trkpt lat="38.68722" lon="-0.28397">
    <ele>807.88</ele>
   </trkpt>
   <trkpt lat="38.68777" lon="-0.28458">
    <ele>812.4</ele>
   </trkpt>
   <trkpt lat="38.687850000000005" lon="-0.28463000000000005">
    <ele>813.8000000000001</ele>
   </trkpt>
   <trkpt lat="38.688300000000005" lon="-0.28473000000000004">
    <ele>817.35</ele>
   </trkpt>
   <trkpt lat="38.6884" lon="-0.2848">
    <ele>818.12</ele>
   </trkpt>
   <trkpt lat="38.68847" lon="-0.28496000000000005">
    <ele>818.83</ele>
   </trkpt>
   <trkpt lat="38.68851" lon="-0.28512000000000004">
    <ele>820.85</ele>
   </trkpt>
   <trkpt lat="38.688590000000005" lon="-0.28569">
    <ele>823.7800000000001</ele>
   </trkpt>
   <trkpt lat="38.68864000000001" lon="-0.2858">
    <ele>823.7800000000001</ele>
   </trkpt>
   <trkpt lat="38.68876" lon="-0.28586">
    <ele>826.1700000000001</ele>
   </trkpt>
   <trkpt lat="38.689400000000006" lon="-0.28609">
    <ele>830.89</ele>
   </trkpt>
   <trkpt lat="38.689460000000004" lon="-0.28619">
    <ele>831.83</ele>
   </trkpt>
   <trkpt lat="38.689510000000006" lon="-0.28636">
    <ele>832.91</ele>
   </trkpt>
   <trkpt lat="38.68958000000001" lon="-0.28647">
    <ele>833.79</ele>
   </trkpt>
   <trkpt lat="38.69005000000001" lon="-0.28675">
    <ele>838.08</ele>
   </trkpt>
   <trkpt lat="38.690450000000006" lon="-0.28703">
    <ele>840.22</ele>
   </trkpt>
   <trkpt lat="38.6905" lon="-0.28715">
    <ele>841.1800000000001</ele>
   </trkpt>
   <trkpt lat="38.69051" lon="-0.28747">
    <ele>842.5300000000001</ele>
   </trkpt>
   <trkpt lat="38.690560000000005" lon="-0.28762000000000004">
    <ele>843.16</ele>
   </trkpt>
   <trkpt lat="38.6906" lon="-0.28768000000000005">
    <ele>844.1700000000001</ele>
   </trkpt>
   <trkpt lat="38.690780000000004" lon="-0.2878">
    <ele>846.0000000000001</ele>
   </trkpt>
   <trkpt lat="38.69102" lon="-0.28791">
    <ele>846.96</ele>
   </trkpt>
   <trkpt lat="38.691100000000006" lon="-0.28806000000000004">
    <ele>847.4800000000001</ele>
   </trkpt>
   <trkpt lat="38.69111" lon="-0.28824">
    <ele>848.7600000000001</ele>
   </trkpt>
   <trkpt lat="38.69116" lon="-0.28840000000000005">
    <ele>849.7500000000001</ele>
   </trkpt>
   <trkpt lat="38.69127" lon="-0.28852">
    <ele>849.7500000000001</ele>
   </trkpt>
   <trkpt lat="38.69154" lon="-0.28874">
    <ele>852.23</ele>
   </trkpt>
   <trkpt lat="38.69169" lon="-0.28884000000000004">
    <ele>853.2</ele>
   </trkpt>
   <trkpt lat="38.692260000000005" lon="-0.28892">
    <ele>856.07</ele>
   </trkpt>
   <trkpt lat="38.69245" lon="-0.28902">
    <ele>856.5500000000001</ele>
   </trkpt>
   <trkpt lat="38.692870000000006" lon="-0.28941">
    <ele>859.28</ele>
   </trkpt>
   <trkpt lat="38.69305000000001" lon="-0.28963">
    <ele>861.01</ele>
   </trkpt>
   <trkpt lat="38.693090000000005" lon="-0.28974">
    <ele>862.3900000000001</ele>
   </trkpt>
   <trkpt lat="38.69306" lon="-0.28998">
    <ele>862.04</ele>
   </trkpt>
   <trkpt lat="38.693090000000005" lon="-0.29014">
    <ele>863.7</ele>
   </trkpt>
   <trkpt lat="38.693130000000004" lon="-0.29024">
    <ele>863.7</ele>
   </trkpt>
   <trkpt lat="38.69324" lon="-0.29035">
    <ele>865.19</ele>
   </trkpt>
   <trkpt lat="38.693360000000006" lon="-0.29036">
    <ele>865.19</ele>
   </trkpt>
   <trkpt lat="38.69408000000001" lon="-0.29035">
    <ele>869.5</ele>
   </trkpt>
   <trkpt lat="38.69431" lon="-0.29035">
    <ele>871.58</ele>
   </trkpt>
   <trkpt lat="38.694900000000004" lon="-0.29058">
    <ele>876.2200000000001</ele>
   </trkpt>
   <trkpt lat="38.695440000000005" lon="-0.29069">
    <ele>879.82</ele>
   </trkpt>
   <trkpt lat="38.696160000000006" lon="-0.29037">
    <ele>884.41</ele>
   </trkpt>
   <trkpt lat="38.696290000000005" lon="-0.29037">
    <ele>885.0500000000001</ele>
   </trkpt>
   <trkpt lat="38.696630000000006" lon="-0.29047">
    <ele>886.5200000000001</ele>
   </trkpt>
   <trkpt lat="38.69671" lon="-0.29046000000000005">
    <ele>888.6400000000001</ele>
   </trkpt>
   <trkpt lat="38.69706" lon="-0.29018000000000005">
    <ele>890.08</ele>
   </trkpt>
   <trkpt lat="38.69765" lon="-0.28981">
    <ele>891.47</ele>
   </trkpt>
   <trkpt lat="38.6978" lon="-0.28959">
    <ele>892.35</ele>
   </trkpt>
   <trkpt lat="38.69792" lon="-0.28947">
    <ele>892.35</ele>
   </trkpt>
   <trkpt lat="38.698170000000005" lon="-0.28941">
    <ele>894.6</ele>
   </trkpt>
   <trkpt lat="38.698260000000005" lon="-0.28935">
    <ele>896.02</ele>
   </trkpt>
   <trkpt lat="38.69841" lon="-0.28919">
    <ele>896.5600000000001</ele>
   </trkpt>
   <trkpt lat="38.69847" lon="-0.28919">
    <ele>897.0600000000001</ele>
   </trkpt>
   <trkpt lat="38.698600000000006" lon="-0.2892">
    <ele>897.97</ele>
   </trkpt>
   <trkpt lat="38.698780000000006" lon="-0.28936">
    <ele>898.9800000000001</ele>
   </trkpt>
   <trkpt lat="38.69888" lon="-0.28941">
    <ele>898.9800000000001</ele>
   </trkpt>
   <trkpt lat="38.699040000000004" lon="-0.28945000000000004">
    <ele>900.3700000000001</ele>
   </trkpt>
   <trkpt lat="38.6991" lon="-0.28947">
    <ele>900.8900000000001</ele>
   </trkpt>
   <trkpt lat="38.699180000000005" lon="-0.28961000000000003">
    <ele>901.38</ele>
   </trkpt>
   <trkpt lat="38.69923" lon="-0.28995000000000004">
    <ele>903.39</ele>
   </trkpt>
   <trkpt lat="38.699290000000005" lon="-0.29008">
    <ele>904.34</ele>
   </trkpt>
   <trkpt lat="38.69984" lon="-0.29074">
    <ele>909.97</ele>
   </trkpt>
   <trkpt lat="38.700230000000005" lon="-0.29102">
    <ele>914.2900000000001</ele>
   </trkpt>
   <trkpt lat="38.700320000000005" lon="-0.29113">
    <ele>915.5500000000001</ele>
   </trkpt>
   <trkpt lat="38.700410000000005" lon="-0.2913">
    <ele>916.71</ele>
   </trkpt>
   <trkpt lat="38.700450000000004" lon="-0.29157000000000005">
    <ele>918.93</ele>
   </trkpt>
   <trkpt lat="38.700480000000006" lon="-0.29164">
    <ele>919.78</ele>
   </trkpt>
   <trkpt lat="38.70053" lon="-0.29173000000000004">
    <ele>919.78</ele>
   </trkpt>
   <trkpt lat="38.700590000000005" lon="-0.29178000000000004">
    <ele>921.15</ele>
   </trkpt>
   <trkpt lat="38.700750000000006" lon="-0.29186">
    <ele>922.8000000000001</ele>
   </trkpt>
   <trkpt lat="38.7008" lon="-0.29195000000000004">
    <ele>923.36</ele>
   </trkpt>
   <trkpt lat="38.7008" lon="-0.29202">
    <ele>923.36</ele>
   </trkpt>
   <trkpt lat="38.700810000000004" lon="-0.29213">
    <ele>924.09</ele>
   </trkpt>
   <trkpt lat="38.700790000000005" lon="-0.29219">
    <ele>924.09</ele>
   </trkpt>
   <trkpt lat="38.70073" lon="-0.29229000000000005">
    <ele>924.9100000000001</ele>
   </trkpt>
   <trkpt lat="38.7006" lon="-0.29235">
    <ele>926.49</ele>
   </trkpt>
   <trkpt lat="38.70053" lon="-0.29234000000000004">
    <ele>926.49</ele>
   </trkpt>
   <trkpt lat="38.7" lon="-0.29197">
    <ele>929.7500000000001</ele>
   </trkpt>
   <trkpt lat="38.69990000000001" lon="-0.29201000000000005">
    <ele>930.4100000000001</ele>
   </trkpt>
   <trkpt lat="38.699850000000005" lon="-0.29208">
    <ele>930.4100000000001</ele>
   </trkpt>
   <trkpt lat="38.69984" lon="-0.29213">
    <ele>930.4100000000001</ele>
   </trkpt>
   <trkpt lat="38.69986" lon="-0.29291">
    <ele>933.0500000000001</ele>
   </trkpt>
   <trkpt lat="38.699850000000005" lon="-0.29313">
    <ele>935.3500000000001</ele>
   </trkpt>
   <trkpt lat="38.69982" lon="-0.29324">
    <ele>935.3500000000001</ele>
   </trkpt>
   <trkpt lat="38.699780000000004" lon="-0.2933">
    <ele>936.1700000000001</ele>
   </trkpt>
   <trkpt lat="38.699720000000006" lon="-0.29339000000000004">
    <ele>936.6800000000001</ele>
   </trkpt>
   <trkpt lat="38.69955" lon="-0.29352">
    <ele>937.1600000000001</ele>
   </trkpt>
   <trkpt lat="38.699470000000005" lon="-0.29364">
    <ele>938.0600000000001</ele>
   </trkpt>
   <trkpt lat="38.699450000000006" lon="-0.29378000000000004">
    <ele>938.0600000000001</ele>
   </trkpt>
   <trkpt lat="38.69944" lon="-0.2948">
    <ele>941.7800000000001</ele>
   </trkpt>
   <trkpt lat="38.69941" lon="-0.29518">
    <ele>943.45</ele>
   </trkpt>
   <trkpt lat="38.69934000000001" lon="-0.29546">
    <ele>944.64</ele>
   </trkpt>
   <trkpt lat="38.69912" lon="-0.29611000000000004">
    <ele>949.3800000000001</ele>
   </trkpt>
   <trkpt lat="38.69899" lon="-0.29639000000000004">
    <ele>951.3600000000001</ele>
   </trkpt>
   <trkpt lat="38.698570000000004" lon="-0.2969">
    <ele>955.3800000000001</ele>
   </trkpt>
   <trkpt lat="38.69852" lon="-0.29702">
    <ele>955.3800000000001</ele>
   </trkpt>
   <trkpt lat="38.698330000000006" lon="-0.29785">
    <ele>961.35</ele>
   </trkpt>
   <trkpt lat="38.698280000000004" lon="-0.29795000000000005">
    <ele>961.35</ele>
   </trkpt>
   <trkpt lat="38.698220000000006" lon="-0.29801">
    <ele>961.35</ele>
   </trkpt>
   <trkpt lat="38.69811" lon="-0.29807">
    <ele>962.2600000000001</ele>
   </trkpt>
   <trkpt lat="38.697630000000004" lon="-0.29828000000000005">
    <ele>965.5300000000001</ele>
   </trkpt>
   <trkpt lat="38.697500000000005" lon="-0.29841">
    <ele>966.4200000000001</ele>
   </trkpt>
   <trkpt lat="38.697410000000005" lon="-0.29863">
    <ele>966.76</ele>
   </trkpt>
   <trkpt lat="38.697340000000004" lon="-0.29884000000000005">
    <ele>966.67</ele>
   </trkpt>
   <trkpt lat="38.697280000000006" lon="-0.29909">
    <ele>966.5</ele>
   </trkpt>
   <trkpt lat="38.697280000000006" lon="-0.29918">
    <ele>965.76</ele>
   </trkpt>
   <trkpt lat="38.69731" lon="-0.29935">
    <ele>964.4</ele>
   </trkpt>
   <trkpt lat="38.6974" lon="-0.29951">
    <ele>963.5600000000001</ele>
   </trkpt>
   <trkpt lat="38.69749" lon="-0.29958">
    <ele>962.82</ele>
   </trkpt>
   <trkpt lat="38.697630000000004" lon="-0.29962">
    <ele>962.82</ele>
   </trkpt>
   <trkpt lat="38.69773" lon="-0.29958">
    <ele>961.4100000000001</ele>
   </trkpt>
   <trkpt lat="38.69791" lon="-0.29944000000000004">
    <ele>960.23</ele>
   </trkpt>
   <trkpt lat="38.697990000000004" lon="-0.29945000000000005">
    <ele>959.52</ele>
   </trkpt>
   <trkpt lat="38.69807" lon="-0.29951">
    <ele>958.7700000000001</ele>
   </trkpt>
   <trkpt lat="38.69809" lon="-0.29961000000000004">
    <ele>958.7700000000001</ele>
   </trkpt>
   <trkpt lat="38.698080000000004" lon="-0.29969">
    <ele>957.96</ele>
   </trkpt>
   <trkpt lat="38.69787" lon="-0.30039000000000005">
    <ele>953.07</ele>
   </trkpt>
   <trkpt lat="38.697790000000005" lon="-0.30095000000000005">
    <ele>949.1100000000001</ele>
   </trkpt>
   <trkpt lat="38.6978" lon="-0.30106000000000005">
    <ele>947.6000000000001</ele>
   </trkpt>
   <trkpt lat="38.69785" lon="-0.30117000000000005">
    <ele>947.6000000000001</ele>
   </trkpt>
   <trkpt lat="38.698130000000006" lon="-0.30163">
    <ele>943.6700000000001</ele>
   </trkpt>
   <trkpt lat="38.698150000000005" lon="-0.30174">
    <ele>943.6700000000001</ele>
   </trkpt>
   <trkpt lat="38.698130000000006" lon="-0.30185">
    <ele>942.6200000000001</ele>
   </trkpt>
   <trkpt lat="38.69809" lon="-0.30195000000000005">
    <ele>941.86</ele>
   </trkpt>
   <trkpt lat="38.698040000000006" lon="-0.30200000000000005">
    <ele>941.86</ele>
   </trkpt>
   <trkpt lat="38.697970000000005" lon="-0.30201">
    <ele>939.8400000000001</ele>
   </trkpt>
   <trkpt lat="38.697590000000005" lon="-0.30201">
    <ele>937.88</ele>
   </trkpt>
   <trkpt lat="38.69749" lon="-0.30205000000000004">
    <ele>937.88</ele>
   </trkpt>
   <trkpt lat="38.697410000000005" lon="-0.30212">
    <ele>937.88</ele>
   </trkpt>
   <trkpt lat="38.697300000000006" lon="-0.30229">
    <ele>932.98</ele>
   </trkpt>
   <trkpt lat="38.697250000000004" lon="-0.30234">
    <ele>932.98</ele>
   </trkpt>
   <trkpt lat="38.696960000000004" lon="-0.30247">
    <ele>932.98</ele>
   </trkpt>
   <trkpt lat="38.696870000000004" lon="-0.30257">
    <ele>927.97</ele>
   </trkpt>
   <trkpt lat="38.696360000000006" lon="-0.30323">
    <ele>924.98</ele>
   </trkpt>
   <trkpt lat="38.696290000000005" lon="-0.30335">
    <ele>924.98</ele>
   </trkpt>
   <trkpt lat="38.69623" lon="-0.30362">
    <ele>921.12</ele>
   </trkpt>
   <trkpt lat="38.69606" lon="-0.30384">
    <ele>919.5900000000001</ele>
   </trkpt>
   <trkpt lat="38.696020000000004" lon="-0.30395">
    <ele>919.1700000000001</ele>
   </trkpt>
   <trkpt lat="38.69601" lon="-0.30418">
    <ele>916.4700000000001</ele>
   </trkpt>
   <trkpt lat="38.695980000000006" lon="-0.30434">
    <ele>915.27</ele>
   </trkpt>
   <trkpt lat="38.69579" lon="-0.30474">
    <ele>911.3100000000001</ele>
   </trkpt>
   <trkpt lat="38.69568" lon="-0.30485">
    <ele>911.3100000000001</ele>
   </trkpt>
   <trkpt lat="38.69545" lon="-0.30495">
    <ele>909.45</ele>
   </trkpt>
   <trkpt lat="38.695190000000004" lon="-0.30496">
    <ele>906.8000000000001</ele>
   </trkpt>
   <trkpt lat="38.69503" lon="-0.30501">
    <ele>904.8100000000001</ele>
   </trkpt>
   <trkpt lat="38.69491" lon="-0.30507">
    <ele>904.8100000000001</ele>
   </trkpt>
   <trkpt lat="38.694700000000005" lon="-0.30544000000000004">
    <ele>902.1600000000001</ele>
   </trkpt>
   <trkpt lat="38.6946" lon="-0.30550000000000005">
    <ele>900.69</ele>
   </trkpt>
   <trkpt lat="38.69445" lon="-0.30551">
    <ele>899.9300000000001</ele>
   </trkpt>
   <trkpt lat="38.694160000000004" lon="-0.30572000000000005">
    <ele>896.3700000000001</ele>
   </trkpt>
   <trkpt lat="38.69408000000001" lon="-0.3058">
    <ele>896.3700000000001</ele>
   </trkpt>
   <trkpt lat="38.69402" lon="-0.30595">
    <ele>893.7600000000001</ele>
   </trkpt>
   <trkpt lat="38.69402" lon="-0.3064">
    <ele>893.7600000000001</ele>
   </trkpt>
   <trkpt lat="38.69399000000001" lon="-0.30656">
    <ele>889.0500000000001</ele>
   </trkpt>
   <trkpt lat="38.693650000000005" lon="-0.30728">
    <ele>885.9500000000002</ele>
   </trkpt>
   <trkpt lat="38.693430000000006" lon="-0.30801">
    <ele>881.5100000000001</ele>
   </trkpt>
   <trkpt lat="38.693380000000005" lon="-0.30812">
    <ele>880.6600000000001</ele>
   </trkpt>
   <trkpt lat="38.693310000000004" lon="-0.30817">
    <ele>879.32</ele>
   </trkpt>
   <trkpt lat="38.693250000000006" lon="-0.30816000000000004">
    <ele>879.32</ele>
   </trkpt>
   <trkpt lat="38.693200000000004" lon="-0.30806">
    <ele>878.4900000000001</ele>
   </trkpt>
   <trkpt lat="38.69321" lon="-0.30794000000000005">
    <ele>877.36</ele>
   </trkpt>
   <trkpt lat="38.69335" lon="-0.30711000000000005">
    <ele>873.23</ele>
   </trkpt>
   <trkpt lat="38.693340000000006" lon="-0.30694000000000005">
    <ele>872.1</ele>
   </trkpt>
   <trkpt lat="38.693290000000005" lon="-0.30679">
    <ele>870.84</ele>
   </trkpt>
   <trkpt lat="38.69321" lon="-0.30668">
    <ele>870.84</ele>
   </trkpt>
   <trkpt lat="38.69308" lon="-0.30661000000000005">
    <ele>870.84</ele>
   </trkpt>
   <trkpt lat="38.69294" lon="-0.30666000000000004">
    <ele>867.2800000000001</ele>
   </trkpt>
   <trkpt lat="38.69288" lon="-0.30677000000000004">
    <ele>867.2800000000001</ele>
   </trkpt>
   <trkpt lat="38.69288" lon="-0.30688000000000004">
    <ele>866.11</ele>
   </trkpt>
   <trkpt lat="38.69295" lon="-0.30710000000000004">
    <ele>865.23</ele>
   </trkpt>
   <trkpt lat="38.692930000000004" lon="-0.30721000000000004">
    <ele>862.86</ele>
   </trkpt>
   <trkpt lat="38.692870000000006" lon="-0.30728">
    <ele>862.86</ele>
   </trkpt>
   <trkpt lat="38.692710000000005" lon="-0.30729">
    <ele>860.62</ele>
   </trkpt>
   <trkpt lat="38.69263" lon="-0.30727000000000004">
    <ele>860.62</ele>
   </trkpt>
   <trkpt lat="38.69256" lon="-0.30718">
    <ele>859.8100000000001</ele>
   </trkpt>
   <trkpt lat="38.69252" lon="-0.30711000000000005">
    <ele>858.71</ele>
   </trkpt>
   <trkpt lat="38.692510000000006" lon="-0.30695">
    <ele>858.71</ele>
   </trkpt>
   <trkpt lat="38.69265" lon="-0.30617">
    <ele>854.3600000000001</ele>
   </trkpt>
   <trkpt lat="38.692640000000004" lon="-0.30577000000000004">
    <ele>852.77</ele>
   </trkpt>
   <trkpt lat="38.692620000000005" lon="-0.30568">
    <ele>851.34</ele>
   </trkpt>
   <trkpt lat="38.69254" lon="-0.30556">
    <ele>851.34</ele>
   </trkpt>
   <trkpt lat="38.692420000000006" lon="-0.30546">
    <ele>850.2900000000001</ele>
   </trkpt>
   <trkpt lat="38.69232" lon="-0.30544000000000004">
    <ele>849.71</ele>
   </trkpt>
   <trkpt lat="38.692220000000006" lon="-0.30546">
    <ele>849.71</ele>
   </trkpt>
   <trkpt lat="38.692130000000006" lon="-0.30562">
    <ele>848.19</ele>
   </trkpt>
   <trkpt lat="38.6921" lon="-0.30578000000000005">
    <ele>848.19</ele>
   </trkpt>
   <trkpt lat="38.69213500159547" lon="-0.30638999989453797">
    <ele>844.7</ele>
   </trkpt>
   <trkpt lat="38.692170000000004" lon="-0.30700000000000005">
    <ele>842.7800000000001</ele>
   </trkpt>
   <trkpt lat="38.6922" lon="-0.30721000000000004">
    <ele>838.7800000000001</ele>
   </trkpt>
   <trkpt lat="38.69238" lon="-0.30778">
    <ele>836.7500000000001</ele>
   </trkpt>
   <trkpt lat="38.692370000000004" lon="-0.3079">
    <ele>836.7500000000001</ele>
   </trkpt>
   <trkpt lat="38.69221" lon="-0.30828">
    <ele>835.0400000000001</ele>
   </trkpt>
   <trkpt lat="38.6922" lon="-0.3084">
    <ele>833.72</ele>
   </trkpt>
   <trkpt lat="38.69221" lon="-0.30849000000000004">
    <ele>833.72</ele>
   </trkpt>
   <trkpt lat="38.69254" lon="-0.30884">
    <ele>830.84</ele>
   </trkpt>
   <trkpt lat="38.69292" lon="-0.30945">
    <ele>828.2400000000001</ele>
   </trkpt>
   <trkpt lat="38.69294" lon="-0.30961000000000005">
    <ele>827.9300000000001</ele>
   </trkpt>
   <trkpt lat="38.6929" lon="-0.30968">
    <ele>827.7500000000001</ele>
   </trkpt>
   <trkpt lat="38.69285" lon="-0.30973">
    <ele>827.32</ele>
   </trkpt>
   <trkpt lat="38.69274" lon="-0.30974">
    <ele>827.32</ele>
   </trkpt>
   <trkpt lat="38.69247" lon="-0.30968">
    <ele>825.3300000000002</ele>
   </trkpt>
   <trkpt lat="38.692150000000005" lon="-0.30945">
    <ele>822.46</ele>
   </trkpt>
   <trkpt lat="38.691790000000005" lon="-0.30944000000000005">
    <ele>820.49</ele>
   </trkpt>
   <trkpt lat="38.69151" lon="-0.30934">
    <ele>819.5100000000001</ele>
   </trkpt>
   <trkpt lat="38.69144" lon="-0.30935">
    <ele>818.97</ele>
   </trkpt>
   <trkpt lat="38.691370000000006" lon="-0.30943000000000004">
    <ele>818.97</ele>
   </trkpt>
   <trkpt lat="38.69091" lon="-0.31010000000000004">
    <ele>814.0400000000001</ele>
   </trkpt>
   <trkpt lat="38.690850000000005" lon="-0.31023">
    <ele>813.49</ele>
   </trkpt>
   <trkpt lat="38.690810000000006" lon="-0.31074">
    <ele>810.59</ele>
   </trkpt>
   <trkpt lat="38.69079" lon="-0.31084">
    <ele>810.59</ele>
   </trkpt>
   <trkpt lat="38.69057" lon="-0.31135">
    <ele>808.1600000000001</ele>
   </trkpt>
   <trkpt lat="38.69055" lon="-0.31145">
    <ele>807.85</ele>
   </trkpt>
   <trkpt lat="38.690540000000006" lon="-0.31155000000000005">
    <ele>807.85</ele>
   </trkpt>
   <trkpt lat="38.690630000000006" lon="-0.31188000000000005">
    <ele>807.15</ele>
   </trkpt>
   <trkpt lat="38.690630000000006" lon="-0.31211">
    <ele>807.0400000000001</ele>
   </trkpt>
   <trkpt lat="38.690330004552436" lon="-0.3131400041982519">
    <ele>806.94</ele>
   </trkpt>
   <trkpt lat="38.69003" lon="-0.31417">
    <ele>806.59</ele>
   </trkpt>
   <trkpt lat="38.69001" lon="-0.31429">
    <ele>806.3</ele>
   </trkpt>
   <trkpt lat="38.69001" lon="-0.31458">
    <ele>805.95</ele>
   </trkpt>
   <trkpt lat="38.69008" lon="-0.31506">
    <ele>803.9200000000001</ele>
   </trkpt>
   <trkpt lat="38.69024" lon="-0.31578">
    <ele>799.97</ele>
   </trkpt>
   <trkpt lat="38.69039" lon="-0.31611">
    <ele>798.83</ele>
   </trkpt>
   <trkpt lat="38.69053" lon="-0.31628">
    <ele>797.22</ele>
   </trkpt>
   <trkpt lat="38.69068" lon="-0.31638000000000005">
    <ele>796.37</ele>
   </trkpt>
   <trkpt lat="38.6908" lon="-0.31639">
    <ele>795.1600000000001</ele>
   </trkpt>
   <trkpt lat="38.69115" lon="-0.31633">
    <ele>792.42</ele>
   </trkpt>
   <trkpt lat="38.691300000000005" lon="-0.31627000000000005">
    <ele>791.87</ele>
   </trkpt>
   <trkpt lat="38.691500000000005" lon="-0.31616000000000005">
    <ele>790.95</ele>
   </trkpt>
   <trkpt lat="38.69158" lon="-0.31617">
    <ele>790.33</ele>
   </trkpt>
   <trkpt lat="38.69165" lon="-0.31623">
    <ele>789.8600000000001</ele>
   </trkpt>
   <trkpt lat="38.691660000000006" lon="-0.31629">
    <ele>789.6</ele>
   </trkpt>
   <trkpt lat="38.69164000000001" lon="-0.31639">
    <ele>789.03</ele>
   </trkpt>
   <trkpt lat="38.69131" lon="-0.31683">
    <ele>786.3500000000001</ele>
   </trkpt>
   <trkpt lat="38.69113" lon="-0.31717">
    <ele>783.94</ele>
   </trkpt>
   <trkpt lat="38.691030000000005" lon="-0.31745">
    <ele>783.0600000000001</ele>
   </trkpt>
   <trkpt lat="38.690990000000006" lon="-0.31772">
    <ele>781.87</ele>
   </trkpt>
   <trkpt lat="38.69095" lon="-0.31783">
    <ele>781.2</ele>
   </trkpt>
   <trkpt lat="38.690920000000006" lon="-0.31787000000000004">
    <ele>781.2</ele>
   </trkpt>
   <trkpt lat="38.690850000000005" lon="-0.31787000000000004">
    <ele>781.2</ele>
   </trkpt>
   <trkpt lat="38.690780000000004" lon="-0.31784">
    <ele>779.9200000000001</ele>
   </trkpt>
   <trkpt lat="38.69051" lon="-0.31766000000000005">
    <ele>776.5600000000001</ele>
   </trkpt>
   <trkpt lat="38.690380000000005" lon="-0.31760000000000005">
    <ele>776.5600000000001</ele>
   </trkpt>
   <trkpt lat="38.690090000000005" lon="-0.31751">
    <ele>776.5600000000001</ele>
   </trkpt>
   <trkpt lat="38.68974" lon="-0.31755">
    <ele>773.84</ele>
   </trkpt>
   <trkpt lat="38.68919" lon="-0.31778">
    <ele>769.23</ele>
   </trkpt>
   <trkpt lat="38.68903" lon="-0.31789">
    <ele>767.7100000000002</ele>
   </trkpt>
   <trkpt lat="38.68885" lon="-0.31812">
    <ele>766.3100000000001</ele>
   </trkpt>
   <trkpt lat="38.688750000000006" lon="-0.31833">
    <ele>765.38</ele>
   </trkpt>
   <trkpt lat="38.68873" lon="-0.31844">
    <ele>764.82</ele>
   </trkpt>
   <trkpt lat="38.688660000000006" lon="-0.31933">
    <ele>762.7900000000001</ele>
   </trkpt>
   <trkpt lat="38.688500000000005" lon="-0.31966">
    <ele>762.7900000000001</ele>
   </trkpt>
   <trkpt lat="38.688430000000004" lon="-0.31995">
    <ele>761.21</ele>
   </trkpt>
   <trkpt lat="38.688370000000006" lon="-0.32044">
    <ele>760.99</ele>
   </trkpt>
   <trkpt lat="38.68836" lon="-0.32062">
    <ele>760.7400000000001</ele>
   </trkpt>
   <trkpt lat="38.68842" lon="-0.32128">
    <ele>758.6600000000001</ele>
   </trkpt>
   <trkpt lat="38.6884" lon="-0.32144">
    <ele>758.2800000000001</ele>
   </trkpt>
   <trkpt lat="38.68822" lon="-0.32188">
    <ele>756.5500000000001</ele>
   </trkpt>
   <trkpt lat="38.688210000000005" lon="-0.32231000000000004">
    <ele>755.0300000000001</ele>
   </trkpt>
   <trkpt lat="38.68817000000001" lon="-0.32239">
    <ele>754.83</ele>
   </trkpt>
   <trkpt lat="38.687850000000005" lon="-0.32281000000000004">
    <ele>752.68</ele>
   </trkpt>
   <trkpt lat="38.68746" lon="-0.32377">
    <ele>748.85</ele>
   </trkpt>
   <trkpt lat="38.68741" lon="-0.32409000000000004">
    <ele>747.62</ele>
   </trkpt>
   <trkpt lat="38.687400000000004" lon="-0.32461">
    <ele>746.5500000000001</ele>
   </trkpt>
   <trkpt lat="38.687540000000006" lon="-0.32509000000000005">
    <ele>746.07</ele>
   </trkpt>
   <trkpt lat="38.687540000000006" lon="-0.32527">
    <ele>746.02</ele>
   </trkpt>
   <trkpt lat="38.687470000000005" lon="-0.32542000000000004">
    <ele>745.97</ele>
   </trkpt>
   <trkpt lat="38.687270000000005" lon="-0.32564000000000004">
    <ele>745.84</ele>
   </trkpt>
   <trkpt lat="38.68717" lon="-0.32583">
    <ele>745.29</ele>
   </trkpt>
   <trkpt lat="38.687110000000004" lon="-0.32616">
    <ele>744.65</ele>
   </trkpt>
   <trkpt lat="38.68712" lon="-0.32643000000000005">
    <ele>744.19</ele>
   </trkpt>
   <trkpt lat="38.68719" lon="-0.32670000000000005">
    <ele>743.04</ele>
   </trkpt>
   <trkpt lat="38.68728" lon="-0.32687000000000005">
    <ele>742.58</ele>
   </trkpt>
   <trkpt lat="38.68744" lon="-0.327">
    <ele>741.36</ele>
   </trkpt>
   <trkpt lat="38.687670000000004" lon="-0.32715000000000005">
    <ele>739.95</ele>
   </trkpt>
   <trkpt lat="38.687740000000005" lon="-0.32726000000000005">
    <ele>739.26</ele>
   </trkpt>
   <trkpt lat="38.68777" lon="-0.32744">
    <ele>738.4300000000001</ele>
   </trkpt>
   <trkpt lat="38.68777" lon="-0.32828">
    <ele>736.3400000000001</ele>
   </trkpt>
   <trkpt lat="38.68782000259459" lon="-0.3290599995192152">
    <ele>734.6700000000001</ele>
   </trkpt>
   <trkpt lat="38.687870000000004" lon="-0.32984">
    <ele>733.28</ele>
   </trkpt>
   <trkpt lat="38.68782" lon="-0.33035000000000003">
    <ele>732.3900000000001</ele>
   </trkpt>
   <trkpt lat="38.687720000000006" lon="-0.33113000000000004">
    <ele>731.9300000000001</ele>
   </trkpt>
   <trkpt lat="38.687720000000006" lon="-0.33140000000000003">
    <ele>732.11</ele>
   </trkpt>
   <trkpt lat="38.68784" lon="-0.33216">
    <ele>731.7</ele>
   </trkpt>
   <trkpt lat="38.68788" lon="-0.3331">
    <ele>731.07</ele>
   </trkpt>
   <trkpt lat="38.687870000000004" lon="-0.3335">
    <ele>730.96</ele>
   </trkpt>
   <trkpt lat="38.687830000000005" lon="-0.33393">
    <ele>730.7600000000001</ele>
   </trkpt>
   <trkpt lat="38.68771" lon="-0.33438">
    <ele>729.9300000000001</ele>
   </trkpt>
   <trkpt lat="38.68769" lon="-0.33476">
    <ele>729.26</ele>
   </trkpt>
   <trkpt lat="38.687740000000005" lon="-0.33490000000000003">
    <ele>728.74</ele>
   </trkpt>
   <trkpt lat="38.687830000000005" lon="-0.33501000000000003">
    <ele>728.74</ele>
   </trkpt>
   <trkpt lat="38.687900000000006" lon="-0.33505">
    <ele>728.6100000000001</ele>
   </trkpt>
   <trkpt lat="38.68811" lon="-0.33511">
    <ele>728.44</ele>
   </trkpt>
   <trkpt lat="38.68827" lon="-0.33532">
    <ele>727.5100000000001</ele>
   </trkpt>
   <trkpt lat="38.688390000000005" lon="-0.33554">
    <ele>726.3000000000001</ele>
   </trkpt>
   <trkpt lat="38.6884" lon="-0.33577">
    <ele>725.86</ele>
   </trkpt>
   <trkpt lat="38.68826500301921" lon="-0.3366100014924602">
    <ele>722.1500000000001</ele>
   </trkpt>
   <trkpt lat="38.68813" lon="-0.33745">
    <ele>716.67</ele>
   </trkpt>
   <trkpt lat="38.68808000000001" lon="-0.33793">
    <ele>715.74</ele>
   </trkpt>
   <trkpt lat="38.68806" lon="-0.33839">
    <ele>714.2900000000001</ele>
   </trkpt>
   <trkpt lat="38.68808000000001" lon="-0.33901000000000003">
    <ele>712.7</ele>
   </trkpt>
   <trkpt lat="38.688210000000005" lon="-0.34011">
    <ele>710.1800000000001</ele>
   </trkpt>
   <trkpt lat="38.68817000000001" lon="-0.33979000000000004">
    <ele>710.5400000000001</ele>
   </trkpt>
   <trkpt lat="38.68807" lon="-0.33980000000000005">
    <ele>710.04</ele>
   </trkpt>
   <trkpt lat="38.68788" lon="-0.33976">
    <ele>707.73</ele>
   </trkpt>
   <trkpt lat="38.68779" lon="-0.3397">
    <ele>706.97</ele>
   </trkpt>
   <trkpt lat="38.68770000000001" lon="-0.33959">
    <ele>706.1400000000001</ele>
   </trkpt>
   <trkpt lat="38.68737" lon="-0.33898">
    <ele>703.9000000000001</ele>
   </trkpt>
   <trkpt lat="38.68723000000001" lon="-0.33859">
    <ele>701.25</ele>
   </trkpt>
   <trkpt lat="38.687180000000005" lon="-0.33837">
    <ele>700.4100000000001</ele>
   </trkpt>
   <trkpt lat="38.68714000000001" lon="-0.33762000000000003">
    <ele>696.0400000000001</ele>
   </trkpt>
   <trkpt lat="38.68712" lon="-0.33754">
    <ele>696.0400000000001</ele>
   </trkpt>
   <trkpt lat="38.687070000000006" lon="-0.33743">
    <ele>695.4100000000001</ele>
   </trkpt>
   <trkpt lat="38.687000000000005" lon="-0.33736000000000005">
    <ele>694.52</ele>
   </trkpt>
   <trkpt lat="38.68694" lon="-0.33732">
    <ele>693.6600000000001</ele>
   </trkpt>
   <trkpt lat="38.686580000000006" lon="-0.33727">
    <ele>691.2900000000001</ele>
   </trkpt>
   <trkpt lat="38.68647" lon="-0.33723000000000003">
    <ele>691.2900000000001</ele>
   </trkpt>
   <trkpt lat="38.686370000000004" lon="-0.33715">
    <ele>688.88</ele>
   </trkpt>
   <trkpt lat="38.6863" lon="-0.33706">
    <ele>688.1100000000001</ele>
   </trkpt>
   <trkpt lat="38.68623" lon="-0.33693">
    <ele>687.4</ele>
   </trkpt>
   <trkpt lat="38.68616" lon="-0.3366">
    <ele>685.6800000000001</ele>
   </trkpt>
   <trkpt lat="38.686110000000006" lon="-0.33654">
    <ele>685.46</ele>
   </trkpt>
   <trkpt lat="38.685950000000005" lon="-0.33645">
    <ele>684.96</ele>
   </trkpt>
   <trkpt lat="38.685750000000006" lon="-0.3365">
    <ele>684.08</ele>
   </trkpt>
   <trkpt lat="38.685660000000006" lon="-0.33659">
    <ele>683.64</ele>
   </trkpt>
   <trkpt lat="38.68554" lon="-0.33676">
    <ele>682.25</ele>
   </trkpt>
   <trkpt lat="38.68527" lon="-0.33728">
    <ele>678.5500000000001</ele>
   </trkpt>
   <trkpt lat="38.685120000000005" lon="-0.33748">
    <ele>677.4300000000001</ele>
   </trkpt>
   <trkpt lat="38.685050000000004" lon="-0.3375">
    <ele>675.8400000000001</ele>
   </trkpt>
   <trkpt lat="38.68497" lon="-0.33749">
    <ele>675.8400000000001</ele>
   </trkpt>
   <trkpt lat="38.68488" lon="-0.33743">
    <ele>673.5300000000001</ele>
   </trkpt>
   <trkpt lat="38.684760000000004" lon="-0.33721">
    <ele>672.8400000000001</ele>
   </trkpt>
   <trkpt lat="38.68458500312316" lon="-0.3363549979610217">
    <ele>670.3800000000001</ele>
   </trkpt>
   <trkpt lat="38.68441" lon="-0.3355">
    <ele>666.48</ele>
   </trkpt>
   <trkpt lat="38.68433" lon="-0.33534">
    <ele>665.4000000000001</ele>
   </trkpt>
   <trkpt lat="38.684090000000005" lon="-0.33505">
    <ele>662.0500000000001</ele>
   </trkpt>
   <trkpt lat="38.683840000000004" lon="-0.33487">
    <ele>658.5000000000001</ele>
   </trkpt>
   <trkpt lat="38.68375" lon="-0.33476">
    <ele>657.6200000000001</ele>
   </trkpt>
   <trkpt lat="38.68372" lon="-0.33462000000000003">
    <ele>656.86</ele>
   </trkpt>
   <trkpt lat="38.68372" lon="-0.33426">
    <ele>655.09</ele>
   </trkpt>
   <trkpt lat="38.68368" lon="-0.33399">
    <ele>654.5300000000001</ele>
   </trkpt>
   <trkpt lat="38.683620000000005" lon="-0.33383">
    <ele>654.4000000000001</ele>
   </trkpt>
   <trkpt lat="38.68348" lon="-0.33376">
    <ele>654.5000000000001</ele>
   </trkpt>
   <trkpt lat="38.68321" lon="-0.33376">
    <ele>654.61</ele>
   </trkpt>
   <trkpt lat="38.68287" lon="-0.3336">
    <ele>655.66</ele>
   </trkpt>
   <trkpt lat="38.68238" lon="-0.33330000000000004">
    <ele>658.08</ele>
   </trkpt>
   <trkpt lat="38.68215" lon="-0.33308000000000004">
    <ele>660.36</ele>
   </trkpt>
   <trkpt lat="38.681940000000004" lon="-0.33284">
    <ele>662.2900000000001</ele>
   </trkpt>
   <trkpt lat="38.681630000000006" lon="-0.33254">
    <ele>669.46</ele>
   </trkpt>
   <trkpt lat="38.681400000000004" lon="-0.33245">
    <ele>670.5600000000001</ele>
   </trkpt>
   <trkpt lat="38.68128" lon="-0.33245">
    <ele>671.6200000000001</ele>
   </trkpt>
   <trkpt lat="38.681140000000006" lon="-0.33249">
    <ele>673.63</ele>
   </trkpt>
   <trkpt lat="38.680960000000006" lon="-0.33263000000000004">
    <ele>675.4300000000001</ele>
   </trkpt>
   <trkpt lat="38.680780000000006" lon="-0.33283">
    <ele>676.9900000000001</ele>
   </trkpt>
   <trkpt lat="38.68068" lon="-0.33299">
    <ele>681.73</ele>
   </trkpt>
   <trkpt lat="38.68063" lon="-0.33317">
    <ele>681.73</ele>
   </trkpt>
   <trkpt lat="38.68063" lon="-0.33331000000000005">
    <ele>683.21</ele>
   </trkpt>
   <trkpt lat="38.68068" lon="-0.33351000000000003">
    <ele>683.21</ele>
   </trkpt>
   <trkpt lat="38.68077" lon="-0.33367">
    <ele>688.25</ele>
   </trkpt>
   <trkpt lat="38.681140000000006" lon="-0.33393">
    <ele>693.5400000000001</ele>
   </trkpt>
   <trkpt lat="38.681430000000006" lon="-0.33432">
    <ele>697.7500000000001</ele>
   </trkpt>
   <trkpt lat="38.68151" lon="-0.33445">
    <ele>699.23</ele>
   </trkpt>
   <trkpt lat="38.68155" lon="-0.33471">
    <ele>700.6000000000001</ele>
   </trkpt>
   <trkpt lat="38.68153" lon="-0.33482">
    <ele>701.4200000000001</ele>
   </trkpt>
   <trkpt lat="38.68142" lon="-0.3351">
    <ele>703.1800000000001</ele>
   </trkpt>
   <trkpt lat="38.68126" lon="-0.33537">
    <ele>705.4200000000001</ele>
   </trkpt>
   <trkpt lat="38.68103" lon="-0.33611">
    <ele>711.38</ele>
   </trkpt>
   <trkpt lat="38.68099" lon="-0.33616">
    <ele>711.38</ele>
   </trkpt>
   <trkpt lat="38.680910000000004" lon="-0.33621">
    <ele>712.0900000000001</ele>
   </trkpt>
   <trkpt lat="38.68083" lon="-0.33621">
    <ele>712.0900000000001</ele>
   </trkpt>
   <trkpt lat="38.680730000000004" lon="-0.33612000000000003">
    <ele>713.28</ele>
   </trkpt>
   <trkpt lat="38.680730000000004" lon="-0.33604">
    <ele>713.37</ele>
   </trkpt>
   <trkpt lat="38.68084" lon="-0.33545">
    <ele>714.2900000000001</ele>
   </trkpt>
   <trkpt lat="38.681090000000005" lon="-0.33488">
    <ele>717.9700000000001</ele>
   </trkpt>
   <trkpt lat="38.681070000000005" lon="-0.33473">
    <ele>717.9700000000001</ele>
   </trkpt>
   <trkpt lat="38.68101" lon="-0.33465">
    <ele>718.11</ele>
   </trkpt>
   <trkpt lat="38.680910000000004" lon="-0.33461">
    <ele>718.23</ele>
   </trkpt>
   <trkpt lat="38.680490000000006" lon="-0.33473">
    <ele>718.7</ele>
   </trkpt>
   <trkpt lat="38.679930000000006" lon="-0.33498">
    <ele>720.09</ele>
   </trkpt>
   <trkpt lat="38.679590000000005" lon="-0.3351">
    <ele>721.33</ele>
   </trkpt>
   <trkpt lat="38.67873" lon="-0.33512000000000003">
    <ele>724.2400000000001</ele>
   </trkpt>
   <trkpt lat="38.67855" lon="-0.33516">
    <ele>725.22</ele>
   </trkpt>
   <trkpt lat="38.677910000000004" lon="-0.33554">
    <ele>727.7</ele>
   </trkpt>
   <trkpt lat="38.677730000000004" lon="-0.3356">
    <ele>728.21</ele>
   </trkpt>
   <trkpt lat="38.67759" lon="-0.3356">
    <ele>729.2</ele>
   </trkpt>
   <trkpt lat="38.67743" lon="-0.33557000000000003">
    <ele>729.5600000000001</ele>
   </trkpt>
   <trkpt lat="38.67736" lon="-0.33554">
    <ele>729.8800000000001</ele>
   </trkpt>
   <trkpt lat="38.677110000000006" lon="-0.33493">
    <ele>731.3900000000001</ele>
   </trkpt>
   <trkpt lat="38.676820000000006" lon="-0.33399">
    <ele>734.09</ele>
   </trkpt>
   <trkpt lat="38.67669" lon="-0.33373">
    <ele>734.16</ele>
   </trkpt>
   <trkpt lat="38.676190000000005" lon="-0.33293">
    <ele>734.6700000000001</ele>
   </trkpt>
   <trkpt lat="38.67611" lon="-0.33265">
    <ele>734.8100000000001</ele>
   </trkpt>
   <trkpt lat="38.676100000000005" lon="-0.33252000000000004">
    <ele>735.08</ele>
   </trkpt>
   <trkpt lat="38.676140000000004" lon="-0.33193">
    <ele>736.86</ele>
   </trkpt>
   <trkpt lat="38.676120000000004" lon="-0.33178">
    <ele>737.74</ele>
   </trkpt>
   <trkpt lat="38.67593" lon="-0.33137000000000005">
    <ele>738.5200000000001</ele>
   </trkpt>
   <trkpt lat="38.67562" lon="-0.33121">
    <ele>740.7600000000001</ele>
   </trkpt>
   <trkpt lat="38.675560000000004" lon="-0.33121">
    <ele>740.7600000000001</ele>
   </trkpt>
   <trkpt lat="38.675250000000005" lon="-0.33132">
    <ele>741.65</ele>
   </trkpt>
   <trkpt lat="38.674820000000004" lon="-0.33123">
    <ele>741.6600000000001</ele>
   </trkpt>
   <trkpt lat="38.675250000000005" lon="-0.33132">
    <ele>741.65</ele>
   </trkpt>
   <trkpt lat="38.67539" lon="-0.33127">
    <ele>741.47</ele>
   </trkpt>
   <trkpt lat="38.675250000000005" lon="-0.33132">
    <ele>741.65</ele>
   </trkpt>
   <trkpt lat="38.67474" lon="-0.33121">
    <ele>741.3400000000001</ele>
   </trkpt>
   <trkpt lat="38.674690000000005" lon="-0.33117">
    <ele>741.1200000000001</ele>
   </trkpt>
   <trkpt lat="38.67454" lon="-0.33074000000000003">
    <ele>737.7900000000001</ele>
   </trkpt>
   <trkpt lat="38.674490000000006" lon="-0.33071">
    <ele>737.7900000000001</ele>
   </trkpt>
   <trkpt lat="38.674440000000004" lon="-0.33073">
    <ele>737.7900000000001</ele>
   </trkpt>
   <trkpt lat="38.67428" lon="-0.33093">
    <ele>733.65</ele>
   </trkpt>
   <trkpt lat="38.673950000000005" lon="-0.331">
    <ele>732.1899999999999</ele>
   </trkpt>
   <trkpt lat="38.67318" lon="-0.33111">
    <ele>729.2700000000001</ele>
   </trkpt>
   <trkpt lat="38.673100000000005" lon="-0.3311">
    <ele>729.3000000000001</ele>
   </trkpt>
   <trkpt lat="38.67306000000001" lon="-0.33106">
    <ele>729.45</ele>
   </trkpt>
   <trkpt lat="38.672880000000006" lon="-0.33077">
    <ele>729.9000000000001</ele>
   </trkpt>
   <trkpt lat="38.67273" lon="-0.33065">
    <ele>730.1500000000001</ele>
   </trkpt>
   <trkpt lat="38.67264" lon="-0.33062">
    <ele>730.04</ele>
   </trkpt>
   <trkpt lat="38.67233" lon="-0.33057000000000003">
    <ele>729.89</ele>
   </trkpt>
   <trkpt lat="38.672050000000006" lon="-0.33065">
    <ele>729.89</ele>
   </trkpt>
   <trkpt lat="38.671380000000006" lon="-0.33097000000000004">
    <ele>730.31</ele>
   </trkpt>
   <trkpt lat="38.67127" lon="-0.33099">
    <ele>731.01</ele>
   </trkpt>
   <trkpt lat="38.67109000000001" lon="-0.33093">
    <ele>732.34</ele>
   </trkpt>
   <trkpt lat="38.67103" lon="-0.33093">
    <ele>732.34</ele>
   </trkpt>
   <trkpt lat="38.67092" lon="-0.33099">
    <ele>733.08</ele>
   </trkpt>
   <trkpt lat="38.670820000000006" lon="-0.33113000000000004">
    <ele>733.6700000000001</ele>
   </trkpt>
   <trkpt lat="38.67074" lon="-0.33116">
    <ele>733.74</ele>
   </trkpt>
   <trkpt lat="38.67045" lon="-0.33099">
    <ele>734.25</ele>
   </trkpt>
   <trkpt lat="38.67033" lon="-0.33095">
    <ele>734.82</ele>
   </trkpt>
   <trkpt lat="38.6698" lon="-0.33113000000000004">
    <ele>736.3100000000001</ele>
   </trkpt>
   <trkpt lat="38.66948" lon="-0.33132">
    <ele>737.6800000000001</ele>
   </trkpt>
   <trkpt lat="38.669250000000005" lon="-0.33138">
    <ele>738.5600000000001</ele>
   </trkpt>
   <trkpt lat="38.668940000000006" lon="-0.33127">
    <ele>739.89</ele>
   </trkpt>
   <trkpt lat="38.668800000000005" lon="-0.33117">
    <ele>739.92</ele>
   </trkpt>
   <trkpt lat="38.668760000000006" lon="-0.33106">
    <ele>740.7</ele>
   </trkpt>
   <trkpt lat="38.66877" lon="-0.33099">
    <ele>740.7</ele>
   </trkpt>
   <trkpt lat="38.668800000000005" lon="-0.33094">
    <ele>741.1500000000001</ele>
   </trkpt>
   <trkpt lat="38.66937" lon="-0.33049">
    <ele>744.84</ele>
   </trkpt>
   <trkpt lat="38.66958" lon="-0.33016">
    <ele>745.9</ele>
   </trkpt>
   <trkpt lat="38.66967" lon="-0.32996000000000003">
    <ele>747.12</ele>
   </trkpt>
   <trkpt lat="38.669700000000006" lon="-0.32982">
    <ele>747.12</ele>
   </trkpt>
   <trkpt lat="38.669700000000006" lon="-0.32971">
    <ele>749.73</ele>
   </trkpt>
   <trkpt lat="38.669520000000006" lon="-0.3289">
    <ele>753.87</ele>
   </trkpt>
   <trkpt lat="38.669380000000004" lon="-0.32866">
    <ele>756.3000000000001</ele>
   </trkpt>
   <trkpt lat="38.66924" lon="-0.32821">
    <ele>759.78</ele>
   </trkpt>
   <trkpt lat="38.66899" lon="-0.32765000000000005">
    <ele>763.9200000000001</ele>
   </trkpt>
   <trkpt lat="38.66874" lon="-0.32715000000000005">
    <ele>769.02</ele>
   </trkpt>
   <trkpt lat="38.66861" lon="-0.32670000000000005">
    <ele>772.61</ele>
   </trkpt>
   <trkpt lat="38.66845" lon="-0.32638">
    <ele>776.1300000000001</ele>
   </trkpt>
   <trkpt lat="38.66839" lon="-0.32631000000000004">
    <ele>777.24</ele>
   </trkpt>
   <trkpt lat="38.66832" lon="-0.32627">
    <ele>778.21</ele>
   </trkpt>
   <trkpt lat="38.66819" lon="-0.32632">
    <ele>779.3500000000001</ele>
   </trkpt>
   <trkpt lat="38.66767" lon="-0.32671">
    <ele>782.4200000000001</ele>
   </trkpt>
   <trkpt lat="38.66758" lon="-0.32681000000000004">
    <ele>783.97</ele>
   </trkpt>
   <trkpt lat="38.667440000000006" lon="-0.32705">
    <ele>785.6800000000001</ele>
   </trkpt>
   <trkpt lat="38.667370000000005" lon="-0.32714000000000004">
    <ele>787.3500000000001</ele>
   </trkpt>
   <trkpt lat="38.6672" lon="-0.32721">
    <ele>788.66</ele>
   </trkpt>
   <trkpt lat="38.66698" lon="-0.32716">
    <ele>790.98</ele>
   </trkpt>
   <trkpt lat="38.66687" lon="-0.3271">
    <ele>792.1700000000001</ele>
   </trkpt>
   <trkpt lat="38.666830000000004" lon="-0.32698000000000005">
    <ele>792.7900000000001</ele>
   </trkpt>
   <trkpt lat="38.66682" lon="-0.32682">
    <ele>793.46</ele>
   </trkpt>
   <trkpt lat="38.66684" lon="-0.32649">
    <ele>794.5500000000001</ele>
   </trkpt>
   <trkpt lat="38.666900000000005" lon="-0.32621">
    <ele>795.5300000000001</ele>
   </trkpt>
   <trkpt lat="38.667" lon="-0.32587000000000005">
    <ele>797.64</ele>
   </trkpt>
   <trkpt lat="38.667390000000005" lon="-0.32527">
    <ele>803.9900000000001</ele>
   </trkpt>
   <trkpt lat="38.66743" lon="-0.32511">
    <ele>804.8400000000001</ele>
   </trkpt>
   <trkpt lat="38.667440000000006" lon="-0.32498000000000005">
    <ele>805.6</ele>
   </trkpt>
   <trkpt lat="38.66738" lon="-0.32472">
    <ele>806.5500000000001</ele>
   </trkpt>
   <trkpt lat="38.66714000152068" lon="-0.3241099977942014">
    <ele>810.7500000000001</ele>
   </trkpt>
   <trkpt lat="38.666900000000005" lon="-0.3235">
    <ele>814.44</ele>
   </trkpt>
   <trkpt lat="38.66682" lon="-0.32345">
    <ele>814.7200000000001</ele>
   </trkpt>
   <trkpt lat="38.666700000000006" lon="-0.32344">
    <ele>814.8400000000001</ele>
   </trkpt>
   <trkpt lat="38.666410000000006" lon="-0.32349">
    <ele>815.1</ele>
   </trkpt>
   <trkpt lat="38.6663" lon="-0.32349">
    <ele>815.35</ele>
   </trkpt>
   <trkpt lat="38.66619" lon="-0.32344">
    <ele>815.95</ele>
   </trkpt>
   <trkpt lat="38.66602" lon="-0.32325000000000004">
    <ele>817.07</ele>
   </trkpt>
   <trkpt lat="38.665490000000005" lon="-0.32272">
    <ele>821.5500000000001</ele>
   </trkpt>
   <trkpt lat="38.66536" lon="-0.32261">
    <ele>822.5600000000001</ele>
   </trkpt>
   <trkpt lat="38.664880000000004" lon="-0.32233">
    <ele>827.52</ele>
   </trkpt>
   <trkpt lat="38.66467" lon="-0.32227">
    <ele>828.4800000000001</ele>
   </trkpt>
   <trkpt lat="38.66454" lon="-0.32228">
    <ele>829.32</ele>
   </trkpt>
   <trkpt lat="38.66422" lon="-0.32244">
    <ele>831.61</ele>
   </trkpt>
   <trkpt lat="38.66376" lon="-0.32265000000000005">
    <ele>832.89</ele>
   </trkpt>
   <trkpt lat="38.66353" lon="-0.32284">
    <ele>833.57</ele>
   </trkpt>
   <trkpt lat="38.663360000000004" lon="-0.32311">
    <ele>835.72</ele>
   </trkpt>
   <trkpt lat="38.663160000000005" lon="-0.32333">
    <ele>837.44</ele>
   </trkpt>
   <trkpt lat="38.66288" lon="-0.32349">
    <ele>840.23</ele>
   </trkpt>
   <trkpt lat="38.66241" lon="-0.3236">
    <ele>842.5400000000001</ele>
   </trkpt>
   <trkpt lat="38.66192" lon="-0.3236">
    <ele>846.99</ele>
   </trkpt>
   <trkpt lat="38.661860000000004" lon="-0.32359000000000004">
    <ele>847.2400000000001</ele>
   </trkpt>
   <trkpt lat="38.66181" lon="-0.32355">
    <ele>847.61</ele>
   </trkpt>
   <trkpt lat="38.661750000000005" lon="-0.32339">
    <ele>847.84</ele>
   </trkpt>
   <trkpt lat="38.66178" lon="-0.32265000000000005">
    <ele>850.0900000000001</ele>
   </trkpt>
   <trkpt lat="38.66189" lon="-0.32222">
    <ele>853.1800000000001</ele>
   </trkpt>
   <trkpt lat="38.66189" lon="-0.32212">
    <ele>853.1800000000001</ele>
   </trkpt>
   <trkpt lat="38.66167" lon="-0.32161">
    <ele>857.7800000000001</ele>
   </trkpt>
   <trkpt lat="38.661620000000006" lon="-0.32131000000000004">
    <ele>858.69</ele>
   </trkpt>
   <trkpt lat="38.66163" lon="-0.32112">
    <ele>859.35</ele>
   </trkpt>
   <trkpt lat="38.66171000000001" lon="-0.321">
    <ele>861.07</ele>
   </trkpt>
   <trkpt lat="38.661770000000004" lon="-0.32094">
    <ele>861.07</ele>
   </trkpt>
   <trkpt lat="38.66225" lon="-0.32066">
    <ele>865.04</ele>
   </trkpt>
   <trkpt lat="38.66272" lon="-0.32021000000000005">
    <ele>869.1600000000001</ele>
   </trkpt>
   <trkpt lat="38.66282" lon="-0.32006">
    <ele>870.6300000000001</ele>
   </trkpt>
   <trkpt lat="38.66288" lon="-0.31993000000000005">
    <ele>871.26</ele>
   </trkpt>
   <trkpt lat="38.6629" lon="-0.31966">
    <ele>872.7800000000001</ele>
   </trkpt>
   <trkpt lat="38.66297" lon="-0.31933">
    <ele>876.5600000000001</ele>
   </trkpt>
   <trkpt lat="38.662940000000006" lon="-0.31925000000000003">
    <ele>876.5600000000001</ele>
   </trkpt>
   <trkpt lat="38.662940000000006" lon="-0.31922">
    <ele>876.5600000000001</ele>
   </trkpt>
   <trkpt lat="38.662890000000004" lon="-0.31922">
    <ele>876.9300000000001</ele>
   </trkpt>
   <trkpt lat="38.66279" lon="-0.31932000000000005">
    <ele>877.95</ele>
   </trkpt>
   <trkpt lat="38.662710000000004" lon="-0.31981000000000004">
    <ele>879.41</ele>
   </trkpt>
   <trkpt lat="38.66257" lon="-0.31999000000000005">
    <ele>880.09</ele>
   </trkpt>
   <trkpt lat="38.66235" lon="-0.32012">
    <ele>880.8900000000001</ele>
   </trkpt>
   <trkpt lat="38.66176" lon="-0.32034">
    <ele>884.97</ele>
   </trkpt>
   <trkpt lat="38.661590000000004" lon="-0.32033">
    <ele>885.9800000000001</ele>
   </trkpt>
   <trkpt lat="38.661410000000004" lon="-0.32028">
    <ele>888.84</ele>
   </trkpt>
   <trkpt lat="38.66118" lon="-0.32027">
    <ele>889.96</ele>
   </trkpt>
   <trkpt lat="38.66111" lon="-0.32031000000000004">
    <ele>889.96</ele>
   </trkpt>
   <trkpt lat="38.660900000000005" lon="-0.32045">
    <ele>892.6200000000001</ele>
   </trkpt>
   <trkpt lat="38.66082" lon="-0.32055">
    <ele>892.6200000000001</ele>
   </trkpt>
   <trkpt lat="38.66077000000001" lon="-0.32066">
    <ele>894.69</ele>
   </trkpt>
   <trkpt lat="38.660630000000005" lon="-0.32110000000000005">
    <ele>897.7900000000001</ele>
   </trkpt>
   <trkpt lat="38.66053" lon="-0.32132000000000005">
    <ele>899.5600000000001</ele>
   </trkpt>
   <trkpt lat="38.660360000000004" lon="-0.32145">
    <ele>899.5600000000001</ele>
   </trkpt>
   <trkpt lat="38.660160000000005" lon="-0.32151">
    <ele>903.0100000000001</ele>
   </trkpt>
   <trkpt lat="38.65991" lon="-0.32151">
    <ele>904.17</ele>
   </trkpt>
   <trkpt lat="38.65982" lon="-0.32155">
    <ele>904.5300000000001</ele>
   </trkpt>
   <trkpt lat="38.65977" lon="-0.32159000000000004">
    <ele>904.5300000000001</ele>
   </trkpt>
   <trkpt lat="38.65972" lon="-0.32172">
    <ele>904.9300000000001</ele>
   </trkpt>
   <trkpt lat="38.659740000000006" lon="-0.32216">
    <ele>906.51</ele>
   </trkpt>
   <trkpt lat="38.659710000000004" lon="-0.32244">
    <ele>907.7900000000001</ele>
   </trkpt>
   <trkpt lat="38.65963" lon="-0.32281000000000004">
    <ele>909.2900000000001</ele>
   </trkpt>
   <trkpt lat="38.65957" lon="-0.32299">
    <ele>910.8600000000001</ele>
   </trkpt>
   <trkpt lat="38.65941" lon="-0.32333">
    <ele>911.75</ele>
   </trkpt>
   <trkpt lat="38.659380000000006" lon="-0.32344">
    <ele>914.22</ele>
   </trkpt>
   <trkpt lat="38.65927000000001" lon="-0.32437000000000005">
    <ele>918.0400000000001</ele>
   </trkpt>
   <trkpt lat="38.659220000000005" lon="-0.32454000000000005">
    <ele>918.69</ele>
   </trkpt>
   <trkpt lat="38.65916" lon="-0.32461">
    <ele>919.7700000000001</ele>
   </trkpt>
   <trkpt lat="38.65899" lon="-0.32475000000000004">
    <ele>921.66</ele>
   </trkpt>
   <trkpt lat="38.65880000000001" lon="-0.32477">
    <ele>923.8000000000001</ele>
   </trkpt>
   <trkpt lat="38.658750000000005" lon="-0.32472">
    <ele>924.69</ele>
   </trkpt>
   <trkpt lat="38.658710000000006" lon="-0.32461">
    <ele>925.36</ele>
   </trkpt>
   <trkpt lat="38.658710000000006" lon="-0.32453000000000004">
    <ele>925.6200000000001</ele>
   </trkpt>
   <trkpt lat="38.65887" lon="-0.32393000000000005">
    <ele>928.6700000000001</ele>
   </trkpt>
   <trkpt lat="38.65887" lon="-0.32371000000000005">
    <ele>931.0800000000002</ele>
   </trkpt>
   <trkpt lat="38.65885" lon="-0.3236">
    <ele>931.0800000000002</ele>
   </trkpt>
   <trkpt lat="38.65878" lon="-0.3235">
    <ele>932.1300000000001</ele>
   </trkpt>
   <trkpt lat="38.6587" lon="-0.32345">
    <ele>932.7200000000001</ele>
   </trkpt>
   <trkpt lat="38.658390000000004" lon="-0.32338">
    <ele>934.21</ele>
   </trkpt>
   <trkpt lat="38.658240000000006" lon="-0.32337000000000005">
    <ele>935.7500000000001</ele>
   </trkpt>
   <trkpt lat="38.658080000000005" lon="-0.32338">
    <ele>936.8100000000001</ele>
   </trkpt>
   <trkpt lat="38.658010000000004" lon="-0.32339">
    <ele>936.8100000000001</ele>
   </trkpt>
   <trkpt lat="38.65795000000001" lon="-0.32345">
    <ele>938.3500000000001</ele>
   </trkpt>
   <trkpt lat="38.65764" lon="-0.32383">
    <ele>942.13</ele>
   </trkpt>
   <trkpt lat="38.65758" lon="-0.32383">
    <ele>942.13</ele>
   </trkpt>
   <trkpt lat="38.65753" lon="-0.32382000000000005">
    <ele>942.88</ele>
   </trkpt>
   <trkpt lat="38.65691" lon="-0.32328">
    <ele>946.57</ele>
   </trkpt>
   <trkpt lat="38.65645000000001" lon="-0.32298000000000004">
    <ele>951.2900000000001</ele>
   </trkpt>
   <trkpt lat="38.65637" lon="-0.32288">
    <ele>954.13</ele>
   </trkpt>
   <trkpt lat="38.65636000000001" lon="-0.32273">
    <ele>954.46</ele>
   </trkpt>
   <trkpt lat="38.656980000000004" lon="-0.32245">
    <ele>957.69</ele>
   </trkpt>
   <trkpt lat="38.657090000000004" lon="-0.32238">
    <ele>958.3600000000001</ele>
   </trkpt>
   <trkpt lat="38.657210000000006" lon="-0.32227">
    <ele>959.4300000000001</ele>
   </trkpt>
   <trkpt lat="38.65742" lon="-0.32198000000000004">
    <ele>962.35</ele>
   </trkpt>
   <trkpt lat="38.65773" lon="-0.32161">
    <ele>967.25</ele>
   </trkpt>
   <trkpt lat="38.657740000000004" lon="-0.3215">
    <ele>968.2400000000001</ele>
   </trkpt>
   <trkpt lat="38.65766" lon="-0.32143000000000005">
    <ele>968.9700000000001</ele>
   </trkpt>
   <trkpt lat="38.657270000000004" lon="-0.32138">
    <ele>969.8800000000001</ele>
   </trkpt>
   <trkpt lat="38.65675" lon="-0.32123">
    <ele>972.5400000000001</ele>
   </trkpt>
   <trkpt lat="38.65625" lon="-0.32133">
    <ele>977.01</ele>
   </trkpt>
   <trkpt lat="38.65608" lon="-0.32133">
    <ele>977.01</ele>
   </trkpt>
   <trkpt lat="38.655770000000004" lon="-0.32121000000000005">
    <ele>980.1800000000001</ele>
   </trkpt>
   <trkpt lat="38.655530000000006" lon="-0.32116">
    <ele>983.59</ele>
   </trkpt>
   <trkpt lat="38.65543" lon="-0.32116">
    <ele>983.99</ele>
   </trkpt>
   <trkpt lat="38.65534" lon="-0.32122">
    <ele>985.0300000000001</ele>
   </trkpt>
   <trkpt lat="38.65518" lon="-0.32148000000000004">
    <ele>986.8700000000001</ele>
   </trkpt>
   <trkpt lat="38.655060000000006" lon="-0.32161">
    <ele>987.6800000000001</ele>
   </trkpt>
   <trkpt lat="38.65489" lon="-0.32177">
    <ele>987.6800000000001</ele>
   </trkpt>
   <trkpt lat="38.65475" lon="-0.32187000000000004">
    <ele>990.0600000000001</ele>
   </trkpt>
   <trkpt lat="38.65419000017824" lon="-0.322045001353101">
    <ele>994.0200000000001</ele>
   </trkpt>
   <trkpt lat="38.65363" lon="-0.32222">
    <ele>998.26</ele>
   </trkpt>
   <trkpt lat="38.65337" lon="-0.32228">
    <ele>1000.2800000000001</ele>
   </trkpt>
   <trkpt lat="38.65321" lon="-0.32229">
    <ele>1002.4699999999999</ele>
   </trkpt>
   <trkpt lat="38.6531" lon="-0.32233">
    <ele>1002.4699999999999</ele>
   </trkpt>
   <trkpt lat="38.65298000000001" lon="-0.32238">
    <ele>1003.8</ele>
   </trkpt>
   <trkpt lat="38.65278" lon="-0.3225">
    <ele>1005.0100000000001</ele>
   </trkpt>
   <trkpt lat="38.65258" lon="-0.32272">
    <ele>1006.0600000000002</ele>
   </trkpt>
   <trkpt lat="38.65231" lon="-0.32321000000000005">
    <ele>1006.9000000000001</ele>
   </trkpt>
   <trkpt lat="38.652100000000004" lon="-0.32349">
    <ele>1008.2300000000001</ele>
   </trkpt>
   <trkpt lat="38.65167" lon="-0.32405">
    <ele>1012.3300000000002</ele>
   </trkpt>
   <trkpt lat="38.651410000000006" lon="-0.32433">
    <ele>1015.2400000000001</ele>
   </trkpt>
   <trkpt lat="38.65117" lon="-0.32453000000000004">
    <ele>1019.9800000000001</ele>
   </trkpt>
   <trkpt lat="38.65066" lon="-0.32477">
    <ele>1022.21</ele>
   </trkpt>
   <trkpt lat="38.6505" lon="-0.32483">
    <ele>1025.14</ele>
   </trkpt>
   <trkpt lat="38.650200000000005" lon="-0.32482000000000005">
    <ele>1026.75</ele>
   </trkpt>
   <trkpt lat="38.64978" lon="-0.32478">
    <ele>1025.1200000000001</ele>
   </trkpt>
   <trkpt lat="38.64951000000001" lon="-0.32472">
    <ele>1023.57</ele>
   </trkpt>
   <trkpt lat="38.64881500063066" lon="-0.3243299962075111">
    <ele>1017.2800000000002</ele>
   </trkpt>
   <trkpt lat="38.648120000000006" lon="-0.32394">
    <ele>1011.83</ele>
   </trkpt>
   <trkpt lat="38.647670000000005" lon="-0.32392000000000004">
    <ele>1009.76</ele>
   </trkpt>
   <trkpt lat="38.64725" lon="-0.32393000000000005">
    <ele>1007.4800000000001</ele>
   </trkpt>
   <trkpt lat="38.64707000000001" lon="-0.32394">
    <ele>1006.1300000000002</ele>
   </trkpt>
   <trkpt lat="38.64694" lon="-0.32403000000000004">
    <ele>1005.22</ele>
   </trkpt>
   <trkpt lat="38.64676" lon="-0.32433">
    <ele>1001.6400000000001</ele>
   </trkpt>
   <trkpt lat="38.646640000000005" lon="-0.32444">
    <ele>1001.6400000000001</ele>
   </trkpt>
   <trkpt lat="38.64654" lon="-0.32444">
    <ele>1001.6400000000001</ele>
   </trkpt>
   <trkpt lat="38.64645" lon="-0.32437000000000005">
    <ele>1000.4300000000002</ele>
   </trkpt>
   <trkpt lat="38.646370000000005" lon="-0.32414000000000004">
    <ele>998.5600000000001</ele>
   </trkpt>
   <trkpt lat="38.64623" lon="-0.32384">
    <ele>997.44</ele>
   </trkpt>
   <trkpt lat="38.646060000000006" lon="-0.32322">
    <ele>994.98</ele>
   </trkpt>
   <trkpt lat="38.645920000000004" lon="-0.32295">
    <ele>993.44</ele>
   </trkpt>
   <trkpt lat="38.64584" lon="-0.32255">
    <ele>992.3400000000001</ele>
   </trkpt>
   <trkpt lat="38.64575000000001" lon="-0.32227">
    <ele>990.9700000000001</ele>
   </trkpt>
   <trkpt lat="38.64526" lon="-0.32138">
    <ele>984.0000000000001</ele>
   </trkpt>
   <trkpt lat="38.645000001934854" lon="-0.3207149977215718">
    <ele>981.1200000000001</ele>
   </trkpt>
   <trkpt lat="38.644740000000006" lon="-0.32005">
    <ele>978.4800000000001</ele>
   </trkpt>
   <trkpt lat="38.644490000000005" lon="-0.31954000000000005">
    <ele>974.8700000000001</ele>
   </trkpt>
   <trkpt lat="38.64421" lon="-0.319">
    <ele>972.2400000000001</ele>
   </trkpt>
   <trkpt lat="38.64417" lon="-0.31895">
    <ele>971.5</ele>
   </trkpt>
   <trkpt lat="38.6441" lon="-0.31893000000000005">
    <ele>971.5</ele>
   </trkpt>
   <trkpt lat="38.644000000000005" lon="-0.31894">
    <ele>969.58</ele>
   </trkpt>
   <trkpt lat="38.64394" lon="-0.31906">
    <ele>969.58</ele>
   </trkpt>
   <trkpt lat="38.64383" lon="-0.31982000000000005">
    <ele>964.94</ele>
   </trkpt>
   <trkpt lat="38.64374" lon="-0.32023">
    <ele>963.4200000000001</ele>
   </trkpt>
   <trkpt lat="38.64361" lon="-0.32065000000000005">
    <ele>959.74</ele>
   </trkpt>
   <trkpt lat="38.64347" lon="-0.32089">
    <ele>957.09</ele>
   </trkpt>
   <trkpt lat="38.643190000000004" lon="-0.32127">
    <ele>953.6600000000001</ele>
   </trkpt>
   <trkpt lat="38.64291" lon="-0.32155">
    <ele>951.9900000000001</ele>
   </trkpt>
   <trkpt lat="38.64278" lon="-0.32161">
    <ele>951.57</ele>
   </trkpt>
   <trkpt lat="38.64242" lon="-0.32167">
    <ele>950.4200000000001</ele>
   </trkpt>
   <trkpt lat="38.64215" lon="-0.32183">
    <ele>948.74</ele>
   </trkpt>
   <trkpt lat="38.64206" lon="-0.32194">
    <ele>947.22</ele>
   </trkpt>
   <trkpt lat="38.642030000000005" lon="-0.32215000000000005">
    <ele>947.22</ele>
   </trkpt>
   <trkpt lat="38.642210000000006" lon="-0.32261">
    <ele>944.98</ele>
   </trkpt>
   <trkpt lat="38.64224" lon="-0.32278">
    <ele>943.7</ele>
   </trkpt>
   <trkpt lat="38.642210000000006" lon="-0.32288">
    <ele>943.15</ele>
   </trkpt>
   <trkpt lat="38.642160000000004" lon="-0.32292000000000004">
    <ele>941.4100000000001</ele>
   </trkpt>
   <trkpt lat="38.64208" lon="-0.32288">
    <ele>941.4100000000001</ele>
   </trkpt>
   <trkpt lat="38.641940000000005" lon="-0.32261">
    <ele>938.5000000000001</ele>
   </trkpt>
   <trkpt lat="38.641760000000005" lon="-0.32238">
    <ele>936.97</ele>
   </trkpt>
   <trkpt lat="38.64146" lon="-0.32166">
    <ele>934.21</ele>
   </trkpt>
   <trkpt lat="38.64146" lon="-0.32154000000000005">
    <ele>933.33</ele>
   </trkpt>
   <trkpt lat="38.64153" lon="-0.32121000000000005">
    <ele>930.86</ele>
   </trkpt>
   <trkpt lat="38.64161" lon="-0.32115000000000005">
    <ele>930.45</ele>
   </trkpt>
   <trkpt lat="38.641870000000004" lon="-0.32122">
    <ele>928.19</ele>
   </trkpt>
   <trkpt lat="38.64195" lon="-0.32122">
    <ele>927.5000000000001</ele>
   </trkpt>
   <trkpt lat="38.642210000000006" lon="-0.32106">
    <ele>926.37</ele>
   </trkpt>
   <trkpt lat="38.642500000000005" lon="-0.321">
    <ele>924.2800000000001</ele>
   </trkpt>
   <trkpt lat="38.642540000000004" lon="-0.32098000000000004">
    <ele>924.2800000000001</ele>
   </trkpt>
   <trkpt lat="38.642680000000006" lon="-0.32077">
    <ele>922.54</ele>
   </trkpt>
   <trkpt lat="38.64289" lon="-0.32055">
    <ele>921.9200000000001</ele>
   </trkpt>
   <trkpt lat="38.64294" lon="-0.32044">
    <ele>921.1800000000001</ele>
   </trkpt>
   <trkpt lat="38.642970000000005" lon="-0.32001">
    <ele>918.9</ele>
   </trkpt>
   <trkpt lat="38.64296" lon="-0.31976000000000004">
    <ele>918.9</ele>
   </trkpt>
   <trkpt lat="38.642900000000004" lon="-0.31961">
    <ele>918.21</ele>
   </trkpt>
   <trkpt lat="38.64276" lon="-0.31943000000000005">
    <ele>917.19</ele>
   </trkpt>
   <trkpt lat="38.64269" lon="-0.31928">
    <ele>916.4700000000001</ele>
   </trkpt>
   <trkpt lat="38.64251500145554" lon="-0.31868499837259057">
    <ele>913.96</ele>
   </trkpt>
   <trkpt lat="38.642340000000004" lon="-0.31809000000000004">
    <ele>911.24</ele>
   </trkpt>
   <trkpt lat="38.64227" lon="-0.31795">
    <ele>910.5000000000001</ele>
   </trkpt>
   <trkpt lat="38.64224" lon="-0.31794">
    <ele>909.66</ele>
   </trkpt>
   <trkpt lat="38.64219000000001" lon="-0.31799000000000005">
    <ele>909.66</ele>
   </trkpt>
   <trkpt lat="38.64215" lon="-0.31809000000000004">
    <ele>908.7900000000001</ele>
   </trkpt>
   <trkpt lat="38.64217" lon="-0.31820000000000004">
    <ele>907.87</ele>
   </trkpt>
   <trkpt lat="38.64227" lon="-0.31839">
    <ele>905.99</ele>
   </trkpt>
   <trkpt lat="38.64231" lon="-0.31854000000000005">
    <ele>904.32</ele>
   </trkpt>
   <trkpt lat="38.64231" lon="-0.3194">
    <ele>899.3100000000001</ele>
   </trkpt>
   <trkpt lat="38.642320000000005" lon="-0.31954000000000005">
    <ele>899.3100000000001</ele>
   </trkpt>
   <trkpt lat="38.642390000000006" lon="-0.31987000000000004">
    <ele>897.5300000000001</ele>
   </trkpt>
   <trkpt lat="38.64238" lon="-0.31998000000000004">
    <ele>896.34</ele>
   </trkpt>
   <trkpt lat="38.642340000000004" lon="-0.32005">
    <ele>896.34</ele>
   </trkpt>
   <trkpt lat="38.642120000000006" lon="-0.32023">
    <ele>893.33</ele>
   </trkpt>
   <trkpt lat="38.64199" lon="-0.32028">
    <ele>893.33</ele>
   </trkpt>
   <trkpt lat="38.641760000000005" lon="-0.32023">
    <ele>891.3000000000001</ele>
   </trkpt>
   <trkpt lat="38.64153" lon="-0.32011">
    <ele>890.1700000000001</ele>
   </trkpt>
   <trkpt lat="38.64123" lon="-0.32005">
    <ele>888.8600000000001</ele>
   </trkpt>
   <trkpt lat="38.640980000000006" lon="-0.31993000000000005">
    <ele>887.29</ele>
   </trkpt>
   <trkpt lat="38.64086" lon="-0.31994">
    <ele>886.7600000000001</ele>
   </trkpt>
   <trkpt lat="38.64078000000001" lon="-0.32">
    <ele>886.1300000000001</ele>
   </trkpt>
   <trkpt lat="38.64063" lon="-0.32028">
    <ele>883.9200000000001</ele>
   </trkpt>
   <trkpt lat="38.640370000000004" lon="-0.32065000000000005">
    <ele>881.21</ele>
   </trkpt>
   <trkpt lat="38.640330000000006" lon="-0.32075000000000004">
    <ele>878.69</ele>
   </trkpt>
   <trkpt lat="38.640120004388415" lon="-0.3217650029570114">
    <ele>873.59</ele>
   </trkpt>
   <trkpt lat="38.63991" lon="-0.32278">
    <ele>869.23</ele>
   </trkpt>
   <trkpt lat="38.639920000000004" lon="-0.32293000000000005">
    <ele>868.3700000000001</ele>
   </trkpt>
   <trkpt lat="38.64014" lon="-0.32322">
    <ele>865.7600000000001</ele>
   </trkpt>
   <trkpt lat="38.64018" lon="-0.32332000000000005">
    <ele>865.3400000000001</ele>
   </trkpt>
   <trkpt lat="38.64018" lon="-0.32338">
    <ele>864.4100000000001</ele>
   </trkpt>
   <trkpt lat="38.640150000000006" lon="-0.32344">
    <ele>864.4100000000001</ele>
   </trkpt>
   <trkpt lat="38.640080000000005" lon="-0.32349">
    <ele>862.94</ele>
   </trkpt>
   <trkpt lat="38.640010000000004" lon="-0.32348000000000005">
    <ele>861.99</ele>
   </trkpt>
   <trkpt lat="38.63998" lon="-0.32344">
    <ele>861.99</ele>
   </trkpt>
   <trkpt lat="38.63989" lon="-0.32320000000000004">
    <ele>859.8100000000001</ele>
   </trkpt>
   <trkpt lat="38.63973" lon="-0.323">
    <ele>857.4200000000001</ele>
   </trkpt>
   <trkpt lat="38.639680000000006" lon="-0.32288">
    <ele>857.4200000000001</ele>
   </trkpt>
   <trkpt lat="38.639630000000004" lon="-0.32255">
    <ele>855.5600000000001</ele>
   </trkpt>
   <trkpt lat="38.639610000000005" lon="-0.32177">
    <ele>850.71</ele>
   </trkpt>
   <trkpt lat="38.63956" lon="-0.32162">
    <ele>848.9300000000001</ele>
   </trkpt>
   <trkpt lat="38.63953" lon="-0.32156">
    <ele>848.9300000000001</ele>
   </trkpt>
   <trkpt lat="38.63946" lon="-0.32151">
    <ele>847.98</ele>
   </trkpt>
   <trkpt lat="38.63942" lon="-0.3215">
    <ele>847.98</ele>
   </trkpt>
   <trkpt lat="38.63922" lon="-0.32155">
    <ele>845.89</ele>
   </trkpt>
   <trkpt lat="38.63913" lon="-0.3215">
    <ele>845.89</ele>
   </trkpt>
   <trkpt lat="38.639050000000005" lon="-0.32144">
    <ele>845.89</ele>
   </trkpt>
   <trkpt lat="38.638980000000004" lon="-0.32128">
    <ele>845.89</ele>
   </trkpt>
   <trkpt lat="38.638920000000006" lon="-0.32111">
    <ele>841.1200000000001</ele>
   </trkpt>
   <trkpt lat="38.63891" lon="-0.32076000000000005">
    <ele>841.1200000000001</ele>
   </trkpt>
   <trkpt lat="38.638980000000004" lon="-0.32016">
    <ele>838.5</ele>
   </trkpt>
   <trkpt lat="38.639050000000005" lon="-0.31983">
    <ele>835.84</ele>
   </trkpt>
   <trkpt lat="38.63933" lon="-0.31911">
    <ele>830.23</ele>
   </trkpt>
   <trkpt lat="38.639410000000005" lon="-0.31867">
    <ele>827.6000000000001</ele>
   </trkpt>
   <trkpt lat="38.63942" lon="-0.31847000000000003">
    <ele>825.1400000000001</ele>
   </trkpt>
   <trkpt lat="38.63937000000001" lon="-0.31855">
    <ele>825.22</ele>
   </trkpt>
   <trkpt lat="38.63926" lon="-0.31878">
    <ele>825.08</ele>
   </trkpt>
   <trkpt lat="38.638900001289294" lon="-0.3193400028834594">
    <ele>825.09</ele>
   </trkpt>
   <trkpt lat="38.638540000000006" lon="-0.3199">
    <ele>825.19</ele>
   </trkpt>
   <trkpt lat="38.6385" lon="-0.32004000000000005">
    <ele>825.3000000000001</ele>
   </trkpt>
   <trkpt lat="38.63848" lon="-0.32033">
    <ele>825.58</ele>
   </trkpt>
   <trkpt lat="38.6385" lon="-0.32059000000000004">
    <ele>825.97</ele>
   </trkpt>
   <trkpt lat="38.638540000000006" lon="-0.32081000000000004">
    <ele>826.5600000000001</ele>
   </trkpt>
   <trkpt lat="38.63866" lon="-0.32120000000000004">
    <ele>827.01</ele>
   </trkpt>
   <trkpt lat="38.638670000000005" lon="-0.32131000000000004">
    <ele>827.01</ele>
   </trkpt>
   <trkpt lat="38.63866" lon="-0.32142000000000004">
    <ele>827.1500000000001</ele>
   </trkpt>
   <trkpt lat="38.63861" lon="-0.3215">
    <ele>827.1500000000001</ele>
   </trkpt>
   <trkpt lat="38.6385" lon="-0.32161">
    <ele>827.12</ele>
   </trkpt>
   <trkpt lat="38.63842" lon="-0.32166">
    <ele>827.06</ele>
   </trkpt>
   <trkpt lat="38.63817" lon="-0.32173">
    <ele>826.4</ele>
   </trkpt>
   <trkpt lat="38.63797" lon="-0.32181000000000004">
    <ele>825.2400000000001</ele>
   </trkpt>
   <trkpt lat="38.6379" lon="-0.32188">
    <ele>825.2400000000001</ele>
   </trkpt>
   <trkpt lat="38.63752333715669" lon="-0.32254667360242156">
    <ele>822.5100000000001</ele>
   </trkpt>
   <trkpt lat="38.6371466705301" lon="-0.32321334019808734">
    <ele>820.9200000000001</ele>
   </trkpt>
   <trkpt lat="38.636770000000006" lon="-0.32388">
    <ele>818.6300000000001</ele>
   </trkpt>
   <trkpt lat="38.636660000000006" lon="-0.32437000000000005">
    <ele>818.21</ele>
   </trkpt>
   <trkpt lat="38.63665" lon="-0.32471000000000005">
    <ele>817.09</ele>
   </trkpt>
   <trkpt lat="38.6366" lon="-0.32482000000000005">
    <ele>816.88</ele>
   </trkpt>
   <trkpt lat="38.63647" lon="-0.32494">
    <ele>816.6500000000001</ele>
   </trkpt>
   <trkpt lat="38.63631" lon="-0.32504000000000005">
    <ele>816.9200000000001</ele>
   </trkpt>
   <trkpt lat="38.63604" lon="-0.32495">
    <ele>817.5300000000001</ele>
   </trkpt>
   <trkpt lat="38.6358" lon="-0.3251">
    <ele>818.91</ele>
   </trkpt>
   <trkpt lat="38.635580000000004" lon="-0.32527">
    <ele>819.88</ele>
   </trkpt>
   <trkpt lat="38.635270000000006" lon="-0.32566">
    <ele>823.6800000000001</ele>
   </trkpt>
   <trkpt lat="38.63494" lon="-0.3261">
    <ele>826.1</ele>
   </trkpt>
   <trkpt lat="38.634890000000006" lon="-0.32621">
    <ele>826.1</ele>
   </trkpt>
   <trkpt lat="38.63485" lon="-0.32632">
    <ele>827.88</ele>
   </trkpt>
   <trkpt lat="38.63486" lon="-0.32669000000000004">
    <ele>829.13</ele>
   </trkpt>
   <trkpt lat="38.63499" lon="-0.32759000000000005">
    <ele>833.7700000000001</ele>
   </trkpt>
   <trkpt lat="38.6349" lon="-0.32779">
    <ele>834.28</ele>
   </trkpt>
   <trkpt lat="38.634840000000004" lon="-0.32785000000000003">
    <ele>835.19</ele>
   </trkpt>
   <trkpt lat="38.63476" lon="-0.32785000000000003">
    <ele>835.6600000000001</ele>
   </trkpt>
   <trkpt lat="38.634690000000006" lon="-0.32782">
    <ele>835.6600000000001</ele>
   </trkpt>
   <trkpt lat="38.63448" lon="-0.32766">
    <ele>837.7</ele>
   </trkpt>
   <trkpt lat="38.63438" lon="-0.32765000000000005">
    <ele>837.7</ele>
   </trkpt>
   <trkpt lat="38.63429" lon="-0.32766">
    <ele>837.7</ele>
   </trkpt>
   <trkpt lat="38.63414" lon="-0.32779">
    <ele>839.82</ele>
   </trkpt>
   <trkpt lat="38.63407" lon="-0.32793">
    <ele>839.82</ele>
   </trkpt>
   <trkpt lat="38.633810000000004" lon="-0.3286">
    <ele>844.72</ele>
   </trkpt>
   <trkpt lat="38.633700000000005" lon="-0.32877">
    <ele>845.34</ele>
   </trkpt>
   <trkpt lat="38.63362" lon="-0.32882">
    <ele>845.8800000000001</ele>
   </trkpt>
   <trkpt lat="38.633520000000004" lon="-0.32884">
    <ele>846.58</ele>
   </trkpt>
   <trkpt lat="38.63306000006027" lon="-0.3287899996845612">
    <ele>848.49</ele>
   </trkpt>
   <trkpt lat="38.632600000000004" lon="-0.32874000000000003">
    <ele>851.5400000000001</ele>
   </trkpt>
   <trkpt lat="38.63233" lon="-0.32877">
    <ele>852.21</ele>
   </trkpt>
   <trkpt lat="38.632110000000004" lon="-0.32873">
    <ele>853.6800000000001</ele>
   </trkpt>
   <trkpt lat="38.631800000000005" lon="-0.32862">
    <ele>855.31</ele>
   </trkpt>
   <trkpt lat="38.63174" lon="-0.32862">
    <ele>856.5200000000001</ele>
   </trkpt>
   <trkpt lat="38.63168" lon="-0.32866">
    <ele>856.5200000000001</ele>
   </trkpt>
   <trkpt lat="38.63163" lon="-0.32876000000000005">
    <ele>856.92</ele>
   </trkpt>
   <trkpt lat="38.631640000000004" lon="-0.32874000000000003">
    <ele>856.92</ele>
   </trkpt>
   <trkpt lat="38.63163" lon="-0.32884">
    <ele>857.5</ele>
   </trkpt>
   <trkpt lat="38.63167" lon="-0.32893">
    <ele>857.5</ele>
   </trkpt>
   <trkpt lat="38.63174" lon="-0.32896000000000003">
    <ele>857.5</ele>
   </trkpt>
   <trkpt lat="38.63183" lon="-0.32899">
    <ele>858.89</ele>
   </trkpt>
   <trkpt lat="38.63251" lon="-0.32905">
    <ele>862.28</ele>
   </trkpt>
   <trkpt lat="38.63259" lon="-0.3291">
    <ele>862.8000000000001</ele>
   </trkpt>
   <trkpt lat="38.633168005672175" lon="-0.3296759814472261">
    <ele>866.14</ele>
   </trkpt>
   <trkpt lat="38.63374600852042" lon="-0.3302519721825416">
    <ele>871.14</ele>
   </trkpt>
   <trkpt lat="38.634324008544596" lon="-0.33082797220624305">
    <ele>875.2</ele>
   </trkpt>
   <trkpt lat="38.63490200574463" lon="-0.33140398151862693">
    <ele>879.41</ele>
   </trkpt>
   <trkpt lat="38.63548" lon="-0.33198000000000005">
    <ele>883.2</ele>
   </trkpt>
   <trkpt lat="38.63595" lon="-0.33235000000000003">
    <ele>886.26</ele>
   </trkpt>
   <trkpt lat="38.63626" lon="-0.33255">
    <ele>888.6800000000001</ele>
   </trkpt>
   <trkpt lat="38.63672000012648" lon="-0.33268499914799105">
    <ele>893.0100000000001</ele>
   </trkpt>
   <trkpt lat="38.63718" lon="-0.33282">
    <ele>894.84</ele>
   </trkpt>
   <trkpt lat="38.637420000000006" lon="-0.33301000000000003">
    <ele>896.73</ele>
   </trkpt>
   <trkpt lat="38.637530000000005" lon="-0.33321">
    <ele>898.4900000000001</ele>
   </trkpt>
   <trkpt lat="38.63756" lon="-0.33349">
    <ele>899.61</ele>
   </trkpt>
   <trkpt lat="38.63734000299916" lon="-0.33432000229441194">
    <ele>902.6</ele>
   </trkpt>
   <trkpt lat="38.63712" lon="-0.33515">
    <ele>906.32</ele>
   </trkpt>
   <trkpt lat="38.63714" lon="-0.33537">
    <ele>907.63</ele>
   </trkpt>
   <trkpt lat="38.63727" lon="-0.33548">
    <ele>908.2500000000001</ele>
   </trkpt>
   <trkpt lat="38.63790500037966" lon="-0.3357749973907966">
    <ele>910.8100000000001</ele>
   </trkpt>
   <trkpt lat="38.638540000000006" lon="-0.33607000000000004">
    <ele>915.45</ele>
   </trkpt>
   <trkpt lat="38.63915" lon="-0.33632">
    <ele>919.8600000000001</ele>
   </trkpt>
   <trkpt lat="38.63926" lon="-0.33639">
    <ele>920.94</ele>
   </trkpt>
   <trkpt lat="38.639300000000006" lon="-0.33645">
    <ele>920.94</ele>
   </trkpt>
   <trkpt lat="38.63935" lon="-0.33661">
    <ele>921.66</ele>
   </trkpt>
   <trkpt lat="38.63936" lon="-0.33671">
    <ele>921.66</ele>
   </trkpt>
   <trkpt lat="38.639340000000004" lon="-0.33683">
    <ele>923.0400000000001</ele>
   </trkpt>
   <trkpt lat="38.63927" lon="-0.33698">
    <ele>923.0400000000001</ele>
   </trkpt>
   <trkpt lat="38.63884" lon="-0.33732">
    <ele>925.1300000000001</ele>
   </trkpt>
   <trkpt lat="38.638650000000005" lon="-0.33759">
    <ele>926.66</ele>
   </trkpt>
   <trkpt lat="38.638560000000005" lon="-0.33777">
    <ele>927.83</ele>
   </trkpt>
   <trkpt lat="38.63852" lon="-0.33795000000000003">
    <ele>928.33</ele>
   </trkpt>
   <trkpt lat="38.6385" lon="-0.33815">
    <ele>929.37</ele>
   </trkpt>
   <trkpt lat="38.638540000000006" lon="-0.33883">
    <ele>932.7500000000001</ele>
   </trkpt>
   <trkpt lat="38.63853" lon="-0.33898">
    <ele>932.7500000000001</ele>
   </trkpt>
   <trkpt lat="38.638490000000004" lon="-0.3392">
    <ele>934.2800000000001</ele>
   </trkpt>
   <trkpt lat="38.63841" lon="-0.33939">
    <ele>935.94</ele>
   </trkpt>
   <trkpt lat="38.638290000000005" lon="-0.33955">
    <ele>937.2</ele>
   </trkpt>
   <trkpt lat="38.638220000000004" lon="-0.33961">
    <ele>937.2</ele>
   </trkpt>
   <trkpt lat="38.63814" lon="-0.33965">
    <ele>937.7400000000001</ele>
   </trkpt>
   <trkpt lat="38.638020000000004" lon="-0.33967">
    <ele>937.7400000000001</ele>
   </trkpt>
   <trkpt lat="38.637510000000006" lon="-0.33967">
    <ele>941.58</ele>
   </trkpt>
   <trkpt lat="38.6373" lon="-0.33977">
    <ele>942.5600000000001</ele>
   </trkpt>
   <trkpt lat="38.63721" lon="-0.33993">
    <ele>942.9900000000001</ele>
   </trkpt>
   <trkpt lat="38.63692" lon="-0.34073000000000003">
    <ele>946.0100000000001</ele>
   </trkpt>
   <trkpt lat="38.63689" lon="-0.34096000000000004">
    <ele>947.44</ele>
   </trkpt>
   <trkpt lat="38.63692" lon="-0.34133">
    <ele>949.21</ele>
   </trkpt>
   <trkpt lat="38.637010000000004" lon="-0.34159">
    <ele>951.1</ele>
   </trkpt>
   <trkpt lat="38.63746500131225" lon="-0.34215499635576596">
    <ele>954.08</ele>
   </trkpt>
   <trkpt lat="38.63792" lon="-0.34272">
    <ele>958.37</ele>
   </trkpt>
   <trkpt lat="38.638040000000004" lon="-0.34292">
    <ele>958.9000000000001</ele>
   </trkpt>
   <trkpt lat="38.638090000000005" lon="-0.3431">
    <ele>959.3900000000001</ele>
   </trkpt>
   <trkpt lat="38.638090000000005" lon="-0.34348">
    <ele>960.9300000000001</ele>
   </trkpt>
   <trkpt lat="38.63803" lon="-0.3437">
    <ele>962.4</ele>
   </trkpt>
   <trkpt lat="38.637980000000006" lon="-0.34381">
    <ele>962.4</ele>
   </trkpt>
   <trkpt lat="38.63787000000001" lon="-0.34398">
    <ele>963.76</ele>
   </trkpt>
   <trkpt lat="38.63750000063644" lon="-0.3444000022978633">
    <ele>966.0200000000001</ele>
   </trkpt>
   <trkpt lat="38.637130000000006" lon="-0.34482">
    <ele>968.96</ele>
   </trkpt>
   <trkpt lat="38.636880000000005" lon="-0.34549">
    <ele>971.8100000000001</ele>
   </trkpt>
   <trkpt lat="38.636770000000006" lon="-0.3456">
    <ele>972.44</ele>
   </trkpt>
   <trkpt lat="38.63646000000001" lon="-0.34581">
    <ele>974.1200000000001</ele>
   </trkpt>
   <trkpt lat="38.63629" lon="-0.34603">
    <ele>975.1700000000001</ele>
   </trkpt>
   <trkpt lat="38.63602000132749" lon="-0.3465950021934027">
    <ele>977.1400000000001</ele>
   </trkpt>
   <trkpt lat="38.63575" lon="-0.34716">
    <ele>981.0200000000001</ele>
   </trkpt>
   <trkpt lat="38.635630000000006" lon="-0.34736">
    <ele>981.0200000000001</ele>
   </trkpt>
   <trkpt lat="38.635220000000004" lon="-0.34793">
    <ele>984.8000000000001</ele>
   </trkpt>
   <trkpt lat="38.635180000000005" lon="-0.34803">
    <ele>985.13</ele>
   </trkpt>
   <trkpt lat="38.635160000000006" lon="-0.34814">
    <ele>985.4</ele>
   </trkpt>
   <trkpt lat="38.63519" lon="-0.34825">
    <ele>985.62</ele>
   </trkpt>
   <trkpt lat="38.635380000000005" lon="-0.34855">
    <ele>985.98</ele>
   </trkpt>
   <trkpt lat="38.63544" lon="-0.34872000000000003">
    <ele>985.98</ele>
   </trkpt>
   <trkpt lat="38.63542" lon="-0.34899">
    <ele>986.0600000000001</ele>
   </trkpt>
   <trkpt lat="38.63526" lon="-0.34982">
    <ele>986.16</ele>
   </trkpt>
   <trkpt lat="38.63523" lon="-0.35009">
    <ele>986.2700000000001</ele>
   </trkpt>
   <trkpt lat="38.635250000000006" lon="-0.35025">
    <ele>986.07</ele>
   </trkpt>
   <trkpt lat="38.635470000000005" lon="-0.35075">
    <ele>985.99</ele>
   </trkpt>
   <trkpt lat="38.6357" lon="-0.35116">
    <ele>986.6800000000001</ele>
   </trkpt>
   <trkpt lat="38.63582" lon="-0.35131">
    <ele>986.74</ele>
   </trkpt>
   <trkpt lat="38.6358" lon="-0.3513">
    <ele>986.74</ele>
   </trkpt>
   <trkpt lat="38.63598" lon="-0.35136">
    <ele>986.8700000000001</ele>
   </trkpt>
   <trkpt lat="38.636230000000005" lon="-0.35142">
    <ele>986.95</ele>
   </trkpt>
   <trkpt lat="38.636660000000006" lon="-0.35147">
    <ele>987.23</ele>
   </trkpt>
   <trkpt lat="38.63689" lon="-0.35136">
    <ele>987.2900000000001</ele>
   </trkpt>
   <trkpt lat="38.63733000051015" lon="-0.3509850023773046">
    <ele>987.3900000000001</ele>
   </trkpt>
   <trkpt lat="38.63777" lon="-0.35061000000000003">
    <ele>987.65</ele>
   </trkpt>
   <trkpt lat="38.63857" lon="-0.35028000000000004">
    <ele>988.1200000000001</ele>
   </trkpt>
   <trkpt lat="38.63871" lon="-0.35025">
    <ele>988.28</ele>
   </trkpt>
   <trkpt lat="38.63881000000001" lon="-0.35025">
    <ele>988.4300000000001</ele>
   </trkpt>
   <trkpt lat="38.63909" lon="-0.35036">
    <ele>988.7300000000001</ele>
   </trkpt>
   <trkpt lat="38.639250000000004" lon="-0.35036">
    <ele>988.9200000000001</ele>
   </trkpt>
   <trkpt lat="38.63935" lon="-0.35033000000000003">
    <ele>989.1</ele>
   </trkpt>
   <trkpt lat="38.63976" lon="-0.35014">
    <ele>989.4200000000001</ele>
   </trkpt>
   <trkpt lat="38.639970000000005" lon="-0.35008">
    <ele>989.8000000000001</ele>
   </trkpt>
   <trkpt lat="38.640600000000006" lon="-0.35011000000000003">
    <ele>990.3700000000001</ele>
   </trkpt>
   <trkpt lat="38.640750000000004" lon="-0.35009">
    <ele>990.5500000000001</ele>
   </trkpt>
   <trkpt lat="38.640930000000004" lon="-0.35003">
    <ele>990.9300000000001</ele>
   </trkpt>
   <trkpt lat="38.64132" lon="-0.34975">
    <ele>991.1700000000001</ele>
   </trkpt>
   <trkpt lat="38.641830000000006" lon="-0.34926">
    <ele>991.7600000000001</ele>
   </trkpt>
   <trkpt lat="38.642010000000006" lon="-0.34903">
    <ele>992.1200000000001</ele>
   </trkpt>
   <trkpt lat="38.64231" lon="-0.34853">
    <ele>992.5300000000001</ele>
   </trkpt>
   <trkpt lat="38.642680000000006" lon="-0.34805">
    <ele>993.0200000000001</ele>
   </trkpt>
   <trkpt lat="38.642810000000004" lon="-0.34786">
    <ele>993.38</ele>
   </trkpt>
   <trkpt lat="38.64302" lon="-0.34742">
    <ele>993.6600000000001</ele>
   </trkpt>
   <trkpt lat="38.64352" lon="-0.34666">
    <ele>994.59</ele>
   </trkpt>
   <trkpt lat="38.643600000000006" lon="-0.34648">
    <ele>994.59</ele>
   </trkpt>
   <trkpt lat="38.643820000000005" lon="-0.34583">
    <ele>995.35</ele>
   </trkpt>
   <trkpt lat="38.643930000000005" lon="-0.34559">
    <ele>995.35</ele>
   </trkpt>
   <trkpt lat="38.64452" lon="-0.34481">
    <ele>996.1400000000001</ele>
   </trkpt>
   <trkpt lat="38.64472000000001" lon="-0.34456000000000003">
    <ele>996.1400000000001</ele>
   </trkpt>
   <trkpt lat="38.645200001039456" lon="-0.34406000337495585">
    <ele>996.74</ele>
   </trkpt>
   <trkpt lat="38.645680000000006" lon="-0.34356000000000003">
    <ele>996.86</ele>
   </trkpt>
   <trkpt lat="38.646010000000004" lon="-0.34337">
    <ele>996.96</ele>
   </trkpt>
   <trkpt lat="38.64678250145003" lon="-0.3430350108277709">
    <ele>997.3900000000001</ele>
   </trkpt>
   <trkpt lat="38.64755500194473" lon="-0.3427000144323453">
    <ele>997.19</ele>
   </trkpt>
   <trkpt lat="38.64832750148406" lon="-0.3423650108133769">
    <ele>996.3000000000001</ele>
   </trkpt>
   <trkpt lat="38.649100000000004" lon="-0.34203">
    <ele>995.3600000000001</ele>
   </trkpt>
   <trkpt lat="38.649300000000004" lon="-0.34189">
    <ele>995.09</ele>
   </trkpt>
   <trkpt lat="38.64936" lon="-0.34182">
    <ele>994.8000000000001</ele>
   </trkpt>
   <trkpt lat="38.64992000677801" lon="-0.34092668065714665">
    <ele>994.08</ele>
   </trkpt>
   <trkpt lat="38.65048000676225" lon="-0.34003334734917967">
    <ele>993.6700000000001</ele>
   </trkpt>
   <trkpt lat="38.65104" lon="-0.33914000000000005">
    <ele>993.8000000000001</ele>
   </trkpt>
   <trkpt lat="38.651435001116525" lon="-0.33864500263705777">
    <ele>993.1700000000001</ele>
   </trkpt>
   <trkpt lat="38.651830000000004" lon="-0.33815">
    <ele>991.5500000000001</ele>
   </trkpt>
   <trkpt lat="38.652280000000005" lon="-0.33774000000000004">
    <ele>988.9700000000001</ele>
   </trkpt>
   <trkpt lat="38.65304000130821" lon="-0.33720500561259126">
    <ele>984.44</ele>
   </trkpt>
   <trkpt lat="38.653800000000004" lon="-0.33667">
    <ele>978.74</ele>
   </trkpt>
   <trkpt lat="38.654090000000004" lon="-0.33666">
    <ele>977.1200000000001</ele>
   </trkpt>
   <trkpt lat="38.654270000000004" lon="-0.33667">
    <ele>974.33</ele>
   </trkpt>
   <trkpt lat="38.654410000000006" lon="-0.33672">
    <ele>974.33</ele>
   </trkpt>
   <trkpt lat="38.6544" lon="-0.33671">
    <ele>974.33</ele>
   </trkpt>
   <trkpt lat="38.654650000000004" lon="-0.33687">
    <ele>973.3100000000001</ele>
   </trkpt>
   <trkpt lat="38.65485" lon="-0.3371">
    <ele>970.7900000000001</ele>
   </trkpt>
   <trkpt lat="38.65493" lon="-0.33743">
    <ele>967.5300000000001</ele>
   </trkpt>
   <trkpt lat="38.655080000000005" lon="-0.33827">
    <ele>964.0500000000001</ele>
   </trkpt>
   <trkpt lat="38.655170000000005" lon="-0.3385">
    <ele>962.83</ele>
   </trkpt>
   <trkpt lat="38.65523" lon="-0.33859">
    <ele>960.8000000000001</ele>
   </trkpt>
   <trkpt lat="38.65538" lon="-0.33861">
    <ele>960.8000000000001</ele>
   </trkpt>
   <trkpt lat="38.65607" lon="-0.3386">
    <ele>956.62</ele>
   </trkpt>
   <trkpt lat="38.65626" lon="-0.33865">
    <ele>956.08</ele>
   </trkpt>
   <trkpt lat="38.656330000000004" lon="-0.3387">
    <ele>954.8900000000001</ele>
   </trkpt>
   <trkpt lat="38.65704" lon="-0.33939">
    <ele>949.32</ele>
   </trkpt>
   <trkpt lat="38.657210000000006" lon="-0.33948">
    <ele>947.2</ele>
   </trkpt>
   <trkpt lat="38.6574" lon="-0.33948">
    <ele>945.5400000000001</ele>
   </trkpt>
   <trkpt lat="38.658010000000004" lon="-0.33945000000000003">
    <ele>941.33</ele>
   </trkpt>
   <trkpt lat="38.65813" lon="-0.33948">
    <ele>941.33</ele>
   </trkpt>
   <trkpt lat="38.658300000000004" lon="-0.33955">
    <ele>939.8700000000001</ele>
   </trkpt>
   <trkpt lat="38.65865" lon="-0.33983">
    <ele>938.37</ele>
   </trkpt>
   <trkpt lat="38.65915500051149" lon="-0.34019499738618697">
    <ele>933.2</ele>
   </trkpt>
   <trkpt lat="38.65966" lon="-0.34056000000000003">
    <ele>930.6500000000001</ele>
   </trkpt>
   <trkpt lat="38.6601" lon="-0.34089">
    <ele>929.39</ele>
   </trkpt>
   <trkpt lat="38.66019" lon="-0.341">
    <ele>927.0500000000001</ele>
   </trkpt>
   <trkpt lat="38.66026" lon="-0.34123000000000003">
    <ele>927.0500000000001</ele>
   </trkpt>
   <trkpt lat="38.66031" lon="-0.3416">
    <ele>925.5000000000001</ele>
   </trkpt>
   <trkpt lat="38.66035" lon="-0.34177">
    <ele>924.85</ele>
   </trkpt>
   <trkpt lat="38.660430000000005" lon="-0.34198">
    <ele>924.85</ele>
   </trkpt>
   <trkpt lat="38.66078000130303" lon="-0.3425199974561844">
    <ele>922.5600000000001</ele>
   </trkpt>
   <trkpt lat="38.66113" lon="-0.34306000000000003">
    <ele>921.76</ele>
   </trkpt>
   <trkpt lat="38.66135000223229" lon="-0.34377999787159413">
    <ele>918.6400000000001</ele>
   </trkpt>
   <trkpt lat="38.661570000000005" lon="-0.34450000000000003">
    <ele>916.6700000000001</ele>
   </trkpt>
   <trkpt lat="38.662067505095784" lon="-0.3451324868011159">
    <ele>914.44</ele>
   </trkpt>
   <trkpt lat="38.66256500678559" lon="-0.3457649823900889">
    <ele>911.6400000000001</ele>
   </trkpt>
   <trkpt lat="38.663062505069334" lon="-0.34639748676713733">
    <ele>910.6400000000001</ele>
   </trkpt>
   <trkpt lat="38.663560000000004" lon="-0.34703">
    <ele>910.3700000000001</ele>
   </trkpt>
   <trkpt lat="38.663650000000004" lon="-0.34718000000000004">
    <ele>910.3700000000001</ele>
   </trkpt>
   <trkpt lat="38.66376" lon="-0.34747">
    <ele>910.0</ele>
   </trkpt>
   <trkpt lat="38.66398" lon="-0.34836">
    <ele>908.2800000000001</ele>
   </trkpt>
   <trkpt lat="38.663990000000005" lon="-0.34849">
    <ele>908.2800000000001</ele>
   </trkpt>
   <trkpt lat="38.66395" lon="-0.34887">
    <ele>907.51</ele>
   </trkpt>
   <trkpt lat="38.66395" lon="-0.34904">
    <ele>907.51</ele>
   </trkpt>
   <trkpt lat="38.66402" lon="-0.34948">
    <ele>906.57</ele>
   </trkpt>
   <trkpt lat="38.66415000000001" lon="-0.34992">
    <ele>905.5000000000001</ele>
   </trkpt>
   <trkpt lat="38.66476" lon="-0.35076">
    <ele>903.7600000000001</ele>
   </trkpt>
   <trkpt lat="38.66508" lon="-0.35114">
    <ele>903.1600000000001</ele>
   </trkpt>
   <trkpt lat="38.66521" lon="-0.35121">
    <ele>902.75</ele>
   </trkpt>
   <trkpt lat="38.666030000000006" lon="-0.35142">
    <ele>901.38</ele>
   </trkpt>
   <trkpt lat="38.66624" lon="-0.35153">
    <ele>900.7600000000001</ele>
   </trkpt>
   <trkpt lat="38.666695000567536" lon="-0.3519149974997833">
    <ele>899.3100000000001</ele>
   </trkpt>
   <trkpt lat="38.66715000000001" lon="-0.3523">
    <ele>898.3000000000001</ele>
   </trkpt>
   <trkpt lat="38.66752" lon="-0.35242">
    <ele>897.0300000000001</ele>
   </trkpt>
   <trkpt lat="38.66805500023513" lon="-0.35255499903100157">
    <ele>893.75</ele>
   </trkpt>
   <trkpt lat="38.66859" lon="-0.35269">
    <ele>891.4000000000001</ele>
   </trkpt>
   <trkpt lat="38.6687" lon="-0.35272000000000003">
    <ele>890.97</ele>
   </trkpt>
   <trkpt lat="38.66877" lon="-0.3528">
    <ele>890.4200000000001</ele>
   </trkpt>
   <trkpt lat="38.66888" lon="-0.35299">
    <ele>889.9</ele>
   </trkpt>
   <trkpt lat="38.66903000130105" lon="-0.35354499879924145">
    <ele>888.12</ele>
   </trkpt>
   <trkpt lat="38.669180000000004" lon="-0.3541">
    <ele>886.58</ele>
   </trkpt>
   <trkpt lat="38.66928" lon="-0.35442">
    <ele>885.82</ele>
   </trkpt>
   <trkpt lat="38.66944" lon="-0.35469">
    <ele>883.99</ele>
   </trkpt>
   <trkpt lat="38.66996000154431" lon="-0.35530499545519706">
    <ele>878.8100000000001</ele>
   </trkpt>
   <trkpt lat="38.670480000000005" lon="-0.35592">
    <ele>874.5600000000001</ele>
   </trkpt>
   <trkpt lat="38.67054" lon="-0.35605000000000003">
    <ele>874.09</ele>
   </trkpt>
   <trkpt lat="38.670590000000004" lon="-0.35624000000000006">
    <ele>874.09</ele>
   </trkpt>
   <trkpt lat="38.67062000000001" lon="-0.35652">
    <ele>872.5600000000001</ele>
   </trkpt>
   <trkpt lat="38.670750000000005" lon="-0.35671">
    <ele>871.3900000000001</ele>
   </trkpt>
   <trkpt lat="38.67103" lon="-0.35691">
    <ele>869.57</ele>
   </trkpt>
   <trkpt lat="38.671110000000006" lon="-0.35708">
    <ele>868.08</ele>
   </trkpt>
   <trkpt lat="38.67116" lon="-0.35748">
    <ele>866.3900000000001</ele>
   </trkpt>
   <trkpt lat="38.671200000000006" lon="-0.35759">
    <ele>865.7900000000001</ele>
   </trkpt>
   <trkpt lat="38.671260000000004" lon="-0.35769">
    <ele>864.7900000000001</ele>
   </trkpt>
   <trkpt lat="38.67137" lon="-0.35776">
    <ele>863.38</ele>
   </trkpt>
   <trkpt lat="38.671620000000004" lon="-0.35788000000000003">
    <ele>862.36</ele>
   </trkpt>
   <trkpt lat="38.6717" lon="-0.35797">
    <ele>861.04</ele>
   </trkpt>
   <trkpt lat="38.67211" lon="-0.35848">
    <ele>857.28</ele>
   </trkpt>
   <trkpt lat="38.672290000000004" lon="-0.35858">
    <ele>856.44</ele>
   </trkpt>
   <trkpt lat="38.67249" lon="-0.35857000000000006">
    <ele>855.26</ele>
   </trkpt>
   <trkpt lat="38.6726" lon="-0.35847">
    <ele>854.1500000000001</ele>
   </trkpt>
   <trkpt lat="38.67264" lon="-0.35835">
    <ele>852.82</ele>
   </trkpt>
   <trkpt lat="38.672720000000005" lon="-0.35778000000000004">
    <ele>850.1800000000001</ele>
   </trkpt>
   <trkpt lat="38.67282" lon="-0.35691">
    <ele>845.8700000000001</ele>
   </trkpt>
   <trkpt lat="38.67275" lon="-0.35674">
    <ele>845.8700000000001</ele>
   </trkpt>
   <trkpt lat="38.672670000000004" lon="-0.35663">
    <ele>843.3900000000001</ele>
   </trkpt>
   <trkpt lat="38.67264" lon="-0.35647">
    <ele>843.3900000000001</ele>
   </trkpt>
   <trkpt lat="38.672920000000005" lon="-0.35566000000000003">
    <ele>840.0300000000001</ele>
   </trkpt>
   <trkpt lat="38.67293" lon="-0.35547">
    <ele>838.6600000000001</ele>
   </trkpt>
   <trkpt lat="38.672880000000006" lon="-0.35493">
    <ele>836.4100000000001</ele>
   </trkpt>
   <trkpt lat="38.672880000000006" lon="-0.35475">
    <ele>835.1700000000001</ele>
   </trkpt>
   <trkpt lat="38.672900000000006" lon="-0.35464">
    <ele>835.1700000000001</ele>
   </trkpt>
   <trkpt lat="38.67295" lon="-0.35455000000000003">
    <ele>833.88</ele>
   </trkpt>
   <trkpt lat="38.673280000000005" lon="-0.35409">
    <ele>831.3600000000001</ele>
   </trkpt>
   <trkpt lat="38.67333" lon="-0.35398">
    <ele>831.3600000000001</ele>
   </trkpt>
   <trkpt lat="38.67336" lon="-0.35386">
    <ele>830.8100000000001</ele>
   </trkpt>
   <trkpt lat="38.67339000553213" lon="-0.3527200005051382">
    <ele>825.34</ele>
   </trkpt>
   <trkpt lat="38.67342" lon="-0.35158">
    <ele>819.01</ele>
   </trkpt>
   <trkpt lat="38.67336" lon="-0.35131">
    <ele>817.4500000000002</ele>
   </trkpt>
   <trkpt lat="38.67336" lon="-0.35122000000000003">
    <ele>817.4500000000002</ele>
   </trkpt>
   <trkpt lat="38.673410000000004" lon="-0.35114">
    <ele>817.4500000000002</ele>
   </trkpt>
   <trkpt lat="38.673460000000006" lon="-0.35114">
    <ele>816.21</ele>
   </trkpt>
   <trkpt lat="38.67352" lon="-0.35125">
    <ele>815.44</ele>
   </trkpt>
   <trkpt lat="38.67361500171976" lon="-0.351889998988617">
    <ele>810.5300000000001</ele>
   </trkpt>
   <trkpt lat="38.67371" lon="-0.35253">
    <ele>808.6200000000001</ele>
   </trkpt>
   <trkpt lat="38.67378" lon="-0.35286">
    <ele>807.8700000000001</ele>
   </trkpt>
   <trkpt lat="38.67394" lon="-0.3533">
    <ele>805.2300000000001</ele>
   </trkpt>
   <trkpt lat="38.67399" lon="-0.35353">
    <ele>804.3</ele>
   </trkpt>
   <trkpt lat="38.673970000000004" lon="-0.35386">
    <ele>803.2300000000001</ele>
   </trkpt>
   <trkpt lat="38.67391000000001" lon="-0.3543">
    <ele>801.47</ele>
   </trkpt>
   <trkpt lat="38.67387" lon="-0.35442">
    <ele>800.57</ele>
   </trkpt>
   <trkpt lat="38.67363" lon="-0.35483000000000003">
    <ele>798.75</ele>
   </trkpt>
   <trkpt lat="38.67363" lon="-0.35492">
    <ele>798.75</ele>
   </trkpt>
   <trkpt lat="38.67367" lon="-0.35508">
    <ele>798.0400000000001</ele>
   </trkpt>
   <trkpt lat="38.673860000000005" lon="-0.35536">
    <ele>796.0500000000001</ele>
   </trkpt>
   <trkpt lat="38.67392" lon="-0.35553">
    <ele>796.0500000000001</ele>
   </trkpt>
   <trkpt lat="38.67392" lon="-0.35563">
    <ele>794.45</ele>
   </trkpt>
   <trkpt lat="38.6738" lon="-0.35602">
    <ele>793.5300000000001</ele>
   </trkpt>
   <trkpt lat="38.67378" lon="-0.35624000000000006">
    <ele>792.33</ele>
   </trkpt>
   <trkpt lat="38.673840000000006" lon="-0.35636">
    <ele>791.88</ele>
   </trkpt>
   <trkpt lat="38.674020000000006" lon="-0.35652">
    <ele>790.22</ele>
   </trkpt>
   <trkpt lat="38.674080000000004" lon="-0.35663">
    <ele>790.22</ele>
   </trkpt>
   <trkpt lat="38.6741" lon="-0.3567">
    <ele>789.32</ele>
   </trkpt>
   <trkpt lat="38.674080000000004" lon="-0.35691">
    <ele>789.32</ele>
   </trkpt>
   <trkpt lat="38.67398" lon="-0.35719">
    <ele>786.5600000000001</ele>
   </trkpt>
   <trkpt lat="38.67396" lon="-0.35744000000000004">
    <ele>785.49</ele>
   </trkpt>
   <trkpt lat="38.67399" lon="-0.35755000000000003">
    <ele>785.49</ele>
   </trkpt>
   <trkpt lat="38.674110000000006" lon="-0.3578">
    <ele>783.8100000000001</ele>
   </trkpt>
   <trkpt lat="38.674605002027555" lon="-0.35850499499879857">
    <ele>781.96</ele>
   </trkpt>
   <trkpt lat="38.6751" lon="-0.35921000000000003">
    <ele>780.2600000000001</ele>
   </trkpt>
   <trkpt lat="38.67521" lon="-0.35927000000000003">
    <ele>780.2600000000001</ele>
   </trkpt>
   <trkpt lat="38.67566500010928" lon="-0.35946499873791365">
    <ele>777.83</ele>
   </trkpt>
   <trkpt lat="38.676120000000004" lon="-0.35966000000000004">
    <ele>774.6700000000001</ele>
   </trkpt>
   <trkpt lat="38.676230000000004" lon="-0.35975">
    <ele>773.6200000000001</ele>
   </trkpt>
   <trkpt lat="38.67629" lon="-0.35991">
    <ele>772.11</ele>
   </trkpt>
   <trkpt lat="38.67631" lon="-0.36008">
    <ele>772.11</ele>
   </trkpt>
   <trkpt lat="38.67633" lon="-0.36081">
    <ele>769.17</ele>
   </trkpt>
   <trkpt lat="38.67638" lon="-0.36096">
    <ele>768.6</ele>
   </trkpt>
   <trkpt lat="38.67644000000001" lon="-0.36097">
    <ele>767.9200000000001</ele>
   </trkpt>
   <trkpt lat="38.676480000000005" lon="-0.36092">
    <ele>767.9200000000001</ele>
   </trkpt>
   <trkpt lat="38.676500000000004" lon="-0.36086">
    <ele>767.9200000000001</ele>
   </trkpt>
   <trkpt lat="38.676490001455115" lon="-0.36027499980736755">
    <ele>764.72</ele>
   </trkpt>
   <trkpt lat="38.676480000000005" lon="-0.35969">
    <ele>760.3700000000001</ele>
   </trkpt>
   <trkpt lat="38.6764" lon="-0.35929000000000005">
    <ele>758.6100000000001</ele>
   </trkpt>
   <trkpt lat="38.67633" lon="-0.35904">
    <ele>757.0500000000001</ele>
   </trkpt>
   <trkpt lat="38.67622" lon="-0.35885">
    <ele>756.14</ele>
   </trkpt>
   <trkpt lat="38.676120000000004" lon="-0.3588">
    <ele>754.5200000000001</ele>
   </trkpt>
   <trkpt lat="38.675720000000005" lon="-0.35866000000000003">
    <ele>752.8100000000001</ele>
   </trkpt>
   <trkpt lat="38.67553" lon="-0.35855000000000004">
    <ele>750.5400000000001</ele>
   </trkpt>
   <trkpt lat="38.67546" lon="-0.35847">
    <ele>750.5400000000001</ele>
   </trkpt>
   <trkpt lat="38.675380000000004" lon="-0.3583">
    <ele>748.7800000000001</ele>
   </trkpt>
   <trkpt lat="38.67519" lon="-0.35759">
    <ele>744.84</ele>
   </trkpt>
   <trkpt lat="38.675160000000005" lon="-0.35736">
    <ele>744.24</ele>
   </trkpt>
   <trkpt lat="38.675160000000005" lon="-0.35719">
    <ele>743.71</ele>
   </trkpt>
   <trkpt lat="38.67519" lon="-0.35708">
    <ele>743.29</ele>
   </trkpt>
   <trkpt lat="38.675340000000006" lon="-0.35683000000000004">
    <ele>742.14</ele>
   </trkpt>
   <trkpt lat="38.67537" lon="-0.3567">
    <ele>741.7300000000001</ele>
   </trkpt>
   <trkpt lat="38.67537" lon="-0.35658">
    <ele>741.7300000000001</ele>
   </trkpt>
   <trkpt lat="38.675290000000004" lon="-0.35626">
    <ele>741.1700000000001</ele>
   </trkpt>
   <trkpt lat="38.67531" lon="-0.35614">
    <ele>740.86</ele>
   </trkpt>
   <trkpt lat="38.67537" lon="-0.35602">
    <ele>740.75</ele>
   </trkpt>
   <trkpt lat="38.67551" lon="-0.35586">
    <ele>740.5600000000001</ele>
   </trkpt>
   <trkpt lat="38.675540000000005" lon="-0.35575">
    <ele>740.5</ele>
   </trkpt>
   <trkpt lat="38.67553" lon="-0.35564">
    <ele>740.19</ele>
   </trkpt>
   <trkpt lat="38.67541000000001" lon="-0.3553">
    <ele>739.19</ele>
   </trkpt>
   <trkpt lat="38.67542" lon="-0.3552">
    <ele>738.59</ele>
   </trkpt>
   <trkpt lat="38.675470000000004" lon="-0.35519">
    <ele>738.59</ele>
   </trkpt>
   <trkpt lat="38.67551" lon="-0.35519">
    <ele>738.59</ele>
   </trkpt>
   <trkpt lat="38.67555" lon="-0.35525">
    <ele>736.8</ele>
   </trkpt>
   <trkpt lat="38.675750004884506" lon="-0.35600666247365625">
    <ele>732.9000000000001</ele>
   </trkpt>
   <trkpt lat="38.6759500048939" lon="-0.35676332917578746">
    <ele>729.65</ele>
   </trkpt>
   <trkpt lat="38.67615" lon="-0.35752">
    <ele>725.5100000000001</ele>
   </trkpt>
   <trkpt lat="38.676230000000004" lon="-0.35774">
    <ele>724.28</ele>
   </trkpt>
   <trkpt lat="38.67634" lon="-0.35791">
    <ele>724.28</ele>
   </trkpt>
   <trkpt lat="38.676820000000006" lon="-0.35824">
    <ele>720.22</ele>
   </trkpt>
   <trkpt lat="38.67692" lon="-0.35833000000000004">
    <ele>720.22</ele>
   </trkpt>
   <trkpt lat="38.6771" lon="-0.35858">
    <ele>718.72</ele>
   </trkpt>
   <trkpt lat="38.677290000000006" lon="-0.35887">
    <ele>715.7800000000001</ele>
   </trkpt>
   <trkpt lat="38.67747000000001" lon="-0.35947">
    <ele>714.19</ele>
   </trkpt>
   <trkpt lat="38.67765" lon="-0.36032000000000003">
    <ele>709.16</ele>
   </trkpt>
   <trkpt lat="38.67768" lon="-0.36074">
    <ele>708.1700000000001</ele>
   </trkpt>
   <trkpt lat="38.67765" lon="-0.36102">
    <ele>706.62</ele>
   </trkpt>
   <trkpt lat="38.67756" lon="-0.36146">
    <ele>704.82</ele>
   </trkpt>
   <trkpt lat="38.67746" lon="-0.36174">
    <ele>703.98</ele>
   </trkpt>
   <trkpt lat="38.677310000000006" lon="-0.36197">
    <ele>703.3100000000001</ele>
   </trkpt>
   <trkpt lat="38.677310000000006" lon="-0.36204000000000003">
    <ele>702.82</ele>
   </trkpt>
   <trkpt lat="38.67734" lon="-0.36209">
    <ele>702.49</ele>
   </trkpt>
   <trkpt lat="38.677400000000006" lon="-0.36213">
    <ele>702.49</ele>
   </trkpt>
   <trkpt lat="38.67746" lon="-0.36208">
    <ele>701.34</ele>
   </trkpt>
   <trkpt lat="38.6777833380353" lon="-0.3613366733894624">
    <ele>696.5100000000001</ele>
   </trkpt>
   <trkpt lat="38.678106671365725" lon="-0.36059334006290567">
    <ele>693.5600000000001</ele>
   </trkpt>
   <trkpt lat="38.678430000000006" lon="-0.35985">
    <ele>688.1600000000001</ele>
   </trkpt>
   <trkpt lat="38.67846" lon="-0.35981">
    <ele>688.1600000000001</ele>
   </trkpt>
   <trkpt lat="38.67853" lon="-0.35977000000000003">
    <ele>688.1600000000001</ele>
   </trkpt>
   <trkpt lat="38.678560000000004" lon="-0.35976">
    <ele>688.1600000000001</ele>
   </trkpt>
   <trkpt lat="38.678650000000005" lon="-0.3598">
    <ele>686.21</ele>
   </trkpt>
   <trkpt lat="38.678760000000004" lon="-0.35991">
    <ele>686.21</ele>
   </trkpt>
   <trkpt lat="38.67878" lon="-0.36013">
    <ele>684.5600000000001</ele>
   </trkpt>
   <trkpt lat="38.67856000129157" lon="-0.36070000198966945">
    <ele>681.62</ele>
   </trkpt>
   <trkpt lat="38.678340000000006" lon="-0.36127000000000004">
    <ele>677.62</ele>
   </trkpt>
   <trkpt lat="38.67795" lon="-0.36215">
    <ele>674.1100000000001</ele>
   </trkpt>
   <trkpt lat="38.6779" lon="-0.36238000000000004">
    <ele>673.66</ele>
   </trkpt>
   <trkpt lat="38.6779" lon="-0.36251000000000005">
    <ele>673.66</ele>
   </trkpt>
   <trkpt lat="38.67797" lon="-0.3627">
    <ele>672.3800000000001</ele>
   </trkpt>
   <trkpt lat="38.67804" lon="-0.3628">
    <ele>672.3800000000001</ele>
   </trkpt>
   <trkpt lat="38.67813" lon="-0.36282000000000003">
    <ele>672.3800000000001</ele>
   </trkpt>
   <trkpt lat="38.67832000000001" lon="-0.36277000000000004">
    <ele>671.83</ele>
   </trkpt>
   <trkpt lat="38.678630000000005" lon="-0.36248">
    <ele>669.58</ele>
   </trkpt>
   <trkpt lat="38.67868" lon="-0.36241">
    <ele>669.25</ele>
   </trkpt>
   <trkpt lat="38.6788" lon="-0.36213">
    <ele>668.19</ele>
   </trkpt>
   <trkpt lat="38.678920000000005" lon="-0.36202">
    <ele>668.19</ele>
   </trkpt>
   <trkpt lat="38.678990000000006" lon="-0.36197">
    <ele>667.94</ele>
   </trkpt>
   <trkpt lat="38.67927" lon="-0.36196">
    <ele>667.27</ele>
   </trkpt>
   <trkpt lat="38.67949" lon="-0.36202">
    <ele>667.15</ele>
   </trkpt>
   <trkpt lat="38.67972" lon="-0.36215">
    <ele>666.76</ele>
   </trkpt>
   <trkpt lat="38.679880000000004" lon="-0.36229000000000006">
    <ele>666.71</ele>
   </trkpt>
   <trkpt lat="38.68003" lon="-0.36246">
    <ele>666.58</ele>
   </trkpt>
   <trkpt lat="38.680200000000006" lon="-0.3628">
    <ele>666.61</ele>
   </trkpt>
   <trkpt lat="38.680440000000004" lon="-0.36352">
    <ele>667.2300000000001</ele>
   </trkpt>
   <trkpt lat="38.68061" lon="-0.36424">
    <ele>670.8900000000001</ele>
   </trkpt>
   <trkpt lat="38.68075500508876" lon="-0.3653349976589862">
    <ele>677.4</ele>
   </trkpt>
   <trkpt lat="38.6809" lon="-0.36643000000000003">
    <ele>683.23</ele>
   </trkpt>
   <trkpt lat="38.68085000000001" lon="-0.36674">
    <ele>684.7200000000001</ele>
   </trkpt>
   <trkpt lat="38.68032" lon="-0.36757">
    <ele>687.32</ele>
   </trkpt>
   <trkpt lat="38.680240000000005" lon="-0.3679">
    <ele>687.74</ele>
   </trkpt>
   <trkpt lat="38.680095003241995" lon="-0.3687700016460743">
    <ele>690.5600000000001</ele>
   </trkpt>
   <trkpt lat="38.679950000000005" lon="-0.36964">
    <ele>694.1400000000001</ele>
   </trkpt>
   <trkpt lat="38.67985" lon="-0.37007">
    <ele>695.67</ele>
   </trkpt>
   <trkpt lat="38.679560002749994" lon="-0.3708750032869075">
    <ele>696.2600000000001</ele>
   </trkpt>
   <trkpt lat="38.67927" lon="-0.37168">
    <ele>694.6500000000001</ele>
   </trkpt>
   <trkpt lat="38.6792" lon="-0.37181000000000003">
    <ele>694.7</ele>
   </trkpt>
   <trkpt lat="38.67895" lon="-0.37215000000000004">
    <ele>695.15</ele>
   </trkpt>
   <trkpt lat="38.67889" lon="-0.37229">
    <ele>695.55</ele>
   </trkpt>
   <trkpt lat="38.67864500342497" lon="-0.37318000285561076">
    <ele>698.16</ele>
   </trkpt>
   <trkpt lat="38.6784" lon="-0.37407">
    <ele>699.4100000000001</ele>
   </trkpt>
   <trkpt lat="38.678020000000004" lon="-0.37507">
    <ele>694.2</ele>
   </trkpt>
   <trkpt lat="38.67788" lon="-0.37534">
    <ele>691.61</ele>
   </trkpt>
   <trkpt lat="38.677730000000004" lon="-0.37542000000000003">
    <ele>691.61</ele>
   </trkpt>
   <trkpt lat="38.677510000000005" lon="-0.3754">
    <ele>689.4800000000001</ele>
   </trkpt>
   <trkpt lat="38.677040000000005" lon="-0.37531000000000003">
    <ele>685.82</ele>
   </trkpt>
   <trkpt lat="38.67685" lon="-0.37539000000000006">
    <ele>684.74</ele>
   </trkpt>
   <trkpt lat="38.67678" lon="-0.37547">
    <ele>684.74</ele>
   </trkpt>
   <trkpt lat="38.67671" lon="-0.37563">
    <ele>682.3800000000001</ele>
   </trkpt>
   <trkpt lat="38.676590000000004" lon="-0.37614000000000003">
    <ele>681.2800000000001</ele>
   </trkpt>
   <trkpt lat="38.67654" lon="-0.37628">
    <ele>680.86</ele>
   </trkpt>
   <trkpt lat="38.67645" lon="-0.37641">
    <ele>680.47</ele>
   </trkpt>
   <trkpt lat="38.67589" lon="-0.37707">
    <ele>679.0</ele>
   </trkpt>
   <trkpt lat="38.675790000000006" lon="-0.37723">
    <ele>678.95</ele>
   </trkpt>
   <trkpt lat="38.67573" lon="-0.37735">
    <ele>678.9900000000001</ele>
   </trkpt>
   <trkpt lat="38.675670000000004" lon="-0.37757">
    <ele>679.2800000000001</ele>
   </trkpt>
   <trkpt lat="38.67564" lon="-0.37795">
    <ele>679.32</ele>
   </trkpt>
   <trkpt lat="38.675520000000006" lon="-0.37834">
    <ele>678.74</ele>
   </trkpt>
   <trkpt lat="38.675295001137826" lon="-0.3788450014704983">
    <ele>675.7</ele>
   </trkpt>
   <trkpt lat="38.675070000000005" lon="-0.37935">
    <ele>672.8700000000001</ele>
   </trkpt>
   <trkpt lat="38.67499" lon="-0.37957">
    <ele>671.95</ele>
   </trkpt>
   <trkpt lat="38.674850000000006" lon="-0.38017">
    <ele>669.2</ele>
   </trkpt>
   <trkpt lat="38.674800000000005" lon="-0.38028">
    <ele>668.58</ele>
   </trkpt>
   <trkpt lat="38.67472" lon="-0.38035">
    <ele>667.54</ele>
   </trkpt>
   <trkpt lat="38.67463" lon="-0.38039">
    <ele>666.75</ele>
   </trkpt>
   <trkpt lat="38.673880000000004" lon="-0.38047000000000003">
    <ele>659.44</ele>
   </trkpt>
   <trkpt lat="38.6738" lon="-0.38053000000000003">
    <ele>658.94</ele>
   </trkpt>
   <trkpt lat="38.673750000000005" lon="-0.38063">
    <ele>658.58</ele>
   </trkpt>
   <trkpt lat="38.67349" lon="-0.38136000000000003">
    <ele>659.96</ele>
   </trkpt>
   <trkpt lat="38.67351" lon="-0.38147000000000003">
    <ele>660.34</ele>
   </trkpt>
   <trkpt lat="38.67358" lon="-0.38156">
    <ele>661.9200000000001</ele>
   </trkpt>
   <trkpt lat="38.67367" lon="-0.38161">
    <ele>662.3</ele>
   </trkpt>
   <trkpt lat="38.67387" lon="-0.38161">
    <ele>663.2300000000001</ele>
   </trkpt>
   <trkpt lat="38.674130000000005" lon="-0.38156">
    <ele>665.49</ele>
   </trkpt>
   <trkpt lat="38.67425" lon="-0.38158000000000003">
    <ele>666.24</ele>
   </trkpt>
   <trkpt lat="38.674530000000004" lon="-0.38173">
    <ele>669.2</ele>
   </trkpt>
   <trkpt lat="38.67466" lon="-0.38178">
    <ele>671.5500000000001</ele>
   </trkpt>
   <trkpt lat="38.674800000000005" lon="-0.38178">
    <ele>672.52</ele>
   </trkpt>
   <trkpt lat="38.67493" lon="-0.38174">
    <ele>673.5699999999999</ele>
   </trkpt>
   <trkpt lat="38.67515" lon="-0.38161">
    <ele>676.7</ele>
   </trkpt>
   <trkpt lat="38.67522" lon="-0.38161">
    <ele>678.8400000000001</ele>
   </trkpt>
   <trkpt lat="38.675250000000005" lon="-0.38165000000000004">
    <ele>678.8400000000001</ele>
   </trkpt>
   <trkpt lat="38.675270000000005" lon="-0.38174">
    <ele>679.5600000000001</ele>
   </trkpt>
   <trkpt lat="38.67524" lon="-0.38179">
    <ele>679.5600000000001</ele>
   </trkpt>
   <trkpt lat="38.674890000000005" lon="-0.38203000000000004">
    <ele>683.58</ele>
   </trkpt>
   <trkpt lat="38.67475" lon="-0.38217">
    <ele>684.6300000000001</ele>
   </trkpt>
   <trkpt lat="38.674620000000004" lon="-0.38233000000000006">
    <ele>685.35</ele>
   </trkpt>
   <trkpt lat="38.67443" lon="-0.38267">
    <ele>684.9300000000001</ele>
   </trkpt>
   <trkpt lat="38.67396" lon="-0.38325000000000004">
    <ele>684.1600000000001</ele>
   </trkpt>
   <trkpt lat="38.673840000000006" lon="-0.38358000000000003">
    <ele>683.19</ele>
   </trkpt>
   <trkpt lat="38.673605004476" lon="-0.3846050033513559">
    <ele>681.39</ele>
   </trkpt>
   <trkpt lat="38.673370000000006" lon="-0.38563000000000003">
    <ele>679.6700000000001</ele>
   </trkpt>
   <trkpt lat="38.67329" lon="-0.38589">
    <ele>679.21</ele>
   </trkpt>
   <trkpt lat="38.673140000000004" lon="-0.38616000000000006">
    <ele>678.9000000000001</ele>
   </trkpt>
   <trkpt lat="38.67255333957215" lon="-0.38701334726348596">
    <ele>677.27</ele>
   </trkpt>
   <trkpt lat="38.671966672944" lon="-0.387866680540547">
    <ele>678.21</ele>
   </trkpt>
   <trkpt lat="38.671380000000006" lon="-0.38872">
    <ele>681.21</ele>
   </trkpt>
   <trkpt lat="38.67091500201442" lon="-0.38941500457686185">
    <ele>684.4100000000001</ele>
   </trkpt>
   <trkpt lat="38.67045" lon="-0.39011">
    <ele>685.85</ele>
   </trkpt>
   <trkpt lat="38.670280000000005" lon="-0.39044">
    <ele>685.5000000000001</ele>
   </trkpt>
   <trkpt lat="38.67025" lon="-0.39057000000000003">
    <ele>685.59</ele>
   </trkpt>
   <trkpt lat="38.67027" lon="-0.39073">
    <ele>685.59</ele>
   </trkpt>
   <trkpt lat="38.67052" lon="-0.39156">
    <ele>686.62</ele>
   </trkpt>
   <trkpt lat="38.67061" lon="-0.39177">
    <ele>687.2600000000001</ele>
   </trkpt>
   <trkpt lat="38.6708" lon="-0.39211">
    <ele>690.12</ele>
   </trkpt>
   <trkpt lat="38.670820000000006" lon="-0.39222">
    <ele>690.12</ele>
   </trkpt>
   <trkpt lat="38.67081" lon="-0.39235000000000003">
    <ele>690.71</ele>
   </trkpt>
   <trkpt lat="38.670750000000005" lon="-0.39245">
    <ele>691.33</ele>
   </trkpt>
   <trkpt lat="38.67053000000001" lon="-0.39271000000000006">
    <ele>691.46</ele>
   </trkpt>
   <trkpt lat="38.670080000000006" lon="-0.3931">
    <ele>688.12</ele>
   </trkpt>
   <trkpt lat="38.66969" lon="-0.39339">
    <ele>683.97</ele>
   </trkpt>
   <trkpt lat="38.669450000000005" lon="-0.3936">
    <ele>682.4100000000001</ele>
   </trkpt>
   <trkpt lat="38.6693" lon="-0.39374000000000003">
    <ele>682.18</ele>
   </trkpt>
   <trkpt lat="38.6687" lon="-0.39455">
    <ele>684.2800000000001</ele>
   </trkpt>
   <trkpt lat="38.66805000167636" lon="-0.3951850058040866">
    <ele>690.91</ele>
   </trkpt>
   <trkpt lat="38.6674" lon="-0.39582">
    <ele>695.44</ele>
   </trkpt>
   <trkpt lat="38.66698500055076" lon="-0.39619500221677995">
    <ele>699.6000000000001</ele>
   </trkpt>
   <trkpt lat="38.66657" lon="-0.39657000000000003">
    <ele>702.72</ele>
   </trkpt>
   <trkpt lat="38.6664" lon="-0.39677">
    <ele>703.91</ele>
   </trkpt>
   <trkpt lat="38.665853337819684" lon="-0.3974966777748427">
    <ele>711.62</ele>
   </trkpt>
   <trkpt lat="38.66530667114344" lon="-0.39822334445408897">
    <ele>715.2</ele>
   </trkpt>
   <trkpt lat="38.66476" lon="-0.39895">
    <ele>721.69</ele>
   </trkpt>
   <trkpt lat="38.66439500199187" lon="-0.3996350035021558">
    <ele>724.33</ele>
   </trkpt>
   <trkpt lat="38.664030000000004" lon="-0.40032">
    <ele>723.62</ele>
   </trkpt>
   <trkpt lat="38.66393" lon="-0.40043">
    <ele>723.62</ele>
   </trkpt>
   <trkpt lat="38.66373" lon="-0.40054">
    <ele>723.23</ele>
   </trkpt>
   <trkpt lat="38.66355" lon="-0.40059000000000006">
    <ele>722.77</ele>
   </trkpt>
   <trkpt lat="38.66273" lon="-0.40065">
    <ele>722.5100000000001</ele>
   </trkpt>
   <trkpt lat="38.66252" lon="-0.40068000000000004">
    <ele>723.0200000000001</ele>
   </trkpt>
   <trkpt lat="38.66243" lon="-0.40076">
    <ele>723.38</ele>
   </trkpt>
   <trkpt lat="38.66226" lon="-0.40101000000000003">
    <ele>724.59</ele>
   </trkpt>
   <trkpt lat="38.662130000000005" lon="-0.40138">
    <ele>727.1</ele>
   </trkpt>
   <trkpt lat="38.662090000000006" lon="-0.4016">
    <ele>728.09</ele>
   </trkpt>
   <trkpt lat="38.662090000000006" lon="-0.40179000000000004">
    <ele>728.7600000000001</ele>
   </trkpt>
   <trkpt lat="38.662265002893044" lon="-0.40260999813979126">
    <ele>730.2700000000001</ele>
   </trkpt>
   <trkpt lat="38.662440000000004" lon="-0.40343">
    <ele>731.62</ele>
   </trkpt>
   <trkpt lat="38.66246" lon="-0.40371">
    <ele>731.8500000000001</ele>
   </trkpt>
   <trkpt lat="38.662440000000004" lon="-0.40394">
    <ele>732.35</ele>
   </trkpt>
   <trkpt lat="38.66230000202851" lon="-0.4046300013402992">
    <ele>732.69</ele>
   </trkpt>
   <trkpt lat="38.66216" lon="-0.40532">
    <ele>732.8500000000001</ele>
   </trkpt>
   <trkpt lat="38.66205" lon="-0.40567000000000003">
    <ele>732.8500000000001</ele>
   </trkpt>
   <trkpt lat="38.661860000000004" lon="-0.40593">
    <ele>732.87</ele>
   </trkpt>
   <trkpt lat="38.66169" lon="-0.40609">
    <ele>732.97</ele>
   </trkpt>
   <trkpt lat="38.66125" lon="-0.40626">
    <ele>733.13</ele>
   </trkpt>
   <trkpt lat="38.66104" lon="-0.40637">
    <ele>732.8</ele>
   </trkpt>
   <trkpt lat="38.66053000141669" lon="-0.40693500395943716">
    <ele>729.8</ele>
   </trkpt>
   <trkpt lat="38.66002" lon="-0.40750000000000003">
    <ele>724.6300000000001</ele>
   </trkpt>
   <trkpt lat="38.659940000000006" lon="-0.40764000000000006">
    <ele>724.35</ele>
   </trkpt>
   <trkpt lat="38.65995" lon="-0.40763000000000005">
    <ele>724.35</ele>
   </trkpt>
   <trkpt lat="38.659940000000006" lon="-0.40776">
    <ele>723.77</ele>
   </trkpt>
   <trkpt lat="38.66001" lon="-0.40792000000000006">
    <ele>723.4</ele>
   </trkpt>
   <trkpt lat="38.6602" lon="-0.40804">
    <ele>723.4</ele>
   </trkpt>
   <trkpt lat="38.660740000000004" lon="-0.40818000000000004">
    <ele>725.1800000000001</ele>
   </trkpt>
   <trkpt lat="38.661080000000005" lon="-0.40845000000000004">
    <ele>729.4</ele>
   </trkpt>
   <trkpt lat="38.66133000000001" lon="-0.40869000000000005">
    <ele>730.71</ele>
   </trkpt>
   <trkpt lat="38.66142" lon="-0.40887">
    <ele>731.08</ele>
   </trkpt>
   <trkpt lat="38.66162500135543" lon="-0.40945499803602475">
    <ele>730.8100000000001</ele>
   </trkpt>
   <trkpt lat="38.66183" lon="-0.41004">
    <ele>729.9100000000001</ele>
   </trkpt>
   <trkpt lat="38.66187" lon="-0.41026">
    <ele>729.9100000000001</ele>
   </trkpt>
   <trkpt lat="38.66187" lon="-0.41037">
    <ele>729.77</ele>
   </trkpt>
   <trkpt lat="38.661770000000004" lon="-0.41089000000000003">
    <ele>729.59</ele>
   </trkpt>
   <trkpt lat="38.66183" lon="-0.41105">
    <ele>729.74</ele>
   </trkpt>
   <trkpt lat="38.661910000000006" lon="-0.41115">
    <ele>729.9300000000001</ele>
   </trkpt>
   <trkpt lat="38.662200000000006" lon="-0.41126">
    <ele>731.47</ele>
   </trkpt>
   <trkpt lat="38.6623" lon="-0.41138">
    <ele>732.47</ele>
   </trkpt>
   <trkpt lat="38.66241" lon="-0.41165">
    <ele>733.1500000000001</ele>
   </trkpt>
   <trkpt lat="38.662690000000005" lon="-0.41250000000000003">
    <ele>735.1</ele>
   </trkpt>
   <trkpt lat="38.662780000000005" lon="-0.41264">
    <ele>735.1</ele>
   </trkpt>
   <trkpt lat="38.66288" lon="-0.41271">
    <ele>735.3400000000001</ele>
   </trkpt>
   <trkpt lat="38.66315" lon="-0.41277">
    <ele>735.41</ele>
   </trkpt>
   <trkpt lat="38.66328" lon="-0.41287">
    <ele>735.23</ele>
   </trkpt>
   <trkpt lat="38.663360000000004" lon="-0.41294000000000003">
    <ele>735.04</ele>
   </trkpt>
   <trkpt lat="38.66357" lon="-0.41331">
    <ele>734.09</ele>
   </trkpt>
   <trkpt lat="38.663720000000005" lon="-0.41344000000000003">
    <ele>733.1</ele>
   </trkpt>
   <trkpt lat="38.66414" lon="-0.41361000000000003">
    <ele>730.74</ele>
   </trkpt>
   <trkpt lat="38.664750000000005" lon="-0.41388">
    <ele>729.26</ele>
   </trkpt>
   <trkpt lat="38.6649" lon="-0.41403">
    <ele>728.82</ele>
   </trkpt>
   <trkpt lat="38.665330000000004" lon="-0.41455000000000003">
    <ele>726.6100000000001</ele>
   </trkpt>
   <trkpt lat="38.665625001198805" lon="-0.415094997633354">
    <ele>721.8000000000001</ele>
   </trkpt>
   <trkpt lat="38.66592" lon="-0.41564">
    <ele>718.1700000000001</ele>
   </trkpt>
   <trkpt lat="38.66641000334695" lon="-0.4165299938638419">
    <ele>717.0000000000001</ele>
   </trkpt>
   <trkpt lat="38.666900000000005" lon="-0.41742">
    <ele>717.7900000000001</ele>
   </trkpt>
   <trkpt lat="38.66696" lon="-0.4176">
    <ele>717.7900000000001</ele>
   </trkpt>
   <trkpt lat="38.66696" lon="-0.4177">
    <ele>717.69</ele>
   </trkpt>
   <trkpt lat="38.66691" lon="-0.41797">
    <ele>716.9700000000001</ele>
   </trkpt>
   <trkpt lat="38.666850000000004" lon="-0.41815">
    <ele>715.98</ele>
   </trkpt>
   <trkpt lat="38.6668" lon="-0.41825">
    <ele>715.1700000000001</ele>
   </trkpt>
   <trkpt lat="38.66667" lon="-0.41836">
    <ele>712.96</ele>
   </trkpt>
   <trkpt lat="38.66635" lon="-0.41838000000000003">
    <ele>709.89</ele>
   </trkpt>
   <trkpt lat="38.666290000000004" lon="-0.41847">
    <ele>708.69</ele>
   </trkpt>
   <trkpt lat="38.666270000000004" lon="-0.41865">
    <ele>706.19</ele>
   </trkpt>
   <trkpt lat="38.666270000000004" lon="-0.41903">
    <ele>702.83</ele>
   </trkpt>
   <trkpt lat="38.666290000000004" lon="-0.41915">
    <ele>702.33</ele>
   </trkpt>
   <trkpt lat="38.666360000000005" lon="-0.41933000000000004">
    <ele>702.0600000000001</ele>
   </trkpt>
   <trkpt lat="38.66659000000001" lon="-0.41958">
    <ele>703.1700000000001</ele>
   </trkpt>
   <trkpt lat="38.667390000000005" lon="-0.42003">
    <ele>710.3900000000001</ele>
   </trkpt>
   <trkpt lat="38.66751" lon="-0.42008">
    <ele>713.2900000000001</ele>
   </trkpt>
   <trkpt lat="38.66787" lon="-0.42003">
    <ele>715.95</ele>
   </trkpt>
   <trkpt lat="38.66799" lon="-0.42004">
    <ele>717.3900000000001</ele>
   </trkpt>
   <trkpt lat="38.668150000000004" lon="-0.42010000000000003">
    <ele>718.4</ele>
   </trkpt>
   <trkpt lat="38.66846" lon="-0.4203">
    <ele>720.47</ele>
   </trkpt>
   <trkpt lat="38.66875" lon="-0.42053">
    <ele>722.2</ele>
   </trkpt>
   <trkpt lat="38.668910000000004" lon="-0.42081">
    <ele>723.57</ele>
   </trkpt>
   <trkpt lat="38.66899" lon="-0.42103">
    <ele>724.47</ele>
   </trkpt>
   <trkpt lat="38.669070000000005" lon="-0.42143">
    <ele>725.53</ele>
   </trkpt>
   <trkpt lat="38.66908" lon="-0.42175">
    <ele>726.9000000000001</ele>
   </trkpt>
   <trkpt lat="38.66906" lon="-0.42208">
    <ele>728.0300000000001</ele>
   </trkpt>
   <trkpt lat="38.66903000000001" lon="-0.42225">
    <ele>729.11</ele>
   </trkpt>
   <trkpt lat="38.668850000000006" lon="-0.42269">
    <ele>731.86</ele>
   </trkpt>
   <trkpt lat="38.66846" lon="-0.42357000000000006">
    <ele>734.5200000000001</ele>
   </trkpt>
   <trkpt lat="38.66839" lon="-0.42376">
    <ele>734.5200000000001</ele>
   </trkpt>
   <trkpt lat="38.668380000000006" lon="-0.42397">
    <ele>735.2900000000001</ele>
   </trkpt>
   <trkpt lat="38.66845" lon="-0.42458">
    <ele>736.0500000000001</ele>
   </trkpt>
   <trkpt lat="38.66854" lon="-0.42502">
    <ele>736.89</ele>
   </trkpt>
   <trkpt lat="38.66864" lon="-0.4253">
    <ele>737.65</ele>
   </trkpt>
   <trkpt lat="38.66890000128492" lon="-0.42585999785837353">
    <ele>739.94</ele>
   </trkpt>
   <trkpt lat="38.669160000000005" lon="-0.42642">
    <ele>744.62</ele>
   </trkpt>
   <trkpt lat="38.66921" lon="-0.42658">
    <ele>744.62</ele>
   </trkpt>
   <trkpt lat="38.669230000000006" lon="-0.42671000000000003">
    <ele>747.07</ele>
   </trkpt>
   <trkpt lat="38.669180000000004" lon="-0.42714">
    <ele>748.6700000000001</ele>
   </trkpt>
   <trkpt lat="38.66911" lon="-0.42742">
    <ele>748.02</ele>
   </trkpt>
   <trkpt lat="38.66903000000001" lon="-0.42758">
    <ele>746.75</ele>
   </trkpt>
   <trkpt lat="38.66874" lon="-0.42785">
    <ele>744.4900000000001</ele>
   </trkpt>
   <trkpt lat="38.66865000000001" lon="-0.42802">
    <ele>743.4900000000001</ele>
   </trkpt>
   <trkpt lat="38.668600000000005" lon="-0.42816000000000004">
    <ele>743.0600000000001</ele>
   </trkpt>
   <trkpt lat="38.668400000000005" lon="-0.42908">
    <ele>738.1200000000001</ele>
   </trkpt>
   <trkpt lat="38.668310000000005" lon="-0.42925">
    <ele>737.87</ele>
   </trkpt>
   <trkpt lat="38.66809000000001" lon="-0.42957">
    <ele>736.82</ele>
   </trkpt>
   <trkpt lat="38.668000000000006" lon="-0.42982000000000004">
    <ele>737.08</ele>
   </trkpt>
   <trkpt lat="38.66791000150709" lon="-0.43042000092413957">
    <ele>740.3000000000001</ele>
   </trkpt>
   <trkpt lat="38.667820000000006" lon="-0.43102">
    <ele>745.4900000000001</ele>
   </trkpt>
   <trkpt lat="38.66760000359947" lon="-0.4319400028426923">
    <ele>750.85</ele>
   </trkpt>
   <trkpt lat="38.66738" lon="-0.43286">
    <ele>754.71</ele>
   </trkpt>
   <trkpt lat="38.667280000000005" lon="-0.43360000000000004">
    <ele>755.1000000000001</ele>
   </trkpt>
   <trkpt lat="38.667280000000005" lon="-0.43376000000000003">
    <ele>755.23</ele>
   </trkpt>
   <trkpt lat="38.66733" lon="-0.4339">
    <ele>755.62</ele>
   </trkpt>
   <trkpt lat="38.66742" lon="-0.43401000000000006">
    <ele>756.36</ele>
   </trkpt>
   <trkpt lat="38.66762000000001" lon="-0.43415000000000004">
    <ele>758.95</ele>
   </trkpt>
   <trkpt lat="38.66769" lon="-0.43424">
    <ele>759.3700000000001</ele>
   </trkpt>
   <trkpt lat="38.66774" lon="-0.43435">
    <ele>760.09</ele>
   </trkpt>
   <trkpt lat="38.667770000000004" lon="-0.43448000000000003">
    <ele>760.8800000000001</ele>
   </trkpt>
   <trkpt lat="38.66776" lon="-0.43463">
    <ele>761.22</ele>
   </trkpt>
   <trkpt lat="38.6677" lon="-0.43496">
    <ele>761.99</ele>
   </trkpt>
   <trkpt lat="38.66765" lon="-0.43513">
    <ele>762.75</ele>
   </trkpt>
   <trkpt lat="38.667390000000005" lon="-0.43581000000000003">
    <ele>766.9800000000001</ele>
   </trkpt>
   <trkpt lat="38.66718" lon="-0.43662">
    <ele>774.2</ele>
   </trkpt>
   <trkpt lat="38.667080000000006" lon="-0.4369">
    <ele>775.6700000000001</ele>
   </trkpt>
   <trkpt lat="38.666830000000004" lon="-0.43728000000000006">
    <ele>779.6700000000001</ele>
   </trkpt>
   <trkpt lat="38.666810000000005" lon="-0.4374">
    <ele>780.61</ele>
   </trkpt>
   <trkpt lat="38.66684" lon="-0.43757">
    <ele>781.84</ele>
   </trkpt>
   <trkpt lat="38.666990000000006" lon="-0.43786">
    <ele>784.0600000000001</ele>
   </trkpt>
   <trkpt lat="38.66705" lon="-0.43806000000000006">
    <ele>787.0400000000001</ele>
   </trkpt>
   <trkpt lat="38.66709" lon="-0.43824">
    <ele>787.0400000000001</ele>
   </trkpt>
   <trkpt lat="38.66713" lon="-0.43869">
    <ele>789.97</ele>
   </trkpt>
   <trkpt lat="38.66727" lon="-0.43914000000000003">
    <ele>790.7400000000001</ele>
   </trkpt>
   <trkpt lat="38.667400001306845" lon="-0.4396949989732437">
    <ele>789.85</ele>
   </trkpt>
   <trkpt lat="38.667530000000006" lon="-0.44025000000000003">
    <ele>788.1700000000001</ele>
   </trkpt>
   <trkpt lat="38.667590000000004" lon="-0.44074">
    <ele>787.6800000000001</ele>
   </trkpt>
   <trkpt lat="38.667550000000006" lon="-0.44129">
    <ele>786.66</ele>
   </trkpt>
   <trkpt lat="38.66758" lon="-0.44151">
    <ele>785.96</ele>
   </trkpt>
   <trkpt lat="38.66761" lon="-0.44158000000000003">
    <ele>785.8600000000001</ele>
   </trkpt>
   <trkpt lat="38.66771000000001" lon="-0.44173">
    <ele>785.71</ele>
   </trkpt>
   <trkpt lat="38.6682550020531" lon="-0.4424199947810001">
    <ele>784.33</ele>
   </trkpt>
   <trkpt lat="38.668800000000005" lon="-0.44311000000000006">
    <ele>781.82</ele>
   </trkpt>
   <trkpt lat="38.668980000000005" lon="-0.44324">
    <ele>780.14</ele>
   </trkpt>
   <trkpt lat="38.66964" lon="-0.44364000000000003">
    <ele>775.27</ele>
   </trkpt>
   <trkpt lat="38.669920000000005" lon="-0.44374">
    <ele>772.1600000000001</ele>
   </trkpt>
   <trkpt lat="38.670210000000004" lon="-0.44375000000000003">
    <ele>771.27</ele>
   </trkpt>
   <trkpt lat="38.67033" lon="-0.44373">
    <ele>771.27</ele>
   </trkpt>
   <trkpt lat="38.670840000000005" lon="-0.44355000000000006">
    <ele>766.41</ele>
   </trkpt>
   <trkpt lat="38.671060000000004" lon="-0.44357">
    <ele>765.82</ele>
   </trkpt>
   <trkpt lat="38.67146" lon="-0.44373">
    <ele>762.22</ele>
   </trkpt>
   <trkpt lat="38.671910000000004" lon="-0.44373">
    <ele>760.1800000000001</ele>
   </trkpt>
   <trkpt lat="38.67204" lon="-0.44379">
    <ele>760.1800000000001</ele>
   </trkpt>
   <trkpt lat="38.67211" lon="-0.44389000000000006">
    <ele>757.73</ele>
   </trkpt>
   <trkpt lat="38.67233" lon="-0.44425000000000003">
    <ele>756.8300000000002</ele>
   </trkpt>
   <trkpt lat="38.67250000000001" lon="-0.44462">
    <ele>754.21</ele>
   </trkpt>
   <trkpt lat="38.672610000000006" lon="-0.4449">
    <ele>752.21</ele>
   </trkpt>
   <trkpt lat="38.67282" lon="-0.44567">
    <ele>747.33</ele>
   </trkpt>
   <trkpt lat="38.672900000000006" lon="-0.44583000000000006">
    <ele>747.33</ele>
   </trkpt>
   <trkpt lat="38.67316" lon="-0.44623">
    <ele>745.8</ele>
   </trkpt>
   <trkpt lat="38.67325" lon="-0.44645">
    <ele>744.2200000000001</ele>
   </trkpt>
   <trkpt lat="38.673260000000006" lon="-0.44656">
    <ele>744.2200000000001</ele>
   </trkpt>
   <trkpt lat="38.673230000000004" lon="-0.44667">
    <ele>742.3400000000001</ele>
   </trkpt>
   <trkpt lat="38.673170000000006" lon="-0.44678">
    <ele>742.3400000000001</ele>
   </trkpt>
   <trkpt lat="38.673080000000006" lon="-0.44689">
    <ele>740.77</ele>
   </trkpt>
   <trkpt lat="38.67291" lon="-0.44700000000000006">
    <ele>740.77</ele>
   </trkpt>
   <trkpt lat="38.67231" lon="-0.44712">
    <ele>735.4600000000002</ele>
   </trkpt>
   <trkpt lat="38.67222" lon="-0.44723">
    <ele>735.4600000000002</ele>
   </trkpt>
   <trkpt lat="38.672180000000004" lon="-0.44739">
    <ele>735.4600000000002</ele>
   </trkpt>
   <trkpt lat="38.672180000000004" lon="-0.44762">
    <ele>732.09</ele>
   </trkpt>
   <trkpt lat="38.67231" lon="-0.44823">
    <ele>730.84</ele>
   </trkpt>
   <trkpt lat="38.672320000000006" lon="-0.44878">
    <ele>726.8100000000001</ele>
   </trkpt>
   <trkpt lat="38.672340000000005" lon="-0.4489">
    <ele>724.6400000000001</ele>
   </trkpt>
   <trkpt lat="38.672560003352594" lon="-0.44978999718541435">
    <ele>718.6300000000001</ele>
   </trkpt>
   <trkpt lat="38.67278" lon="-0.45068">
    <ele>711.23</ele>
   </trkpt>
   <trkpt lat="38.67286" lon="-0.45111">
    <ele>708.9300000000001</ele>
   </trkpt>
   <trkpt lat="38.67286" lon="-0.45139">
    <ele>708.0600000000001</ele>
   </trkpt>
   <trkpt lat="38.67275" lon="-0.45206">
    <ele>705.46</ele>
   </trkpt>
   <trkpt lat="38.672760000000004" lon="-0.45233">
    <ele>703.59</ele>
   </trkpt>
   <trkpt lat="38.6729650042834" lon="-0.45332999726342965">
    <ele>698.9000000000001</ele>
   </trkpt>
   <trkpt lat="38.673170000000006" lon="-0.45433">
    <ele>693.3000000000001</ele>
   </trkpt>
   <trkpt lat="38.67340000453866" lon="-0.4553599967892898">
    <ele>688.09</ele>
   </trkpt>
   <trkpt lat="38.67363" lon="-0.45639">
    <ele>680.64</ele>
   </trkpt>
   <trkpt lat="38.673660000000005" lon="-0.45661">
    <ele>679.19</ele>
   </trkpt>
   <trkpt lat="38.67369" lon="-0.45736000000000004">
    <ele>676.74</ele>
   </trkpt>
   <trkpt lat="38.67358" lon="-0.45801000000000003">
    <ele>679.7800000000001</ele>
   </trkpt>
   <trkpt lat="38.673570000000005" lon="-0.45814000000000005">
    <ele>680.2600000000001</ele>
   </trkpt>
   <trkpt lat="38.6736" lon="-0.45822">
    <ele>680.5300000000001</ele>
   </trkpt>
   <trkpt lat="38.67376" lon="-0.45822">
    <ele>680.3100000000001</ele>
   </trkpt>
   <trkpt lat="38.67392" lon="-0.45827">
    <ele>680.3100000000001</ele>
   </trkpt>
   <trkpt lat="38.67412" lon="-0.45843000000000006">
    <ele>680.47</ele>
   </trkpt>
   <trkpt lat="38.67425" lon="-0.45857000000000003">
    <ele>680.7200000000001</ele>
   </trkpt>
   <trkpt lat="38.674380000000006" lon="-0.45881000000000005">
    <ele>681.25</ele>
   </trkpt>
   <trkpt lat="38.67445" lon="-0.45921000000000006">
    <ele>681.97</ele>
   </trkpt>
   <trkpt lat="38.67447000000001" lon="-0.46016">
    <ele>686.32</ele>
   </trkpt>
   <trkpt lat="38.674420000000005" lon="-0.46040000000000003">
    <ele>687.4300000000001</ele>
   </trkpt>
   <trkpt lat="38.674330000000005" lon="-0.46058000000000004">
    <ele>688.7700000000001</ele>
   </trkpt>
   <trkpt lat="38.67405" lon="-0.46094">
    <ele>690.6600000000001</ele>
   </trkpt>
   <trkpt lat="38.67400000000001" lon="-0.46104000000000006">
    <ele>691.0</ele>
   </trkpt>
   <trkpt lat="38.67394" lon="-0.46121000000000006">
    <ele>690.9900000000001</ele>
   </trkpt>
   <trkpt lat="38.673790000000004" lon="-0.46212000000000003">
    <ele>688.9200000000001</ele>
   </trkpt>
   <trkpt lat="38.67381" lon="-0.46243000000000006">
    <ele>686.47</ele>
   </trkpt>
   <trkpt lat="38.673880000000004" lon="-0.46261">
    <ele>686.47</ele>
   </trkpt>
   <trkpt lat="38.67421" lon="-0.46317">
    <ele>682.1600000000001</ele>
   </trkpt>
   <trkpt lat="38.67441" lon="-0.46355">
    <ele>680.85</ele>
   </trkpt>
   <trkpt lat="38.67447000000001" lon="-0.46388">
    <ele>678.73</ele>
   </trkpt>
   <trkpt lat="38.67453000162703" lon="-0.46449499965646057">
    <ele>676.63</ele>
   </trkpt>
   <trkpt lat="38.67459" lon="-0.46511">
    <ele>673.0500000000001</ele>
   </trkpt>
   <trkpt lat="38.67468" lon="-0.46538">
    <ele>671.86</ele>
   </trkpt>
   <trkpt lat="38.674960000000006" lon="-0.46582">
    <ele>668.63</ele>
   </trkpt>
   <trkpt lat="38.67531" lon="-0.46622">
    <ele>666.7900000000001</ele>
   </trkpt>
   <trkpt lat="38.67555" lon="-0.46666">
    <ele>664.48</ele>
   </trkpt>
   <trkpt lat="38.675630000000005" lon="-0.46672">
    <ele>664.48</ele>
   </trkpt>
   <trkpt lat="38.675740000000005" lon="-0.46677">
    <ele>663.6200000000001</ele>
   </trkpt>
   <trkpt lat="38.67589" lon="-0.46677">
    <ele>663.12</ele>
   </trkpt>
   <trkpt lat="38.67597000000001" lon="-0.46673000000000003">
    <ele>663.12</ele>
   </trkpt>
   <trkpt lat="38.676660000000005" lon="-0.46621">
    <ele>658.45</ele>
   </trkpt>
   <trkpt lat="38.67683" lon="-0.46604000000000007">
    <ele>656.63</ele>
   </trkpt>
   <trkpt lat="38.677330000000005" lon="-0.46531000000000006">
    <ele>653.22</ele>
   </trkpt>
   <trkpt lat="38.67748" lon="-0.46512000000000003">
    <ele>651.3500000000001</ele>
   </trkpt>
   <trkpt lat="38.677670000000006" lon="-0.46495000000000003">
    <ele>651.3500000000001</ele>
   </trkpt>
   <trkpt lat="38.677820000000004" lon="-0.46488">
    <ele>648.84</ele>
   </trkpt>
   <trkpt lat="38.67788" lon="-0.46487000000000006">
    <ele>648.84</ele>
   </trkpt>
   <trkpt lat="38.677960000000006" lon="-0.46488">
    <ele>648.84</ele>
   </trkpt>
   <trkpt lat="38.67803" lon="-0.46498000000000006">
    <ele>648.84</ele>
   </trkpt>
   <trkpt lat="38.678020000000004" lon="-0.46512000000000003">
    <ele>646.99</ele>
   </trkpt>
   <trkpt lat="38.67795" lon="-0.46521">
    <ele>646.99</ele>
   </trkpt>
   <trkpt lat="38.67765" lon="-0.46543">
    <ele>645.7900000000001</ele>
   </trkpt>
   <trkpt lat="38.677530000000004" lon="-0.46559000000000006">
    <ele>644.11</ele>
   </trkpt>
   <trkpt lat="38.67714" lon="-0.46649">
    <ele>638.57</ele>
   </trkpt>
   <trkpt lat="38.67671" lon="-0.46727">
    <ele>636.7600000000001</ele>
   </trkpt>
   <trkpt lat="38.67667" lon="-0.46743">
    <ele>636.59</ele>
   </trkpt>
   <trkpt lat="38.676680000000005" lon="-0.46759000000000006">
    <ele>636.5400000000001</ele>
   </trkpt>
   <trkpt lat="38.67678" lon="-0.468">
    <ele>636.59</ele>
   </trkpt>
   <trkpt lat="38.67683" lon="-0.46816">
    <ele>636.8000000000001</ele>
   </trkpt>
   <trkpt lat="38.67701" lon="-0.46848000000000006">
    <ele>637.0</ele>
   </trkpt>
   <trkpt lat="38.67712" lon="-0.46855">
    <ele>636.99</ele>
   </trkpt>
   <trkpt lat="38.677220000000005" lon="-0.4686">
    <ele>636.83</ele>
   </trkpt>
   <trkpt lat="38.67736" lon="-0.46864000000000006">
    <ele>636.83</ele>
   </trkpt>
   <trkpt lat="38.67757" lon="-0.4686">
    <ele>636.7900000000001</ele>
   </trkpt>
   <trkpt lat="38.67777" lon="-0.46843">
    <ele>636.6700000000001</ele>
   </trkpt>
   <trkpt lat="38.67788" lon="-0.46827">
    <ele>636.6700000000001</ele>
   </trkpt>
   <trkpt lat="38.678125001240794" lon="-0.4677150020597947">
    <ele>636.48</ele>
   </trkpt>
   <trkpt lat="38.67837" lon="-0.46716">
    <ele>636.0300000000001</ele>
   </trkpt>
   <trkpt lat="38.678700000000006" lon="-0.46661">
    <ele>636.48</ele>
   </trkpt>
   <trkpt lat="38.678810000000006" lon="-0.46649">
    <ele>636.72</ele>
   </trkpt>
   <trkpt lat="38.67893" lon="-0.46638">
    <ele>637.26</ele>
   </trkpt>
   <trkpt lat="38.67911" lon="-0.46629000000000004">
    <ele>637.45</ele>
   </trkpt>
   <trkpt lat="38.679660000000005" lon="-0.46616">
    <ele>637.87</ele>
   </trkpt>
   <trkpt lat="38.67978" lon="-0.46621">
    <ele>638.2800000000001</ele>
   </trkpt>
   <trkpt lat="38.679880000000004" lon="-0.46630000000000005">
    <ele>638.35</ele>
   </trkpt>
   <trkpt lat="38.67992" lon="-0.46642000000000006">
    <ele>638.4399999999999</ele>
   </trkpt>
   <trkpt lat="38.68005" lon="-0.46666">
    <ele>638.69</ele>
   </trkpt>
   <trkpt lat="38.68014" lon="-0.46674000000000004">
    <ele>638.69</ele>
   </trkpt>
   <trkpt lat="38.680460000000004" lon="-0.46720000000000006">
    <ele>638.5</ele>
   </trkpt>
   <trkpt lat="38.680510000000005" lon="-0.46716">
    <ele>630.22</ele>
   </trkpt>
   <trkpt lat="38.68068" lon="-0.46753000000000006">
    <ele>629.83</ele>
   </trkpt>
   <trkpt lat="38.68066" lon="-0.46755">
    <ele>630.0600000000001</ele>
   </trkpt>
   <trkpt lat="38.681050000000006" lon="-0.46833">
    <ele>636.61</ele>
   </trkpt>
   <trkpt lat="38.681290000000004" lon="-0.46871">
    <ele>636.5</ele>
   </trkpt>
   <trkpt lat="38.6815" lon="-0.46894">
    <ele>636.61</ele>
   </trkpt>
   <trkpt lat="38.68184" lon="-0.46920000000000006">
    <ele>636.2</ele>
   </trkpt>
   <trkpt lat="38.682100000000005" lon="-0.46944">
    <ele>635.88</ele>
   </trkpt>
   <trkpt lat="38.68267500220456" lon="-0.4701499943670346">
    <ele>636.22</ele>
   </trkpt>
   <trkpt lat="38.68325" lon="-0.47086000000000006">
    <ele>636.97</ele>
   </trkpt>
   <trkpt lat="38.683350000000004" lon="-0.47088">
    <ele>636.97</ele>
   </trkpt>
   <trkpt lat="38.6835" lon="-0.47109000000000006">
    <ele>636.8100000000001</ele>
   </trkpt>
   <trkpt lat="38.68361" lon="-0.47111000000000003">
    <ele>636.8100000000001</ele>
   </trkpt>
   <trkpt lat="38.683985000971646" lon="-0.47160499731143934">
    <ele>637.22</ele>
   </trkpt>
   <trkpt lat="38.684360000000005" lon="-0.4721">
    <ele>636.96</ele>
   </trkpt>
   <trkpt lat="38.684520000000006" lon="-0.47217000000000003">
    <ele>636.78</ele>
   </trkpt>
   <trkpt lat="38.68453" lon="-0.47213000000000005">
    <ele>636.78</ele>
   </trkpt>
   <trkpt lat="38.684470000000005" lon="-0.47195000000000004">
    <ele>636.3700000000001</ele>
   </trkpt>
   <trkpt lat="38.68441" lon="-0.47185000000000005">
    <ele>636.02</ele>
   </trkpt>
   <trkpt lat="38.684470000000005" lon="-0.47177">
    <ele>635.61</ele>
   </trkpt>
   <trkpt lat="38.684520000000006" lon="-0.47186000000000006">
    <ele>635.61</ele>
   </trkpt>
   <trkpt lat="38.68455" lon="-0.47205">
    <ele>636.5400000000001</ele>
   </trkpt>
   <trkpt lat="38.68455" lon="-0.47206000000000004">
    <ele>636.5400000000001</ele>
   </trkpt>
   <trkpt lat="38.68444" lon="-0.47238">
    <ele>636.3700000000001</ele>
   </trkpt>
   <trkpt lat="38.6845" lon="-0.47248">
    <ele>635.9100000000001</ele>
   </trkpt>
   <trkpt lat="38.6845" lon="-0.47263000000000005">
    <ele>635.2</ele>
   </trkpt>
   <trkpt lat="38.68446" lon="-0.47272000000000003">
    <ele>634.87</ele>
   </trkpt>
   <trkpt lat="38.68441" lon="-0.47277">
    <ele>634.87</ele>
   </trkpt>
   <trkpt lat="38.6843" lon="-0.47282">
    <ele>634.21</ele>
   </trkpt>
   <trkpt lat="38.68419" lon="-0.47276">
    <ele>634.61</ele>
   </trkpt>
   <trkpt lat="38.683980000000005" lon="-0.47220000000000006">
    <ele>637.1</ele>
   </trkpt>
   <trkpt lat="38.68385" lon="-0.47199">
    <ele>639.72</ele>
   </trkpt>
   <trkpt lat="38.68375" lon="-0.47189000000000003">
    <ele>639.72</ele>
   </trkpt>
   <trkpt lat="38.68363" lon="-0.47183">
    <ele>640.95</ele>
   </trkpt>
   <trkpt lat="38.683440000000004" lon="-0.47182">
    <ele>643.5200000000001</ele>
   </trkpt>
   <trkpt lat="38.68323" lon="-0.47184000000000004">
    <ele>645.11</ele>
   </trkpt>
   <trkpt lat="38.68309" lon="-0.47191000000000005">
    <ele>646.33</ele>
   </trkpt>
   <trkpt lat="38.683040000000005" lon="-0.47189000000000003">
    <ele>646.33</ele>
   </trkpt>
   <trkpt lat="38.68298" lon="-0.47195000000000004">
    <ele>647.3000000000001</ele>
   </trkpt>
   <trkpt lat="38.68271" lon="-0.47200000000000003">
    <ele>648.6</ele>
   </trkpt>
   <trkpt lat="38.68231" lon="-0.47215">
    <ele>652.21</ele>
   </trkpt>
   <trkpt lat="38.68161500061151" lon="-0.472540003807764">
    <ele>660.72</ele>
   </trkpt>
   <trkpt lat="38.68092" lon="-0.47293">
    <ele>669.07</ele>
   </trkpt>
   <trkpt lat="38.68031000066799" lon="-0.4733000031020442">
    <ele>674.5300000000001</ele>
   </trkpt>
   <trkpt lat="38.679700000000004" lon="-0.47367000000000004">
    <ele>680.07</ele>
   </trkpt>
   <trkpt lat="38.67934" lon="-0.47400000000000003">
    <ele>684.96</ele>
   </trkpt>
   <trkpt lat="38.67904" lon="-0.47435000000000005">
    <ele>686.74</ele>
   </trkpt>
   <trkpt lat="38.678830000000005" lon="-0.47465">
    <ele>690.2900000000001</ele>
   </trkpt>
   <trkpt lat="38.67866" lon="-0.47496000000000005">
    <ele>693.2</ele>
   </trkpt>
   <trkpt lat="38.67869" lon="-0.47500000000000003">
    <ele>693.2</ele>
   </trkpt>
   <trkpt lat="38.67869" lon="-0.47508000000000006">
    <ele>694.06</ele>
   </trkpt>
   <trkpt lat="38.67866" lon="-0.47511000000000003">
    <ele>694.06</ele>
   </trkpt>
   <trkpt lat="38.67862" lon="-0.47512000000000004">
    <ele>694.06</ele>
   </trkpt>
   <trkpt lat="38.67864" lon="-0.47527">
    <ele>694.9900000000001</ele>
   </trkpt>
   <trkpt lat="38.678610000000006" lon="-0.47587">
    <ele>696.89</ele>
   </trkpt>
   <trkpt lat="38.678520000000006" lon="-0.4766">
    <ele>699.49</ele>
   </trkpt>
   <trkpt lat="38.67844000980731" lon="-0.4776733357650099">
    <ele>698.3800000000001</ele>
   </trkpt>
   <trkpt lat="38.67836000980489" lon="-0.4787466691307156">
    <ele>697.11</ele>
   </trkpt>
   <trkpt lat="38.67828" lon="-0.47982">
    <ele>700.09</ele>
   </trkpt>
   <trkpt lat="38.67826" lon="-0.47998">
    <ele>704.2400000000001</ele>
   </trkpt>
   <trkpt lat="38.678180000000005" lon="-0.4802">
    <ele>704.2400000000001</ele>
   </trkpt>
   <trkpt lat="38.67766" lon="-0.48088000000000003">
    <ele>708.99</ele>
   </trkpt>
   <trkpt lat="38.677440000000004" lon="-0.48131">
    <ele>711.19</ele>
   </trkpt>
   <trkpt lat="38.677330000000005" lon="-0.48148">
    <ele>713.21</ele>
   </trkpt>
   <trkpt lat="38.67700000000001" lon="-0.48187">
    <ele>715.4100000000001</ele>
   </trkpt>
   <trkpt lat="38.676570000000005" lon="-0.48248">
    <ele>717.96</ele>
   </trkpt>
   <trkpt lat="38.676320000000004" lon="-0.4827">
    <ele>719.46</ele>
   </trkpt>
   <trkpt lat="38.67596" lon="-0.48285000000000006">
    <ele>721.99</ele>
   </trkpt>
   <trkpt lat="38.67587" lon="-0.48291000000000006">
    <ele>721.99</ele>
   </trkpt>
   <trkpt lat="38.67573" lon="-0.48304">
    <ele>724.22</ele>
   </trkpt>
   <trkpt lat="38.67537" lon="-0.48365">
    <ele>726.44</ele>
   </trkpt>
   <trkpt lat="38.67519" lon="-0.48403">
    <ele>729.01</ele>
   </trkpt>
   <trkpt lat="38.67508" lon="-0.48446000000000006">
    <ele>729.6300000000001</ele>
   </trkpt>
   <trkpt lat="38.6751" lon="-0.48479000000000005">
    <ele>730.38</ele>
   </trkpt>
   <trkpt lat="38.675160000000005" lon="-0.48509">
    <ele>730.3900000000001</ele>
   </trkpt>
   <trkpt lat="38.67541000000001" lon="-0.48582000000000003">
    <ele>730.23</ele>
   </trkpt>
   <trkpt lat="38.675520000000006" lon="-0.48631">
    <ele>730.6</ele>
   </trkpt>
   <trkpt lat="38.67555500191854" lon="-0.4869799998135442">
    <ele>728.97</ele>
   </trkpt>
   <trkpt lat="38.67559" lon="-0.48765000000000003">
    <ele>725.0200000000001</ele>
   </trkpt>
   <trkpt lat="38.675650000000005" lon="-0.48806000000000005">
    <ele>722.9300000000001</ele>
   </trkpt>
   <trkpt lat="38.67566" lon="-0.48821000000000003">
    <ele>722.19</ele>
   </trkpt>
   <trkpt lat="38.675630000000005" lon="-0.48847">
    <ele>721.7</ele>
   </trkpt>
   <trkpt lat="38.67559" lon="-0.48860000000000003">
    <ele>721.6300000000001</ele>
   </trkpt>
   <trkpt lat="38.67549" lon="-0.48886">
    <ele>721.6400000000001</ele>
   </trkpt>
   <trkpt lat="38.675380000000004" lon="-0.48903">
    <ele>721.71</ele>
   </trkpt>
   <trkpt lat="38.675250000000005" lon="-0.48908">
    <ele>722.09</ele>
   </trkpt>
   <trkpt lat="38.675090000000004" lon="-0.48909">
    <ele>722.74</ele>
   </trkpt>
   <trkpt lat="38.674690000000005" lon="-0.48903">
    <ele>725.34</ele>
   </trkpt>
   <trkpt lat="38.674600000000005" lon="-0.48907000000000006">
    <ele>725.72</ele>
   </trkpt>
   <trkpt lat="38.674530000000004" lon="-0.48914">
    <ele>725.89</ele>
   </trkpt>
   <trkpt lat="38.67448" lon="-0.48925">
    <ele>725.89</ele>
   </trkpt>
   <trkpt lat="38.67446" lon="-0.48941000000000007">
    <ele>726.94</ele>
   </trkpt>
   <trkpt lat="38.674510000000005" lon="-0.49003">
    <ele>728.6800000000001</ele>
   </trkpt>
   <trkpt lat="38.674490000000006" lon="-0.49026000000000003">
    <ele>729.8</ele>
   </trkpt>
   <trkpt lat="38.67443" lon="-0.49041">
    <ele>730.31</ele>
   </trkpt>
   <trkpt lat="38.67421" lon="-0.49082000000000003">
    <ele>731.6600000000001</ele>
   </trkpt>
   <trkpt lat="38.673860000000005" lon="-0.49171000000000004">
    <ele>732.8100000000001</ele>
   </trkpt>
   <trkpt lat="38.67374" lon="-0.49186">
    <ele>732.57</ele>
   </trkpt>
   <trkpt lat="38.67334" lon="-0.49214">
    <ele>731.7600000000001</ele>
   </trkpt>
   <trkpt lat="38.673210000000005" lon="-0.49226000000000003">
    <ele>731.41</ele>
   </trkpt>
   <trkpt lat="38.672790000000006" lon="-0.49286">
    <ele>731.9000000000001</ele>
   </trkpt>
   <trkpt lat="38.672470000000004" lon="-0.49325">
    <ele>732.9100000000001</ele>
   </trkpt>
   <trkpt lat="38.6724" lon="-0.49341">
    <ele>732.9100000000001</ele>
   </trkpt>
   <trkpt lat="38.67228" lon="-0.4938">
    <ele>734.04</ele>
   </trkpt>
   <trkpt lat="38.67217" lon="-0.49402">
    <ele>735.6600000000001</ele>
   </trkpt>
   <trkpt lat="38.672070000000005" lon="-0.49413">
    <ele>735.6600000000001</ele>
   </trkpt>
   <trkpt lat="38.671910000000004" lon="-0.49425">
    <ele>738.01</ele>
   </trkpt>
   <trkpt lat="38.67183" lon="-0.49435000000000007">
    <ele>738.3000000000001</ele>
   </trkpt>
   <trkpt lat="38.671800000000005" lon="-0.49447">
    <ele>738.84</ele>
   </trkpt>
   <trkpt lat="38.67184" lon="-0.49457000000000007">
    <ele>739.82</ele>
   </trkpt>
   <trkpt lat="38.67212000000001" lon="-0.49487000000000003">
    <ele>740.92</ele>
   </trkpt>
   <trkpt lat="38.67239" lon="-0.49529000000000006">
    <ele>742.7300000000001</ele>
   </trkpt>
   <trkpt lat="38.67257" lon="-0.49573000000000006">
    <ele>743.75</ele>
   </trkpt>
   <trkpt lat="38.67271" lon="-0.4963">
    <ele>745.46</ele>
   </trkpt>
   <trkpt lat="38.672760000000004" lon="-0.49659000000000003">
    <ele>746.68</ele>
   </trkpt>
   <trkpt lat="38.672830000000005" lon="-0.49729000000000007">
    <ele>748.0600000000001</ele>
   </trkpt>
   <trkpt lat="38.67284" lon="-0.4978">
    <ele>748.33</ele>
   </trkpt>
   <trkpt lat="38.6728" lon="-0.49796">
    <ele>748.41</ele>
   </trkpt>
   <trkpt lat="38.672740000000005" lon="-0.49812000000000006">
    <ele>748.57</ele>
   </trkpt>
   <trkpt lat="38.67250000000001" lon="-0.49841">
    <ele>749.29</ele>
   </trkpt>
   <trkpt lat="38.67222" lon="-0.49864">
    <ele>749.48</ele>
   </trkpt>
   <trkpt lat="38.67208" lon="-0.49890000000000007">
    <ele>749.8100000000001</ele>
   </trkpt>
   <trkpt lat="38.67188" lon="-0.49963">
    <ele>751.82</ele>
   </trkpt>
   <trkpt lat="38.67165" lon="-0.50012">
    <ele>751.45</ele>
   </trkpt>
   <trkpt lat="38.671640000000004" lon="-0.50024">
    <ele>751.36</ele>
   </trkpt>
   <trkpt lat="38.67166" lon="-0.50034">
    <ele>751.38</ele>
   </trkpt>
   <trkpt lat="38.671870000000006" lon="-0.50063">
    <ele>751.6600000000001</ele>
   </trkpt>
   <trkpt lat="38.671940000000006" lon="-0.50078">
    <ele>751.8</ele>
   </trkpt>
   <trkpt lat="38.67199" lon="-0.50092">
    <ele>752.0100000000001</ele>
   </trkpt>
   <trkpt lat="38.67201" lon="-0.50107">
    <ele>752.77</ele>
   </trkpt>
   <trkpt lat="38.67199" lon="-0.50139">
    <ele>753.1000000000001</ele>
   </trkpt>
   <trkpt lat="38.67192" lon="-0.50173">
    <ele>753.7</ele>
   </trkpt>
   <trkpt lat="38.67186" lon="-0.50193">
    <ele>754.0500000000001</ele>
   </trkpt>
   <trkpt lat="38.67157" lon="-0.50256">
    <ele>754.62</ele>
   </trkpt>
   <trkpt lat="38.67116" lon="-0.50334">
    <ele>758.1000000000001</ele>
   </trkpt>
   <trkpt lat="38.67107" lon="-0.50356">
    <ele>758.9200000000001</ele>
   </trkpt>
   <trkpt lat="38.67085000217098" lon="-0.5042800023303456">
    <ele>762.7</ele>
   </trkpt>
   <trkpt lat="38.67063" lon="-0.505">
    <ele>766.83</ele>
   </trkpt>
   <trkpt lat="38.67054" lon="-0.50514">
    <ele>767.35</ele>
   </trkpt>
   <trkpt lat="38.670080000000006" lon="-0.50568">
    <ele>769.1500000000001</ele>
   </trkpt>
   <trkpt lat="38.670010000000005" lon="-0.5058">
    <ele>769.22</ele>
   </trkpt>
   <trkpt lat="38.669990000000006" lon="-0.50592">
    <ele>769.3100000000001</ele>
   </trkpt>
   <trkpt lat="38.67004" lon="-0.50617">
    <ele>769.7600000000001</ele>
   </trkpt>
   <trkpt lat="38.670190000000005" lon="-0.50661">
    <ele>771.57</ele>
   </trkpt>
   <trkpt lat="38.670390000000005" lon="-0.50697">
    <ele>773.75</ele>
   </trkpt>
   <trkpt lat="38.670550000000006" lon="-0.50712">
    <ele>774.5000000000001</ele>
   </trkpt>
   <trkpt lat="38.670660000000005" lon="-0.50717">
    <ele>775.6500000000001</ele>
   </trkpt>
   <trkpt lat="38.670750000000005" lon="-0.50719">
    <ele>775.6500000000001</ele>
   </trkpt>
   <trkpt lat="38.67085" lon="-0.50717">
    <ele>775.6500000000001</ele>
   </trkpt>
   <trkpt lat="38.67121" lon="-0.50697">
    <ele>778.2800000000001</ele>
   </trkpt>
   <trkpt lat="38.671530000000004" lon="-0.50683">
    <ele>780.4700000000001</ele>
   </trkpt>
   <trkpt lat="38.671640000000004" lon="-0.50683">
    <ele>781.44</ele>
   </trkpt>
   <trkpt lat="38.671690000000005" lon="-0.50692">
    <ele>781.44</ele>
   </trkpt>
   <trkpt lat="38.671690000000005" lon="-0.50705">
    <ele>783.07</ele>
   </trkpt>
   <trkpt lat="38.671440000000004" lon="-0.5074700000000001">
    <ele>784.97</ele>
   </trkpt>
   <trkpt lat="38.671380000000006" lon="-0.50763">
    <ele>785.09</ele>
   </trkpt>
   <trkpt lat="38.671380000000006" lon="-0.50783">
    <ele>785.05</ele>
   </trkpt>
   <trkpt lat="38.671400000000006" lon="-0.5079">
    <ele>785.05</ele>
   </trkpt>
   <trkpt lat="38.67161" lon="-0.50817">
    <ele>785.2500000000001</ele>
   </trkpt>
   <trkpt lat="38.671670000000006" lon="-0.50837">
    <ele>785.2500000000001</ele>
   </trkpt>
   <trkpt lat="38.6717" lon="-0.50888">
    <ele>785.61</ele>
   </trkpt>
   <trkpt lat="38.67161" lon="-0.50988">
    <ele>786.34</ele>
   </trkpt>
   <trkpt lat="38.671640000000004" lon="-0.51007">
    <ele>786.45</ele>
   </trkpt>
   <trkpt lat="38.671850000000006" lon="-0.51059">
    <ele>787.08</ele>
   </trkpt>
   <trkpt lat="38.671850000000006" lon="-0.51093">
    <ele>787.4000000000001</ele>
   </trkpt>
   <trkpt lat="38.67175" lon="-0.5111">
    <ele>787.4000000000001</ele>
   </trkpt>
   <trkpt lat="38.67145" lon="-0.51144">
    <ele>786.7700000000001</ele>
   </trkpt>
   <trkpt lat="38.671420000000005" lon="-0.51154">
    <ele>786.2800000000001</ele>
   </trkpt>
   <trkpt lat="38.67143" lon="-0.51158">
    <ele>786.2800000000001</ele>
   </trkpt>
   <trkpt lat="38.671490000000006" lon="-0.51166">
    <ele>785.6700000000001</ele>
   </trkpt>
   <trkpt lat="38.67177" lon="-0.51188">
    <ele>782.69</ele>
   </trkpt>
   <trkpt lat="38.67192" lon="-0.51205">
    <ele>781.3100000000001</ele>
   </trkpt>
   <trkpt lat="38.67201" lon="-0.51234">
    <ele>780.02</ele>
   </trkpt>
   <trkpt lat="38.67206" lon="-0.5127700000000001">
    <ele>779.9</ele>
   </trkpt>
   <trkpt lat="38.67206" lon="-0.51293">
    <ele>781.0400000000001</ele>
   </trkpt>
   <trkpt lat="38.67203000000001" lon="-0.51302">
    <ele>781.0400000000001</ele>
   </trkpt>
   <trkpt lat="38.671850000000006" lon="-0.5132">
    <ele>782.71</ele>
   </trkpt>
   <trkpt lat="38.67139000039465" lon="-0.5134300013931375">
    <ele>787.2300000000001</ele>
   </trkpt>
   <trkpt lat="38.670930000000006" lon="-0.51366">
    <ele>791.5300000000001</ele>
   </trkpt>
   <trkpt lat="38.67027" lon="-0.51388">
    <ele>796.9900000000001</ele>
   </trkpt>
   <trkpt lat="38.6702" lon="-0.51393">
    <ele>797.9900000000001</ele>
   </trkpt>
   <trkpt lat="38.66996" lon="-0.51417">
    <ele>801.6700000000001</ele>
   </trkpt>
   <trkpt lat="38.669790000000006" lon="-0.51427">
    <ele>801.6700000000001</ele>
   </trkpt>
   <trkpt lat="38.669470000000004" lon="-0.51432">
    <ele>805.95</ele>
   </trkpt>
   <trkpt lat="38.66908" lon="-0.51454">
    <ele>808.9900000000001</ele>
   </trkpt>
   <trkpt lat="38.66836" lon="-0.51512">
    <ele>808.52</ele>
   </trkpt>
   <trkpt lat="38.66828" lon="-0.51524">
    <ele>808.1600000000001</ele>
   </trkpt>
   <trkpt lat="38.66825" lon="-0.51544">
    <ele>808.0400000000001</ele>
   </trkpt>
   <trkpt lat="38.66832" lon="-0.51612">
    <ele>809.19</ele>
   </trkpt>
   <trkpt lat="38.66839" lon="-0.51627">
    <ele>809.6700000000001</ele>
   </trkpt>
   <trkpt lat="38.668490000000006" lon="-0.51641">
    <ele>809.94</ele>
   </trkpt>
   <trkpt lat="38.66868" lon="-0.51659">
    <ele>810.5300000000001</ele>
   </trkpt>
   <trkpt lat="38.669090000000004" lon="-0.51685">
    <ele>812.33</ele>
   </trkpt>
   <trkpt lat="38.66917" lon="-0.51693">
    <ele>813.2800000000001</ele>
   </trkpt>
   <trkpt lat="38.66922" lon="-0.51705">
    <ele>813.2800000000001</ele>
   </trkpt>
   <trkpt lat="38.66922" lon="-0.5172">
    <ele>814.19</ele>
   </trkpt>
   <trkpt lat="38.669140000000006" lon="-0.51737">
    <ele>815.6600000000001</ele>
   </trkpt>
   <trkpt lat="38.66903000000001" lon="-0.51746">
    <ele>816.5400000000001</ele>
   </trkpt>
   <trkpt lat="38.668820000000004" lon="-0.51759">
    <ele>819.6500000000001</ele>
   </trkpt>
   <trkpt lat="38.66865000000001" lon="-0.51773">
    <ele>823.07</ele>
   </trkpt>
   <trkpt lat="38.668490000000006" lon="-0.5179">
    <ele>824.1400000000001</ele>
   </trkpt>
   <trkpt lat="38.668350000000004" lon="-0.51824">
    <ele>829.3300000000002</ele>
   </trkpt>
   <trkpt lat="38.66828" lon="-0.51863">
    <ele>831.49</ele>
   </trkpt>
   <trkpt lat="38.66817" lon="-0.519">
    <ele>835.61</ele>
   </trkpt>
   <trkpt lat="38.668060000000004" lon="-0.51917">
    <ele>835.61</ele>
   </trkpt>
   <trkpt lat="38.66781" lon="-0.51947">
    <ele>839.67</ele>
   </trkpt>
   <trkpt lat="38.66763" lon="-0.51985">
    <ele>843.1400000000001</ele>
   </trkpt>
   <trkpt lat="38.66758" lon="-0.52012">
    <ele>845.33</ele>
   </trkpt>
   <trkpt lat="38.66756" lon="-0.52059">
    <ele>849.47</ele>
   </trkpt>
   <trkpt lat="38.6676" lon="-0.52105">
    <ele>852.99</ele>
   </trkpt>
   <trkpt lat="38.66762000000001" lon="-0.52176">
    <ele>856.99</ele>
   </trkpt>
   <trkpt lat="38.667730000000006" lon="-0.52244">
    <ele>862.4000000000001</ele>
   </trkpt>
   <trkpt lat="38.66772" lon="-0.5225000000000001">
    <ele>862.4000000000001</ele>
   </trkpt>
   <trkpt lat="38.667680000000004" lon="-0.52254">
    <ele>863.57</ele>
   </trkpt>
   <trkpt lat="38.667640000000006" lon="-0.52254">
    <ele>863.57</ele>
   </trkpt>
   <trkpt lat="38.66761" lon="-0.52251">
    <ele>863.57</ele>
   </trkpt>
   <trkpt lat="38.667500000000004" lon="-0.52198">
    <ele>866.98</ele>
   </trkpt>
   <trkpt lat="38.66745" lon="-0.5219">
    <ele>868.44</ele>
   </trkpt>
   <trkpt lat="38.66742" lon="-0.5219">
    <ele>868.44</ele>
   </trkpt>
   <trkpt lat="38.66736" lon="-0.52195">
    <ele>869.32</ele>
   </trkpt>
   <trkpt lat="38.66736" lon="-0.52207">
    <ele>870.09</ele>
   </trkpt>
   <trkpt lat="38.66756" lon="-0.523">
    <ele>876.4000000000001</ele>
   </trkpt>
   <trkpt lat="38.667680000000004" lon="-0.52344">
    <ele>879.4300000000001</ele>
   </trkpt>
   <trkpt lat="38.667860000000005" lon="-0.52376">
    <ele>881.7800000000001</ele>
   </trkpt>
   <trkpt lat="38.667910000000006" lon="-0.5239">
    <ele>883.1600000000001</ele>
   </trkpt>
   <trkpt lat="38.667930000000005" lon="-0.52407">
    <ele>883.1600000000001</ele>
   </trkpt>
   <trkpt lat="38.667930000000005" lon="-0.52437">
    <ele>886.5</ele>
   </trkpt>
   <trkpt lat="38.667910000000006" lon="-0.52447">
    <ele>886.87</ele>
   </trkpt>
   <trkpt lat="38.667860000000005" lon="-0.52451">
    <ele>887.21</ele>
   </trkpt>
   <trkpt lat="38.6678" lon="-0.52449">
    <ele>887.7900000000001</ele>
   </trkpt>
   <trkpt lat="38.66776" lon="-0.52439">
    <ele>887.7900000000001</ele>
   </trkpt>
   <trkpt lat="38.667750000000005" lon="-0.52415">
    <ele>889.12</ele>
   </trkpt>
   <trkpt lat="38.6677" lon="-0.52403">
    <ele>890.24</ele>
   </trkpt>
   <trkpt lat="38.6676" lon="-0.52393">
    <ele>891.7100000000002</ele>
   </trkpt>
   <trkpt lat="38.667530000000006" lon="-0.5239">
    <ele>892.84</ele>
   </trkpt>
   <trkpt lat="38.66742" lon="-0.5239">
    <ele>892.84</ele>
   </trkpt>
   <trkpt lat="38.66734" lon="-0.52393">
    <ele>895.21</ele>
   </trkpt>
   <trkpt lat="38.666920000000005" lon="-0.52425">
    <ele>901.1000000000001</ele>
   </trkpt>
   <trkpt lat="38.66668000000001" lon="-0.52449">
    <ele>903.4300000000001</ele>
   </trkpt>
   <trkpt lat="38.66659000000001" lon="-0.52461">
    <ele>904.4200000000001</ele>
   </trkpt>
   <trkpt lat="38.66629500136227" lon="-0.5251850024571628">
    <ele>910.6</ele>
   </trkpt>
   <trkpt lat="38.666000000000004" lon="-0.52576">
    <ele>914.6800000000001</ele>
   </trkpt>
   <trkpt lat="38.66581" lon="-0.5262">
    <ele>920.69</ele>
   </trkpt>
   <trkpt lat="38.66575" lon="-0.52622">
    <ele>921.15</ele>
   </trkpt>
   <trkpt lat="38.665690000000005" lon="-0.52617">
    <ele>921.58</ele>
   </trkpt>
   <trkpt lat="38.66568" lon="-0.52593">
    <ele>922.98</ele>
   </trkpt>
   <trkpt lat="38.6657" lon="-0.52576">
    <ele>924.39</ele>
   </trkpt>
   <trkpt lat="38.66577" lon="-0.5255000000000001">
    <ele>924.98</ele>
   </trkpt>
   <trkpt lat="38.665760000000006" lon="-0.52546">
    <ele>924.98</ele>
   </trkpt>
   <trkpt lat="38.6657" lon="-0.52542">
    <ele>926.37</ele>
   </trkpt>
   <trkpt lat="38.66563" lon="-0.52544">
    <ele>927.2</ele>
   </trkpt>
   <trkpt lat="38.66559" lon="-0.52549">
    <ele>927.2</ele>
   </trkpt>
   <trkpt lat="38.665560000000006" lon="-0.52564">
    <ele>928.2500000000001</ele>
   </trkpt>
   <trkpt lat="38.66552" lon="-0.52632">
    <ele>931.66</ele>
   </trkpt>
   <trkpt lat="38.665510000000005" lon="-0.52712">
    <ele>937.22</ele>
   </trkpt>
   <trkpt lat="38.665420000000005" lon="-0.52761">
    <ele>939.6800000000001</ele>
   </trkpt>
   <trkpt lat="38.665400000000005" lon="-0.5279">
    <ele>939.6800000000001</ele>
   </trkpt>
   <trkpt lat="38.665420000000005" lon="-0.52808">
    <ele>942.5500000000001</ele>
   </trkpt>
   <trkpt lat="38.665470000000006" lon="-0.52825">
    <ele>943.12</ele>
   </trkpt>
   <trkpt lat="38.665710000000004" lon="-0.52864">
    <ele>944.7500000000001</ele>
   </trkpt>
   <trkpt lat="38.66583" lon="-0.52888">
    <ele>945.4100000000001</ele>
   </trkpt>
   <trkpt lat="38.665870000000005" lon="-0.52905">
    <ele>945.8000000000001</ele>
   </trkpt>
   <trkpt lat="38.665890000000005" lon="-0.5292300000000001">
    <ele>945.8000000000001</ele>
   </trkpt>
   <trkpt lat="38.66589000217633" lon="-0.5299450002289743">
    <ele>947.25</ele>
   </trkpt>
   <trkpt lat="38.665890000000005" lon="-0.53066">
    <ele>948.8400000000001</ele>
   </trkpt>
   <trkpt lat="38.66595" lon="-0.53122">
    <ele>949.5100000000001</ele>
   </trkpt>
   <trkpt lat="38.66595" lon="-0.53142">
    <ele>950.3000000000001</ele>
   </trkpt>
   <trkpt lat="38.66593" lon="-0.53154">
    <ele>950.7500000000001</ele>
   </trkpt>
   <trkpt lat="38.665720002360494" lon="-0.5322850021930783">
    <ele>953.85</ele>
   </trkpt>
   <trkpt lat="38.665510000000005" lon="-0.53303">
    <ele>959.1700000000001</ele>
   </trkpt>
   <trkpt lat="38.665400000000005" lon="-0.53356">
    <ele>961.5600000000001</ele>
   </trkpt>
   <trkpt lat="38.665380000000006" lon="-0.53374">
    <ele>962.4800000000001</ele>
   </trkpt>
   <trkpt lat="38.66537" lon="-0.53391">
    <ele>963.61</ele>
   </trkpt>
   <trkpt lat="38.66541" lon="-0.53408">
    <ele>964.44</ele>
   </trkpt>
   <trkpt lat="38.66559" lon="-0.53444">
    <ele>967.8000000000001</ele>
   </trkpt>
   <trkpt lat="38.665620000000004" lon="-0.53459">
    <ele>969.32</ele>
   </trkpt>
   <trkpt lat="38.665510000000005" lon="-0.53569">
    <ele>979.0600000000001</ele>
   </trkpt>
   <trkpt lat="38.665470000000006" lon="-0.5358">
    <ele>979.9300000000001</ele>
   </trkpt>
   <trkpt lat="38.665420000000005" lon="-0.53586">
    <ele>980.3100000000001</ele>
   </trkpt>
   <trkpt lat="38.665350000000004" lon="-0.53586">
    <ele>980.6400000000001</ele>
   </trkpt>
   <trkpt lat="38.66521" lon="-0.53574">
    <ele>982.11</ele>
   </trkpt>
   <trkpt lat="38.665130000000005" lon="-0.53559">
    <ele>982.6100000000001</ele>
   </trkpt>
   <trkpt lat="38.665020000000005" lon="-0.53503">
    <ele>986.44</ele>
   </trkpt>
   <trkpt lat="38.66496" lon="-0.53493">
    <ele>987.2700000000001</ele>
   </trkpt>
   <trkpt lat="38.664840000000005" lon="-0.53493">
    <ele>988.0000000000001</ele>
   </trkpt>
   <trkpt lat="38.6648" lon="-0.53498">
    <ele>988.9700000000001</ele>
   </trkpt>
   <trkpt lat="38.66472" lon="-0.53522">
    <ele>990.4200000000001</ele>
   </trkpt>
   <trkpt lat="38.66471000000001" lon="-0.53547">
    <ele>992.19</ele>
   </trkpt>
   <trkpt lat="38.664730000000006" lon="-0.53561">
    <ele>992.19</ele>
   </trkpt>
   <trkpt lat="38.66476" lon="-0.53571">
    <ele>996.0600000000001</ele>
   </trkpt>
   <trkpt lat="38.664860000000004" lon="-0.53586">
    <ele>996.0600000000001</ele>
   </trkpt>
   <trkpt lat="38.66516" lon="-0.53617">
    <ele>1000.4000000000002</ele>
   </trkpt>
   <trkpt lat="38.66517" lon="-0.53625">
    <ele>1001.3400000000001</ele>
   </trkpt>
   <trkpt lat="38.66514" lon="-0.5363">
    <ele>1001.3400000000001</ele>
   </trkpt>
   <trkpt lat="38.665110000000006" lon="-0.5363">
    <ele>1001.3400000000001</ele>
   </trkpt>
   <trkpt lat="38.66471000000001" lon="-0.536">
    <ele>1007.2700000000001</ele>
   </trkpt>
   <trkpt lat="38.66463" lon="-0.53603">
    <ele>1008.0100000000001</ele>
   </trkpt>
   <trkpt lat="38.66463" lon="-0.53613">
    <ele>1008.3</ele>
   </trkpt>
   <trkpt lat="38.66465" lon="-0.53615">
    <ele>1008.3</ele>
   </trkpt>
   <trkpt lat="38.664950000000005" lon="-0.53644">
    <ele>1011.4500000000002</ele>
   </trkpt>
   <trkpt lat="38.66518000000001" lon="-0.5370900000000001">
    <ele>1015.5400000000001</ele>
   </trkpt>
   <trkpt lat="38.665290000000006" lon="-0.53757">
    <ele>1018.3900000000001</ele>
   </trkpt>
   <trkpt lat="38.66528" lon="-0.53764">
    <ele>1019.7400000000001</ele>
   </trkpt>
   <trkpt lat="38.66525" lon="-0.53769">
    <ele>1019.7400000000001</ele>
   </trkpt>
   <trkpt lat="38.66519" lon="-0.5377200000000001">
    <ele>1019.7400000000001</ele>
   </trkpt>
   <trkpt lat="38.66512" lon="-0.53771">
    <ele>1021.1000000000001</ele>
   </trkpt>
   <trkpt lat="38.664880000000004" lon="-0.53759">
    <ele>1022.9700000000001</ele>
   </trkpt>
   <trkpt lat="38.66476" lon="-0.53757">
    <ele>1024.98</ele>
   </trkpt>
   <trkpt lat="38.664680000000004" lon="-0.53759">
    <ele>1024.98</ele>
   </trkpt>
   <trkpt lat="38.664660000000005" lon="-0.53764">
    <ele>1025.7500000000002</ele>
   </trkpt>
   <trkpt lat="38.664680000000004" lon="-0.53771">
    <ele>1025.7500000000002</ele>
   </trkpt>
   <trkpt lat="38.66472" lon="-0.53776">
    <ele>1026.3999999999999</ele>
   </trkpt>
   <trkpt lat="38.66516" lon="-0.53818">
    <ele>1030.84</ele>
   </trkpt>
   <trkpt lat="38.66519" lon="-0.53835">
    <ele>1031.79</ele>
   </trkpt>
   <trkpt lat="38.665090000000006" lon="-0.53839">
    <ele>1032.66</ele>
   </trkpt>
   <trkpt lat="38.66489" lon="-0.53818">
    <ele>1035.18</ele>
   </trkpt>
   <trkpt lat="38.66479" lon="-0.53813">
    <ele>1036.15</ele>
   </trkpt>
   <trkpt lat="38.664640000000006" lon="-0.53813">
    <ele>1038.27</ele>
   </trkpt>
   <trkpt lat="38.6646" lon="-0.53818">
    <ele>1039.28</ele>
   </trkpt>
   <trkpt lat="38.664590000000004" lon="-0.53832">
    <ele>1040.21</ele>
   </trkpt>
   <trkpt lat="38.66463" lon="-0.53852">
    <ele>1042.3999999999999</ele>
   </trkpt>
   <trkpt lat="38.665000000000006" lon="-0.5390900000000001">
    <ele>1047.79</ele>
   </trkpt>
   <trkpt lat="38.66498" lon="-0.53917">
    <ele>1047.79</ele>
   </trkpt>
   <trkpt lat="38.665000000000006" lon="-0.53942">
    <ele>1048.78</ele>
   </trkpt>
   <trkpt lat="38.66499" lon="-0.5401100000000001">
    <ele>1054.2900000000002</ele>
   </trkpt>
   <trkpt lat="38.664930000000005" lon="-0.54025">
    <ele>1054.77</ele>
   </trkpt>
   <trkpt lat="38.664930000000005" lon="-0.54032">
    <ele>1054.77</ele>
   </trkpt>
   <trkpt lat="38.664950000000005" lon="-0.5403600000000001">
    <ele>1054.77</ele>
   </trkpt>
   <trkpt lat="38.66494" lon="-0.54035">
    <ele>1054.77</ele>
   </trkpt>
   <trkpt lat="38.66498" lon="-0.5403600000000001">
    <ele>1054.84</ele>
   </trkpt>
   <trkpt lat="38.664950000000005" lon="-0.54035">
    <ele>1054.67</ele>
   </trkpt>
   <trkpt lat="38.664930000000005" lon="-0.54032">
    <ele>1054.67</ele>
   </trkpt>
   <trkpt lat="38.664930000000005" lon="-0.54025">
    <ele>1054.67</ele>
   </trkpt>
   <trkpt lat="38.66499" lon="-0.5401100000000001">
    <ele>1054.2900000000002</ele>
   </trkpt>
   <trkpt lat="38.665000000000006" lon="-0.53942">
    <ele>1048.78</ele>
   </trkpt>
   <trkpt lat="38.66498" lon="-0.53917">
    <ele>1047.79</ele>
   </trkpt>
   <trkpt lat="38.665000000000006" lon="-0.5390900000000001">
    <ele>1047.62</ele>
   </trkpt>
   <trkpt lat="38.66463" lon="-0.53852">
    <ele>1040.21</ele>
   </trkpt>
   <trkpt lat="38.664590000000004" lon="-0.53832">
    <ele>1039.28</ele>
   </trkpt>
   <trkpt lat="38.6646" lon="-0.53818">
    <ele>1038.27</ele>
   </trkpt>
   <trkpt lat="38.664640000000006" lon="-0.53813">
    <ele>1038.27</ele>
   </trkpt>
   <trkpt lat="38.66479" lon="-0.53813">
    <ele>1036.15</ele>
   </trkpt>
   <trkpt lat="38.66489" lon="-0.53818">
    <ele>1035.18</ele>
   </trkpt>
   <trkpt lat="38.665090000000006" lon="-0.53839">
    <ele>1032.66</ele>
   </trkpt>
   <trkpt lat="38.66519" lon="-0.53835">
    <ele>1030.84</ele>
   </trkpt>
   <trkpt lat="38.66516" lon="-0.53818">
    <ele>1029.94</ele>
   </trkpt>
   <trkpt lat="38.66472" lon="-0.53776">
    <ele>1025.7500000000002</ele>
   </trkpt>
   <trkpt lat="38.664680000000004" lon="-0.53771">
    <ele>1025.7500000000002</ele>
   </trkpt>
   <trkpt lat="38.664660000000005" lon="-0.53764">
    <ele>1024.98</ele>
   </trkpt>
   <trkpt lat="38.664680000000004" lon="-0.53759">
    <ele>1024.98</ele>
   </trkpt>
   <trkpt lat="38.66476" lon="-0.53757">
    <ele>1023.44</ele>
   </trkpt>
   <trkpt lat="38.664880000000004" lon="-0.53759">
    <ele>1022.5300000000001</ele>
   </trkpt>
   <trkpt lat="38.66512" lon="-0.53771">
    <ele>1019.7400000000001</ele>
   </trkpt>
   <trkpt lat="38.66519" lon="-0.5377200000000001">
    <ele>1019.7400000000001</ele>
   </trkpt>
   <trkpt lat="38.66525" lon="-0.53769">
    <ele>1019.7400000000001</ele>
   </trkpt>
   <trkpt lat="38.66528" lon="-0.53764">
    <ele>1018.3900000000001</ele>
   </trkpt>
   <trkpt lat="38.665290000000006" lon="-0.53757">
    <ele>1018.3900000000001</ele>
   </trkpt>
   <trkpt lat="38.66518000000001" lon="-0.5370900000000001">
    <ele>1014.5000000000001</ele>
   </trkpt>
   <trkpt lat="38.664950000000005" lon="-0.53644">
    <ele>1009.6400000000001</ele>
   </trkpt>
   <trkpt lat="38.66463" lon="-0.53613">
    <ele>1008.0100000000001</ele>
   </trkpt>
   <trkpt lat="38.66463" lon="-0.53603">
    <ele>1007.2700000000001</ele>
   </trkpt>
   <trkpt lat="38.66471000000001" lon="-0.536">
    <ele>1006.2900000000001</ele>
   </trkpt>
   <trkpt lat="38.665110000000006" lon="-0.5363">
    <ele>1001.3400000000001</ele>
   </trkpt>
   <trkpt lat="38.66514" lon="-0.5363">
    <ele>1000.89</ele>
   </trkpt>
   <trkpt lat="38.66517" lon="-0.53625">
    <ele>1000.4000000000002</ele>
   </trkpt>
   <trkpt lat="38.66516" lon="-0.53617">
    <ele>999.87</ele>
   </trkpt>
   <trkpt lat="38.664860000000004" lon="-0.53586">
    <ele>996.0600000000001</ele>
   </trkpt>
   <trkpt lat="38.66476" lon="-0.53571">
    <ele>992.19</ele>
   </trkpt>
   <trkpt lat="38.66471000000001" lon="-0.53547">
    <ele>991.26</ele>
   </trkpt>
   <trkpt lat="38.66472" lon="-0.53522">
    <ele>989.6600000000001</ele>
   </trkpt>
   <trkpt lat="38.6648" lon="-0.53498">
    <ele>988.0000000000001</ele>
   </trkpt>
   <trkpt lat="38.664840000000005" lon="-0.53493">
    <ele>987.2700000000001</ele>
   </trkpt>
   <trkpt lat="38.66496" lon="-0.53493">
    <ele>986.44</ele>
   </trkpt>
   <trkpt lat="38.665020000000005" lon="-0.53503">
    <ele>984.71</ele>
   </trkpt>
   <trkpt lat="38.665130000000005" lon="-0.53559">
    <ele>982.11</ele>
   </trkpt>
   <trkpt lat="38.66521" lon="-0.53574">
    <ele>981.1800000000001</ele>
   </trkpt>
   <trkpt lat="38.665350000000004" lon="-0.53586">
    <ele>980.3100000000001</ele>
   </trkpt>
   <trkpt lat="38.665420000000005" lon="-0.53586">
    <ele>979.9300000000001</ele>
   </trkpt>
   <trkpt lat="38.665470000000006" lon="-0.5358">
    <ele>979.0600000000001</ele>
   </trkpt>
   <trkpt lat="38.665510000000005" lon="-0.53569">
    <ele>976.58</ele>
   </trkpt>
   <trkpt lat="38.665620000000004" lon="-0.53459">
    <ele>968.58</ele>
   </trkpt>
   <trkpt lat="38.66559" lon="-0.53444">
    <ele>967.8000000000001</ele>
   </trkpt>
   <trkpt lat="38.66541" lon="-0.53408">
    <ele>964.44</ele>
   </trkpt>
   <trkpt lat="38.66537" lon="-0.53391">
    <ele>962.83</ele>
   </trkpt>
   <trkpt lat="38.665380000000006" lon="-0.53374">
    <ele>961.84</ele>
   </trkpt>
   <trkpt lat="38.665400000000005" lon="-0.53356">
    <ele>961.5600000000001</ele>
   </trkpt>
   <trkpt lat="38.665510000000005" lon="-0.53303">
    <ele>958.5000000000001</ele>
   </trkpt>
   <trkpt lat="38.66572000236509" lon="-0.5322850021767535">
    <ele>953.5100000000001</ele>
   </trkpt>
   <trkpt lat="38.66593" lon="-0.53154">
    <ele>950.3000000000001</ele>
   </trkpt>
   <trkpt lat="38.66595" lon="-0.53142">
    <ele>950.3000000000001</ele>
   </trkpt>
   <trkpt lat="38.66595" lon="-0.53122">
    <ele>949.5100000000001</ele>
   </trkpt>
   <trkpt lat="38.665890000000005" lon="-0.53066">
    <ele>948.59</ele>
   </trkpt>
   <trkpt lat="38.66589000217633" lon="-0.5299449997710258">
    <ele>946.91</ele>
   </trkpt>
   <trkpt lat="38.665890000000005" lon="-0.5292300000000001">
    <ele>945.8000000000001</ele>
   </trkpt>
   <trkpt lat="38.665870000000005" lon="-0.52905">
    <ele>945.4100000000001</ele>
   </trkpt>
   <trkpt lat="38.66583" lon="-0.52888">
    <ele>944.9900000000001</ele>
   </trkpt>
   <trkpt lat="38.665710000000004" lon="-0.52864">
    <ele>944.4500000000002</ele>
   </trkpt>
   <trkpt lat="38.665470000000006" lon="-0.52825">
    <ele>942.5500000000001</ele>
   </trkpt>
   <trkpt lat="38.665420000000005" lon="-0.52808">
    <ele>942.5500000000001</ele>
   </trkpt>
   <trkpt lat="38.665400000000005" lon="-0.5279">
    <ele>939.6800000000001</ele>
   </trkpt>
   <trkpt lat="38.665420000000005" lon="-0.52761">
    <ele>938.8100000000001</ele>
   </trkpt>
   <trkpt lat="38.665510000000005" lon="-0.52712">
    <ele>936.97</ele>
   </trkpt>
   <trkpt lat="38.66552" lon="-0.52632">
    <ele>931.66</ele>
   </trkpt>
   <trkpt lat="38.665560000000006" lon="-0.52564">
    <ele>928.2500000000001</ele>
   </trkpt>
   <trkpt lat="38.66559" lon="-0.52549">
    <ele>926.8000000000001</ele>
   </trkpt>
   <trkpt lat="38.66563" lon="-0.52544">
    <ele>926.37</ele>
   </trkpt>
   <trkpt lat="38.6657" lon="-0.52542">
    <ele>924.98</ele>
   </trkpt>
   <trkpt lat="38.665760000000006" lon="-0.52546">
    <ele>924.98</ele>
   </trkpt>
   <trkpt lat="38.66577" lon="-0.5255000000000001">
    <ele>924.9900000000001</ele>
   </trkpt>
   <trkpt lat="38.6657" lon="-0.52576">
    <ele>922.98</ele>
   </trkpt>
   <trkpt lat="38.66568" lon="-0.52593">
    <ele>922.34</ele>
   </trkpt>
   <trkpt lat="38.665690000000005" lon="-0.52617">
    <ele>921.15</ele>
   </trkpt>
   <trkpt lat="38.66575" lon="-0.52622">
    <ele>920.69</ele>
   </trkpt>
   <trkpt lat="38.66581" lon="-0.5262">
    <ele>918.72</ele>
   </trkpt>
   <trkpt lat="38.666000000000004" lon="-0.52576">
    <ele>914.6800000000001</ele>
   </trkpt>
   <trkpt lat="38.66629500145277" lon="-0.5251850022807606">
    <ele>910.6</ele>
   </trkpt>
   <trkpt lat="38.66659000000001" lon="-0.52461">
    <ele>904.4200000000001</ele>
   </trkpt>
   <trkpt lat="38.66668000000001" lon="-0.52449">
    <ele>903.4300000000001</ele>
   </trkpt>
   <trkpt lat="38.666920000000005" lon="-0.52425">
    <ele>899.3000000000001</ele>
   </trkpt>
   <trkpt lat="38.66734" lon="-0.52393">
    <ele>892.84</ele>
   </trkpt>
   <trkpt lat="38.66742" lon="-0.5239">
    <ele>892.84</ele>
   </trkpt>
   <trkpt lat="38.667530000000006" lon="-0.5239">
    <ele>891.7100000000002</ele>
   </trkpt>
   <trkpt lat="38.6676" lon="-0.52393">
    <ele>890.7</ele>
   </trkpt>
   <trkpt lat="38.6677" lon="-0.52403">
    <ele>889.45</ele>
   </trkpt>
   <trkpt lat="38.667750000000005" lon="-0.52415">
    <ele>888.82</ele>
   </trkpt>
   <trkpt lat="38.66776" lon="-0.52439">
    <ele>887.7900000000001</ele>
   </trkpt>
   <trkpt lat="38.6678" lon="-0.52449">
    <ele>887.21</ele>
   </trkpt>
   <trkpt lat="38.667860000000005" lon="-0.52451">
    <ele>886.5</ele>
   </trkpt>
   <trkpt lat="38.667910000000006" lon="-0.52447">
    <ele>886.5</ele>
   </trkpt>
   <trkpt lat="38.667930000000005" lon="-0.52437">
    <ele>885.33</ele>
   </trkpt>
   <trkpt lat="38.667930000000005" lon="-0.52407">
    <ele>883.1600000000001</ele>
   </trkpt>
   <trkpt lat="38.667910000000006" lon="-0.5239">
    <ele>881.7800000000001</ele>
   </trkpt>
   <trkpt lat="38.667860000000005" lon="-0.52376">
    <ele>881.7800000000001</ele>
   </trkpt>
   <trkpt lat="38.667680000000004" lon="-0.52344">
    <ele>879.4300000000001</ele>
   </trkpt>
   <trkpt lat="38.66756" lon="-0.523">
    <ele>876.4000000000001</ele>
   </trkpt>
   <trkpt lat="38.66736" lon="-0.52207">
    <ele>869.32</ele>
   </trkpt>
   <trkpt lat="38.66736" lon="-0.52195">
    <ele>868.44</ele>
   </trkpt>
   <trkpt lat="38.66742" lon="-0.5219">
    <ele>868.44</ele>
   </trkpt>
   <trkpt lat="38.66745" lon="-0.5219">
    <ele>866.98</ele>
   </trkpt>
   <trkpt lat="38.667500000000004" lon="-0.52198">
    <ele>866.5200000000001</ele>
   </trkpt>
   <trkpt lat="38.66761" lon="-0.52251">
    <ele>863.57</ele>
   </trkpt>
   <trkpt lat="38.667640000000006" lon="-0.52254">
    <ele>862.4000000000001</ele>
   </trkpt>
   <trkpt lat="38.667680000000004" lon="-0.52254">
    <ele>862.4000000000001</ele>
   </trkpt>
   <trkpt lat="38.66772" lon="-0.5225000000000001">
    <ele>861.38</ele>
   </trkpt>
   <trkpt lat="38.667730000000006" lon="-0.52244">
    <ele>861.38</ele>
   </trkpt>
   <trkpt lat="38.66762000000001" lon="-0.52176">
    <ele>856.2400000000001</ele>
   </trkpt>
   <trkpt lat="38.6676" lon="-0.52105">
    <ele>852.99</ele>
   </trkpt>
   <trkpt lat="38.66756" lon="-0.52059">
    <ele>848.26</ele>
   </trkpt>
   <trkpt lat="38.66758" lon="-0.52012">
    <ele>845.33</ele>
   </trkpt>
   <trkpt lat="38.66763" lon="-0.51985">
    <ele>843.1400000000001</ele>
   </trkpt>
   <trkpt lat="38.66781" lon="-0.51947">
    <ele>839.67</ele>
   </trkpt>
   <trkpt lat="38.668060000000004" lon="-0.51917">
    <ele>835.61</ele>
   </trkpt>
   <trkpt lat="38.66817" lon="-0.519">
    <ele>831.49</ele>
   </trkpt>
   <trkpt lat="38.66828" lon="-0.51863">
    <ele>829.3300000000002</ele>
   </trkpt>
   <trkpt lat="38.668350000000004" lon="-0.51824">
    <ele>826.09</ele>
   </trkpt>
   <trkpt lat="38.668490000000006" lon="-0.5179">
    <ele>824.1400000000001</ele>
   </trkpt>
   <trkpt lat="38.66865000000001" lon="-0.51773">
    <ele>819.6500000000001</ele>
   </trkpt>
   <trkpt lat="38.668820000000004" lon="-0.51759">
    <ele>818.5600000000001</ele>
   </trkpt>
   <trkpt lat="38.66903000000001" lon="-0.51746">
    <ele>815.6600000000001</ele>
   </trkpt>
   <trkpt lat="38.669140000000006" lon="-0.51737">
    <ele>814.88</ele>
   </trkpt>
   <trkpt lat="38.66922" lon="-0.5172">
    <ele>813.8700000000001</ele>
   </trkpt>
   <trkpt lat="38.66922" lon="-0.51705">
    <ele>813.2800000000001</ele>
   </trkpt>
   <trkpt lat="38.66917" lon="-0.51693">
    <ele>812.33</ele>
   </trkpt>
   <trkpt lat="38.669090000000004" lon="-0.51685">
    <ele>812.33</ele>
   </trkpt>
   <trkpt lat="38.66868" lon="-0.51659">
    <ele>810.5300000000001</ele>
   </trkpt>
   <trkpt lat="38.668490000000006" lon="-0.51641">
    <ele>809.94</ele>
   </trkpt>
   <trkpt lat="38.66839" lon="-0.51627">
    <ele>809.6700000000001</ele>
   </trkpt>
   <trkpt lat="38.66832" lon="-0.51612">
    <ele>809.19</ele>
   </trkpt>
   <trkpt lat="38.66825" lon="-0.51544">
    <ele>808.0500000000001</ele>
   </trkpt>
   <trkpt lat="38.66828" lon="-0.51524">
    <ele>808.2600000000001</ele>
   </trkpt>
   <trkpt lat="38.66836" lon="-0.51512">
    <ele>808.98</ele>
   </trkpt>
   <trkpt lat="38.66908" lon="-0.51454">
    <ele>808.36</ele>
   </trkpt>
   <trkpt lat="38.669470000000004" lon="-0.51432">
    <ele>803.69</ele>
   </trkpt>
   <trkpt lat="38.669790000000006" lon="-0.51427">
    <ele>801.6700000000001</ele>
   </trkpt>
   <trkpt lat="38.66996" lon="-0.51417">
    <ele>799.0500000000001</ele>
   </trkpt>
   <trkpt lat="38.6702" lon="-0.51393">
    <ele>797.9900000000001</ele>
   </trkpt>
   <trkpt lat="38.67027" lon="-0.51388">
    <ele>796.9900000000001</ele>
   </trkpt>
   <trkpt lat="38.670930000000006" lon="-0.51366">
    <ele>791.5300000000001</ele>
   </trkpt>
   <trkpt lat="38.67139000005577" lon="-0.5134300015625806">
    <ele>787.2300000000001</ele>
   </trkpt>
   <trkpt lat="38.671850000000006" lon="-0.5132">
    <ele>782.71</ele>
   </trkpt>
   <trkpt lat="38.67203000000001" lon="-0.51302">
    <ele>781.0400000000001</ele>
   </trkpt>
   <trkpt lat="38.67206" lon="-0.51293">
    <ele>779.9</ele>
   </trkpt>
   <trkpt lat="38.67206" lon="-0.5127700000000001">
    <ele>779.8000000000001</ele>
   </trkpt>
   <trkpt lat="38.67201" lon="-0.51234">
    <ele>780.45</ele>
   </trkpt>
   <trkpt lat="38.67192" lon="-0.51205">
    <ele>782.69</ele>
   </trkpt>
   <trkpt lat="38.67177" lon="-0.51188">
    <ele>782.69</ele>
   </trkpt>
   <trkpt lat="38.671490000000006" lon="-0.51166">
    <ele>786.2800000000001</ele>
   </trkpt>
   <trkpt lat="38.67143" lon="-0.51158">
    <ele>786.54</ele>
   </trkpt>
   <trkpt lat="38.671420000000005" lon="-0.51154">
    <ele>786.7700000000001</ele>
   </trkpt>
   <trkpt lat="38.67145" lon="-0.51144">
    <ele>787.1100000000001</ele>
   </trkpt>
   <trkpt lat="38.67175" lon="-0.5111">
    <ele>787.4000000000001</ele>
   </trkpt>
   <trkpt lat="38.671850000000006" lon="-0.51093">
    <ele>787.1800000000001</ele>
   </trkpt>
   <trkpt lat="38.671850000000006" lon="-0.51059">
    <ele>787.08</ele>
   </trkpt>
   <trkpt lat="38.671640000000004" lon="-0.51007">
    <ele>786.45</ele>
   </trkpt>
   <trkpt lat="38.67161" lon="-0.50988">
    <ele>786.37</ele>
   </trkpt>
   <trkpt lat="38.6717" lon="-0.50888">
    <ele>785.61</ele>
   </trkpt>
   <trkpt lat="38.671670000000006" lon="-0.50837">
    <ele>785.2500000000001</ele>
   </trkpt>
   <trkpt lat="38.67161" lon="-0.50817">
    <ele>785.05</ele>
   </trkpt>
   <trkpt lat="38.671400000000006" lon="-0.5079">
    <ele>785.05</ele>
   </trkpt>
   <trkpt lat="38.671380000000006" lon="-0.50783">
    <ele>785.05</ele>
   </trkpt>
   <trkpt lat="38.671380000000006" lon="-0.50763">
    <ele>785.08</ele>
   </trkpt>
   <trkpt lat="38.671440000000004" lon="-0.5074700000000001">
    <ele>784.5300000000001</ele>
   </trkpt>
   <trkpt lat="38.671690000000005" lon="-0.50705">
    <ele>781.44</ele>
   </trkpt>
   <trkpt lat="38.671690000000005" lon="-0.50692">
    <ele>781.44</ele>
   </trkpt>
   <trkpt lat="38.671640000000004" lon="-0.50683">
    <ele>780.4700000000001</ele>
   </trkpt>
   <trkpt lat="38.671530000000004" lon="-0.50683">
    <ele>779.84</ele>
   </trkpt>
   <trkpt lat="38.67121" lon="-0.50697">
    <ele>778.2800000000001</ele>
   </trkpt>
   <trkpt lat="38.67085" lon="-0.50717">
    <ele>775.6500000000001</ele>
   </trkpt>
   <trkpt lat="38.670750000000005" lon="-0.50719">
    <ele>775.6500000000001</ele>
   </trkpt>
   <trkpt lat="38.670660000000005" lon="-0.50717">
    <ele>774.5000000000001</ele>
   </trkpt>
   <trkpt lat="38.670550000000006" lon="-0.50712">
    <ele>774.5000000000001</ele>
   </trkpt>
   <trkpt lat="38.670390000000005" lon="-0.50697">
    <ele>773.75</ele>
   </trkpt>
   <trkpt lat="38.670190000000005" lon="-0.50661">
    <ele>771.57</ele>
   </trkpt>
   <trkpt lat="38.67004" lon="-0.50617">
    <ele>769.48</ele>
   </trkpt>
   <trkpt lat="38.669990000000006" lon="-0.50592">
    <ele>769.22</ele>
   </trkpt>
   <trkpt lat="38.670010000000005" lon="-0.5058">
    <ele>769.1500000000001</ele>
   </trkpt>
   <trkpt lat="38.670080000000006" lon="-0.50568">
    <ele>769.08</ele>
   </trkpt>
   <trkpt lat="38.67054" lon="-0.50514">
    <ele>767.35</ele>
   </trkpt>
   <trkpt lat="38.67063" lon="-0.505">
    <ele>766.83</ele>
   </trkpt>
   <trkpt lat="38.67085000224296" lon="-0.5042800020947648">
    <ele>762.7</ele>
   </trkpt>
   <trkpt lat="38.67107" lon="-0.50356">
    <ele>758.1000000000001</ele>
   </trkpt>
   <trkpt lat="38.67116" lon="-0.50334">
    <ele>756.84</ele>
   </trkpt>
   <trkpt lat="38.67157" lon="-0.50256">
    <ele>754.62</ele>
   </trkpt>
   <trkpt lat="38.67186" lon="-0.50193">
    <ele>753.7</ele>
   </trkpt>
   <trkpt lat="38.67192" lon="-0.50173">
    <ele>753.38</ele>
   </trkpt>
   <trkpt lat="38.67199" lon="-0.50139">
    <ele>753.1000000000001</ele>
   </trkpt>
   <trkpt lat="38.67201" lon="-0.50107">
    <ele>752.0100000000001</ele>
   </trkpt>
   <trkpt lat="38.67199" lon="-0.50092">
    <ele>752.0100000000001</ele>
   </trkpt>
   <trkpt lat="38.671940000000006" lon="-0.50078">
    <ele>751.6600000000001</ele>
   </trkpt>
   <trkpt lat="38.671870000000006" lon="-0.50063">
    <ele>751.5600000000001</ele>
   </trkpt>
   <trkpt lat="38.67166" lon="-0.50034">
    <ele>751.36</ele>
   </trkpt>
   <trkpt lat="38.671640000000004" lon="-0.50024">
    <ele>751.45</ele>
   </trkpt>
   <trkpt lat="38.67165" lon="-0.50012">
    <ele>751.45</ele>
   </trkpt>
   <trkpt lat="38.67188" lon="-0.49963">
    <ele>751.6700000000001</ele>
   </trkpt>
   <trkpt lat="38.67208" lon="-0.49890000000000007">
    <ele>749.6400000000001</ele>
   </trkpt>
   <trkpt lat="38.67222" lon="-0.49864">
    <ele>749.48</ele>
   </trkpt>
   <trkpt lat="38.67250000000001" lon="-0.49841">
    <ele>748.87</ele>
   </trkpt>
   <trkpt lat="38.672740000000005" lon="-0.49812000000000006">
    <ele>748.57</ele>
   </trkpt>
   <trkpt lat="38.6728" lon="-0.49796">
    <ele>748.41</ele>
   </trkpt>
   <trkpt lat="38.67284" lon="-0.4978">
    <ele>748.33</ele>
   </trkpt>
   <trkpt lat="38.672830000000005" lon="-0.49729000000000007">
    <ele>747.94</ele>
   </trkpt>
   <trkpt lat="38.672760000000004" lon="-0.49659000000000003">
    <ele>746.68</ele>
   </trkpt>
   <trkpt lat="38.67271" lon="-0.4963">
    <ele>745.1300000000001</ele>
   </trkpt>
   <trkpt lat="38.67257" lon="-0.49573000000000006">
    <ele>743.75</ele>
   </trkpt>
   <trkpt lat="38.67239" lon="-0.49529000000000006">
    <ele>742.7300000000001</ele>
   </trkpt>
   <trkpt lat="38.67212000000001" lon="-0.49487000000000003">
    <ele>740.92</ele>
   </trkpt>
   <trkpt lat="38.67184" lon="-0.49457000000000007">
    <ele>738.84</ele>
   </trkpt>
   <trkpt lat="38.671800000000005" lon="-0.49447">
    <ele>738.84</ele>
   </trkpt>
   <trkpt lat="38.67183" lon="-0.49435000000000007">
    <ele>738.01</ele>
   </trkpt>
   <trkpt lat="38.671910000000004" lon="-0.49425">
    <ele>737.36</ele>
   </trkpt>
   <trkpt lat="38.672070000000005" lon="-0.49413">
    <ele>735.6600000000001</ele>
   </trkpt>
   <trkpt lat="38.67217" lon="-0.49402">
    <ele>735.0500000000001</ele>
   </trkpt>
   <trkpt lat="38.67228" lon="-0.4938">
    <ele>733.6600000000001</ele>
   </trkpt>
   <trkpt lat="38.6724" lon="-0.49341">
    <ele>732.9100000000001</ele>
   </trkpt>
   <trkpt lat="38.672470000000004" lon="-0.49325">
    <ele>732.1700000000001</ele>
   </trkpt>
   <trkpt lat="38.672790000000006" lon="-0.49286">
    <ele>731.5400000000001</ele>
   </trkpt>
   <trkpt lat="38.673210000000005" lon="-0.49226000000000003">
    <ele>731.5100000000001</ele>
   </trkpt>
   <trkpt lat="38.67334" lon="-0.49214">
    <ele>731.7600000000001</ele>
   </trkpt>
   <trkpt lat="38.67374" lon="-0.49186">
    <ele>732.7600000000001</ele>
   </trkpt>
   <trkpt lat="38.673860000000005" lon="-0.49171000000000004">
    <ele>732.8</ele>
   </trkpt>
   <trkpt lat="38.67421" lon="-0.49082000000000003">
    <ele>731.45</ele>
   </trkpt>
   <trkpt lat="38.67443" lon="-0.49041">
    <ele>730.31</ele>
   </trkpt>
   <trkpt lat="38.674490000000006" lon="-0.49026000000000003">
    <ele>729.8</ele>
   </trkpt>
   <trkpt lat="38.674510000000005" lon="-0.49003">
    <ele>728.4200000000001</ele>
   </trkpt>
   <trkpt lat="38.67446" lon="-0.48941000000000007">
    <ele>725.89</ele>
   </trkpt>
   <trkpt lat="38.67448" lon="-0.48925">
    <ele>725.89</ele>
   </trkpt>
   <trkpt lat="38.674530000000004" lon="-0.48914">
    <ele>725.72</ele>
   </trkpt>
   <trkpt lat="38.674600000000005" lon="-0.48907000000000006">
    <ele>725.34</ele>
   </trkpt>
   <trkpt lat="38.674690000000005" lon="-0.48903">
    <ele>724.9100000000001</ele>
   </trkpt>
   <trkpt lat="38.675090000000004" lon="-0.48909">
    <ele>722.28</ele>
   </trkpt>
   <trkpt lat="38.675250000000005" lon="-0.48908">
    <ele>721.8100000000001</ele>
   </trkpt>
   <trkpt lat="38.675380000000004" lon="-0.48903">
    <ele>721.61</ele>
   </trkpt>
   <trkpt lat="38.67549" lon="-0.48886">
    <ele>721.62</ele>
   </trkpt>
   <trkpt lat="38.67559" lon="-0.48860000000000003">
    <ele>721.7</ele>
   </trkpt>
   <trkpt lat="38.675630000000005" lon="-0.48847">
    <ele>721.84</ele>
   </trkpt>
   <trkpt lat="38.67566" lon="-0.48821000000000003">
    <ele>722.5400000000001</ele>
   </trkpt>
   <trkpt lat="38.675650000000005" lon="-0.48806000000000005">
    <ele>723.4</ele>
   </trkpt>
   <trkpt lat="38.67559" lon="-0.48765000000000003">
    <ele>725.0200000000001</ele>
   </trkpt>
   <trkpt lat="38.67555500190378" lon="-0.48697999953123927">
    <ele>729.22</ele>
   </trkpt>
   <trkpt lat="38.675520000000006" lon="-0.48631">
    <ele>730.59</ele>
   </trkpt>
   <trkpt lat="38.67541000000001" lon="-0.48582000000000003">
    <ele>730.23</ele>
   </trkpt>
   <trkpt lat="38.675160000000005" lon="-0.48509">
    <ele>730.4600000000002</ele>
   </trkpt>
   <trkpt lat="38.6751" lon="-0.48479000000000005">
    <ele>730.38</ele>
   </trkpt>
   <trkpt lat="38.67508" lon="-0.48446000000000006">
    <ele>729.6300000000001</ele>
   </trkpt>
   <trkpt lat="38.67519" lon="-0.48403">
    <ele>728.6400000000001</ele>
   </trkpt>
   <trkpt lat="38.67537" lon="-0.48365">
    <ele>726.44</ele>
   </trkpt>
   <trkpt lat="38.67573" lon="-0.48304">
    <ele>722.6100000000001</ele>
   </trkpt>
   <trkpt lat="38.67587" lon="-0.48291000000000006">
    <ele>721.99</ele>
   </trkpt>
   <trkpt lat="38.67596" lon="-0.48285000000000006">
    <ele>721.13</ele>
   </trkpt>
   <trkpt lat="38.676320000000004" lon="-0.4827">
    <ele>719.09</ele>
   </trkpt>
   <trkpt lat="38.676570000000005" lon="-0.48248">
    <ele>717.96</ele>
   </trkpt>
   <trkpt lat="38.67700000000001" lon="-0.48187">
    <ele>715.4100000000001</ele>
   </trkpt>
   <trkpt lat="38.677330000000005" lon="-0.48148">
    <ele>713.21</ele>
   </trkpt>
   <trkpt lat="38.677440000000004" lon="-0.48131">
    <ele>711.19</ele>
   </trkpt>
   <trkpt lat="38.67766" lon="-0.48088000000000003">
    <ele>708.99</ele>
   </trkpt>
   <trkpt lat="38.678180000000005" lon="-0.4802">
    <ele>704.2400000000001</ele>
   </trkpt>
   <trkpt lat="38.67826" lon="-0.47998">
    <ele>700.09</ele>
   </trkpt>
   <trkpt lat="38.67828" lon="-0.47982">
    <ele>700.09</ele>
   </trkpt>
   <trkpt lat="38.6783600098121" lon="-0.47874666903388047">
    <ele>697.0200000000001</ele>
   </trkpt>
   <trkpt lat="38.67844000981453" lon="-0.47767333566817466">
    <ele>698.3800000000001</ele>
   </trkpt>
   <trkpt lat="38.678520000000006" lon="-0.4766">
    <ele>699.4300000000001</ele>
   </trkpt>
   <trkpt lat="38.678610000000006" lon="-0.47587">
    <ele>696.4100000000001</ele>
   </trkpt>
   <trkpt lat="38.67864" lon="-0.47527">
    <ele>694.5400000000001</ele>
   </trkpt>
   <trkpt lat="38.67862" lon="-0.47512000000000004">
    <ele>694.06</ele>
   </trkpt>
   <trkpt lat="38.67866" lon="-0.47511000000000003">
    <ele>693.2</ele>
   </trkpt>
   <trkpt lat="38.67869" lon="-0.47508000000000006">
    <ele>693.2</ele>
   </trkpt>
   <trkpt lat="38.67869" lon="-0.47500000000000003">
    <ele>693.2</ele>
   </trkpt>
   <trkpt lat="38.67866" lon="-0.47496000000000005">
    <ele>693.2</ele>
   </trkpt>
   <trkpt lat="38.678830000000005" lon="-0.47465">
    <ele>688.94</ele>
   </trkpt>
   <trkpt lat="38.67904" lon="-0.47435000000000005">
    <ele>686.74</ele>
   </trkpt>
   <trkpt lat="38.67934" lon="-0.47400000000000003">
    <ele>684.0500000000001</ele>
   </trkpt>
   <trkpt lat="38.679700000000004" lon="-0.47367000000000004">
    <ele>680.07</ele>
   </trkpt>
   <trkpt lat="38.68031000049774" lon="-0.47330000320531407">
    <ele>674.5300000000001</ele>
   </trkpt>
   <trkpt lat="38.68092" lon="-0.47293">
    <ele>669.07</ele>
   </trkpt>
   <trkpt lat="38.68161500068365" lon="-0.47254000376728783">
    <ele>660.72</ele>
   </trkpt>
   <trkpt lat="38.68231" lon="-0.47215">
    <ele>651.34</ele>
   </trkpt>
   <trkpt lat="38.68271" lon="-0.47200000000000003">
    <ele>647.96</ele>
   </trkpt>
   <trkpt lat="38.68298" lon="-0.47195000000000004">
    <ele>646.33</ele>
   </trkpt>
   <trkpt lat="38.683040000000005" lon="-0.47189000000000003">
    <ele>646.33</ele>
   </trkpt>
   <trkpt lat="38.68309" lon="-0.47191000000000005">
    <ele>646.33</ele>
   </trkpt>
   <trkpt lat="38.68323" lon="-0.47184000000000004">
    <ele>645.11</ele>
   </trkpt>
   <trkpt lat="38.683440000000004" lon="-0.47182">
    <ele>642.6800000000001</ele>
   </trkpt>
   <trkpt lat="38.68363" lon="-0.47183">
    <ele>640.95</ele>
   </trkpt>
   <trkpt lat="38.68375" lon="-0.47189000000000003">
    <ele>639.72</ele>
   </trkpt>
   <trkpt lat="38.68385" lon="-0.47199">
    <ele>638.1500000000001</ele>
   </trkpt>
   <trkpt lat="38.683980000000005" lon="-0.47220000000000006">
    <ele>636.8000000000001</ele>
   </trkpt>
   <trkpt lat="38.684020000000004" lon="-0.47230000000000005">
    <ele>636.8000000000001</ele>
   </trkpt>
   <trkpt lat="38.684180000000005" lon="-0.47241000000000005">
    <ele>636.46</ele>
   </trkpt>
   <trkpt lat="38.68426" lon="-0.47234000000000004">
    <ele>636.6200000000001</ele>
   </trkpt>
   <trkpt lat="38.68435" lon="-0.47233">
    <ele>636.3700000000001</ele>
   </trkpt>
   <trkpt lat="38.68444" lon="-0.47238">
    <ele>636.3700000000001</ele>
   </trkpt>
   <trkpt lat="38.684560000000005" lon="-0.47206000000000004">
    <ele>636.36</ele>
   </trkpt>
   <trkpt lat="38.684520000000006" lon="-0.47186000000000006">
    <ele>635.9200000000001</ele>
   </trkpt>
   <trkpt lat="38.684560000000005" lon="-0.47206000000000004">
    <ele>636.78</ele>
   </trkpt>
   <trkpt lat="38.68444" lon="-0.47238">
    <ele>636.3700000000001</ele>
   </trkpt>
   <trkpt lat="38.6845" lon="-0.47248">
    <ele>635.9100000000001</ele>
   </trkpt>
   <trkpt lat="38.6845" lon="-0.47262000000000004">
    <ele>635.2</ele>
   </trkpt>
   <trkpt lat="38.6845" lon="-0.47263000000000005">
    <ele>635.2</ele>
   </trkpt>
   <trkpt lat="38.68446" lon="-0.47272000000000003">
    <ele>634.87</ele>
   </trkpt>
   <trkpt lat="38.684360000000005" lon="-0.47280000000000005">
    <ele>634.02</ele>
   </trkpt>
   <trkpt lat="38.6843" lon="-0.47282">
    <ele>634.21</ele>
   </trkpt>
   <trkpt lat="38.68419" lon="-0.47276">
    <ele>634.61</ele>
   </trkpt>
   <trkpt lat="38.68413" lon="-0.4726">
    <ele>634.95</ele>
   </trkpt>
   <trkpt lat="38.684140000000006" lon="-0.47250000000000003">
    <ele>635.99</ele>
   </trkpt>
   <trkpt lat="38.684200000000004" lon="-0.47238">
    <ele>636.23</ele>
   </trkpt>
   <trkpt lat="38.68423000000001" lon="-0.47222000000000003">
    <ele>636.59</ele>
   </trkpt>
   <trkpt lat="38.68421" lon="-0.47207000000000005">
    <ele>636.99</ele>
   </trkpt>
   <trkpt lat="38.683865000753244" lon="-0.47162499773860594">
    <ele>637.61</ele>
   </trkpt>
   <trkpt lat="38.68352" lon="-0.47118000000000004">
    <ele>637.3000000000001</ele>
   </trkpt>
   <trkpt lat="38.6830466695101" lon="-0.47059999230131044">
    <ele>636.6800000000001</ele>
   </trkpt>
   <trkpt lat="38.68257333615556" lon="-0.4700199922754423">
    <ele>635.8900000000001</ele>
   </trkpt>
   <trkpt lat="38.682100000000005" lon="-0.46944">
    <ele>635.88</ele>
   </trkpt>
   <trkpt lat="38.68184" lon="-0.46920000000000006">
    <ele>636.2</ele>
   </trkpt>
   <trkpt lat="38.6815" lon="-0.46894">
    <ele>636.61</ele>
   </trkpt>
   <trkpt lat="38.681290000000004" lon="-0.46871">
    <ele>636.5</ele>
   </trkpt>
   <trkpt lat="38.681050000000006" lon="-0.46833">
    <ele>636.61</ele>
   </trkpt>
   <trkpt lat="38.68074" lon="-0.46772">
    <ele>637.73</ele>
   </trkpt>
   <trkpt lat="38.680670000000006" lon="-0.46777">
    <ele>631.0600000000001</ele>
   </trkpt>
   <trkpt lat="38.680530000000005" lon="-0.46744">
    <ele>630.85</ele>
   </trkpt>
   <trkpt lat="38.68057" lon="-0.46740000000000004">
    <ele>630.3700000000001</ele>
   </trkpt>
   <trkpt lat="38.68037" lon="-0.46707000000000004">
    <ele>638.5900000000001</ele>
   </trkpt>
   <trkpt lat="38.68014" lon="-0.46674000000000004">
    <ele>638.69</ele>
   </trkpt>
   <trkpt lat="38.680020000000006" lon="-0.46671">
    <ele>638.69</ele>
   </trkpt>
   <trkpt lat="38.679860000000005" lon="-0.46672">
    <ele>638.9800000000001</ele>
   </trkpt>
   <trkpt lat="38.679750000000006" lon="-0.46682">
    <ele>639.17</ele>
   </trkpt>
   <trkpt lat="38.67962" lon="-0.46683">
    <ele>639.17</ele>
   </trkpt>
   <trkpt lat="38.679500000000004" lon="-0.46677">
    <ele>639.17</ele>
   </trkpt>
   <trkpt lat="38.67944000000001" lon="-0.46670000000000006">
    <ele>639.23</ele>
   </trkpt>
   <trkpt lat="38.679410000000004" lon="-0.46657000000000004">
    <ele>639.23</ele>
   </trkpt>
   <trkpt lat="38.679300000000005" lon="-0.46639">
    <ele>638.6</ele>
   </trkpt>
   <trkpt lat="38.67922" lon="-0.46632">
    <ele>638.17</ele>
   </trkpt>
   <trkpt lat="38.67911" lon="-0.46629000000000004">
    <ele>637.45</ele>
   </trkpt>
   <trkpt lat="38.67893" lon="-0.46638">
    <ele>636.72</ele>
   </trkpt>
   <trkpt lat="38.678810000000006" lon="-0.46649">
    <ele>636.63</ele>
   </trkpt>
   <trkpt lat="38.678700000000006" lon="-0.46661">
    <ele>636.48</ele>
   </trkpt>
   <trkpt lat="38.67837" lon="-0.46716">
    <ele>636.0300000000001</ele>
   </trkpt>
   <trkpt lat="38.67812500138204" lon="-0.4677150017398328">
    <ele>636.48</ele>
   </trkpt>
   <trkpt lat="38.67788" lon="-0.46827">
    <ele>636.6700000000001</ele>
   </trkpt>
   <trkpt lat="38.67777" lon="-0.46843">
    <ele>636.6700000000001</ele>
   </trkpt>
   <trkpt lat="38.67757" lon="-0.4686">
    <ele>636.7900000000001</ele>
   </trkpt>
   <trkpt lat="38.67736" lon="-0.46864000000000006">
    <ele>636.83</ele>
   </trkpt>
   <trkpt lat="38.677220000000005" lon="-0.4686">
    <ele>636.99</ele>
   </trkpt>
   <trkpt lat="38.67712" lon="-0.46855">
    <ele>636.99</ele>
   </trkpt>
   <trkpt lat="38.67701" lon="-0.46848000000000006">
    <ele>636.9800000000001</ele>
   </trkpt>
   <trkpt lat="38.67683" lon="-0.46816">
    <ele>636.59</ele>
   </trkpt>
   <trkpt lat="38.67678" lon="-0.468">
    <ele>636.59</ele>
   </trkpt>
   <trkpt lat="38.676680000000005" lon="-0.46759000000000006">
    <ele>636.5400000000001</ele>
   </trkpt>
   <trkpt lat="38.67667" lon="-0.46743">
    <ele>636.59</ele>
   </trkpt>
   <trkpt lat="38.67671" lon="-0.46727">
    <ele>636.7600000000001</ele>
   </trkpt>
   <trkpt lat="38.67714" lon="-0.46649">
    <ele>640.71</ele>
   </trkpt>
   <trkpt lat="38.677530000000004" lon="-0.46559000000000006">
    <ele>644.11</ele>
   </trkpt>
   <trkpt lat="38.67765" lon="-0.46543">
    <ele>645.7900000000001</ele>
   </trkpt>
   <trkpt lat="38.67795" lon="-0.46521">
    <ele>646.99</ele>
   </trkpt>
   <trkpt lat="38.678020000000004" lon="-0.46512000000000003">
    <ele>646.99</ele>
   </trkpt>
   <trkpt lat="38.67803" lon="-0.46498000000000006">
    <ele>648.84</ele>
   </trkpt>
   <trkpt lat="38.677960000000006" lon="-0.46488">
    <ele>648.84</ele>
   </trkpt>
   <trkpt lat="38.67788" lon="-0.46487000000000006">
    <ele>648.84</ele>
   </trkpt>
   <trkpt lat="38.677820000000004" lon="-0.46488">
    <ele>648.84</ele>
   </trkpt>
   <trkpt lat="38.677670000000006" lon="-0.46495000000000003">
    <ele>651.3500000000001</ele>
   </trkpt>
   <trkpt lat="38.67748" lon="-0.46512000000000003">
    <ele>651.3500000000001</ele>
   </trkpt>
   <trkpt lat="38.677330000000005" lon="-0.46531000000000006">
    <ele>653.22</ele>
   </trkpt>
   <trkpt lat="38.67683" lon="-0.46604000000000007">
    <ele>656.63</ele>
   </trkpt>
   <trkpt lat="38.676660000000005" lon="-0.46621">
    <ele>658.45</ele>
   </trkpt>
   <trkpt lat="38.67597000000001" lon="-0.46673000000000003">
    <ele>663.12</ele>
   </trkpt>
   <trkpt lat="38.67589" lon="-0.46677">
    <ele>663.12</ele>
   </trkpt>
   <trkpt lat="38.675740000000005" lon="-0.46677">
    <ele>664.07</ele>
   </trkpt>
   <trkpt lat="38.67577" lon="-0.46665000000000006">
    <ele>664.07</ele>
   </trkpt>
   <trkpt lat="38.67602" lon="-0.46649">
    <ele>664.37</ele>
   </trkpt>
   <trkpt lat="38.676410000000004" lon="-0.46616">
    <ele>665.58</ele>
   </trkpt>
   <trkpt lat="38.676695001435434" lon="-0.46558500223339705">
    <ele>667.42</ele>
   </trkpt>
   <trkpt lat="38.67698" lon="-0.46501000000000003">
    <ele>669.7700000000001</ele>
   </trkpt>
   <trkpt lat="38.67727" lon="-0.46432">
    <ele>672.2800000000001</ele>
   </trkpt>
   <trkpt lat="38.677350000000004" lon="-0.46408000000000005">
    <ele>672.98</ele>
   </trkpt>
   <trkpt lat="38.677580000000006" lon="-0.46322">
    <ele>675.1600000000001</ele>
   </trkpt>
   <trkpt lat="38.677620000000005" lon="-0.46305">
    <ele>675.9000000000001</ele>
   </trkpt>
   <trkpt lat="38.677690000000005" lon="-0.46288">
    <ele>677.24</ele>
   </trkpt>
   <trkpt lat="38.677820000000004" lon="-0.46277">
    <ele>677.24</ele>
   </trkpt>
   <trkpt lat="38.677890000000005" lon="-0.46272">
    <ele>678.24</ele>
   </trkpt>
   <trkpt lat="38.67799" lon="-0.46271">
    <ele>678.24</ele>
   </trkpt>
   <trkpt lat="38.67815" lon="-0.46271">
    <ele>678.76</ele>
   </trkpt>
   <trkpt lat="38.67832000000001" lon="-0.46262000000000003">
    <ele>679.5500000000001</ele>
   </trkpt>
   <trkpt lat="38.67869" lon="-0.46223000000000003">
    <ele>680.61</ele>
   </trkpt>
   <trkpt lat="38.67889" lon="-0.46190000000000003">
    <ele>681.4100000000001</ele>
   </trkpt>
   <trkpt lat="38.67927" lon="-0.46122">
    <ele>685.84</ele>
   </trkpt>
   <trkpt lat="38.679480000000005" lon="-0.46094">
    <ele>686.88</ele>
   </trkpt>
   <trkpt lat="38.67972" lon="-0.46076000000000006">
    <ele>688.08</ele>
   </trkpt>
   <trkpt lat="38.67987" lon="-0.46060000000000006">
    <ele>688.9200000000001</ele>
   </trkpt>
   <trkpt lat="38.68017000105287" lon="-0.4601300017941166">
    <ele>691.4300000000001</ele>
   </trkpt>
   <trkpt lat="38.68047" lon="-0.45966">
    <ele>693.98</ele>
   </trkpt>
   <trkpt lat="38.68095" lon="-0.45883">
    <ele>695.8700000000001</ele>
   </trkpt>
   <trkpt lat="38.68126000208245" lon="-0.4581350029524571">
    <ele>697.6600000000001</ele>
   </trkpt>
   <trkpt lat="38.68157" lon="-0.45744">
    <ele>699.9900000000001</ele>
   </trkpt>
   <trkpt lat="38.68173" lon="-0.45696000000000003">
    <ele>702.59</ele>
   </trkpt>
   <trkpt lat="38.68188000000001" lon="-0.45643000000000006">
    <ele>705.52</ele>
   </trkpt>
   <trkpt lat="38.68198" lon="-0.45616">
    <ele>707.1200000000001</ele>
   </trkpt>
   <trkpt lat="38.68218" lon="-0.45572">
    <ele>708.0900000000001</ele>
   </trkpt>
   <trkpt lat="38.682320000000004" lon="-0.45556">
    <ele>708.0000000000001</ele>
   </trkpt>
   <trkpt lat="38.68245" lon="-0.4555">
    <ele>707.47</ele>
   </trkpt>
   <trkpt lat="38.68253" lon="-0.45555">
    <ele>707.47</ele>
   </trkpt>
   <trkpt lat="38.68262" lon="-0.45567">
    <ele>707.3600000000001</ele>
   </trkpt>
   <trkpt lat="38.68291" lon="-0.45628">
    <ele>708.52</ele>
   </trkpt>
   <trkpt lat="38.68312" lon="-0.45644">
    <ele>709.3900000000001</ele>
   </trkpt>
   <trkpt lat="38.68327" lon="-0.45645">
    <ele>709.3900000000001</ele>
   </trkpt>
   <trkpt lat="38.68347" lon="-0.45644">
    <ele>710.5600000000001</ele>
   </trkpt>
   <trkpt lat="38.684200000000004" lon="-0.45628">
    <ele>711.57</ele>
   </trkpt>
   <trkpt lat="38.684270000000005" lon="-0.45628">
    <ele>711.57</ele>
   </trkpt>
   <trkpt lat="38.684340000000006" lon="-0.45632000000000006">
    <ele>711.64</ele>
   </trkpt>
   <trkpt lat="38.684400000000004" lon="-0.45639">
    <ele>711.64</ele>
   </trkpt>
   <trkpt lat="38.68451" lon="-0.45634">
    <ele>712.04</ele>
   </trkpt>
   <trkpt lat="38.68459" lon="-0.45633">
    <ele>712.3600000000001</ele>
   </trkpt>
   <trkpt lat="38.68515" lon="-0.45644">
    <ele>714.7</ele>
   </trkpt>
   <trkpt lat="38.685370000000006" lon="-0.45644">
    <ele>715.2400000000001</ele>
   </trkpt>
   <trkpt lat="38.685900000000004" lon="-0.45633">
    <ele>717.64</ele>
   </trkpt>
   <trkpt lat="38.685990000000004" lon="-0.45628">
    <ele>717.64</ele>
   </trkpt>
   <trkpt lat="38.68607" lon="-0.45622">
    <ele>717.95</ele>
   </trkpt>
   <trkpt lat="38.68620000000001" lon="-0.45604000000000006">
    <ele>718.5</ele>
   </trkpt>
   <trkpt lat="38.686400000000006" lon="-0.45563000000000003">
    <ele>721.01</ele>
   </trkpt>
   <trkpt lat="38.686530000000005" lon="-0.45544">
    <ele>723.13</ele>
   </trkpt>
   <trkpt lat="38.68666" lon="-0.45532000000000006">
    <ele>723.13</ele>
   </trkpt>
   <trkpt lat="38.686800000000005" lon="-0.45522">
    <ele>725.1</ele>
   </trkpt>
   <trkpt lat="38.686930000000004" lon="-0.45511">
    <ele>725.1</ele>
   </trkpt>
   <trkpt lat="38.68741" lon="-0.45446000000000003">
    <ele>729.5400000000001</ele>
   </trkpt>
   <trkpt lat="38.687720000000006" lon="-0.45412">
    <ele>731.94</ele>
   </trkpt>
   <trkpt lat="38.687870000000004" lon="-0.45389">
    <ele>733.5</ele>
   </trkpt>
   <trkpt lat="38.68802" lon="-0.45351">
    <ele>736.45</ele>
   </trkpt>
   <trkpt lat="38.688190000000006" lon="-0.45328">
    <ele>737.45</ele>
   </trkpt>
   <trkpt lat="38.68831" lon="-0.45260000000000006">
    <ele>741.8800000000001</ele>
   </trkpt>
   <trkpt lat="38.68838" lon="-0.45244000000000006">
    <ele>743.74</ele>
   </trkpt>
   <trkpt lat="38.688500000000005" lon="-0.45223">
    <ele>746.1600000000001</ele>
   </trkpt>
   <trkpt lat="38.688570000000006" lon="-0.45206">
    <ele>746.1600000000001</ele>
   </trkpt>
   <trkpt lat="38.68858" lon="-0.45189">
    <ele>746.1600000000001</ele>
   </trkpt>
   <trkpt lat="38.688520000000004" lon="-0.45155000000000006">
    <ele>749.33</ele>
   </trkpt>
   <trkpt lat="38.688520000000004" lon="-0.45134">
    <ele>750.9</ele>
   </trkpt>
   <trkpt lat="38.688680000000005" lon="-0.45078">
    <ele>752.73</ele>
   </trkpt>
   <trkpt lat="38.68876" lon="-0.45061">
    <ele>753.97</ele>
   </trkpt>
   <trkpt lat="38.688950000000006" lon="-0.45038000000000006">
    <ele>754.57</ele>
   </trkpt>
   <trkpt lat="38.689130000000006" lon="-0.45022">
    <ele>756.3700000000001</ele>
   </trkpt>
   <trkpt lat="38.689260000000004" lon="-0.45016000000000006">
    <ele>756.3700000000001</ele>
   </trkpt>
   <trkpt lat="38.689420000000005" lon="-0.45011">
    <ele>756.57</ele>
   </trkpt>
   <trkpt lat="38.689530000000005" lon="-0.45">
    <ele>756.73</ele>
   </trkpt>
   <trkpt lat="38.68961" lon="-0.44974000000000003">
    <ele>756.63</ele>
   </trkpt>
   <trkpt lat="38.689720001906615" lon="-0.4490650012427593">
    <ele>756.5400000000001</ele>
   </trkpt>
   <trkpt lat="38.68983" lon="-0.44839">
    <ele>756.41</ele>
   </trkpt>
   <trkpt lat="38.68988" lon="-0.44786000000000004">
    <ele>756.7</ele>
   </trkpt>
   <trkpt lat="38.68986500223661" lon="-0.44713499977799603">
    <ele>758.73</ele>
   </trkpt>
   <trkpt lat="38.68985" lon="-0.44641000000000003">
    <ele>762.34</ele>
   </trkpt>
   <trkpt lat="38.68994" lon="-0.44613">
    <ele>763.1300000000001</ele>
   </trkpt>
   <trkpt lat="38.69023" lon="-0.44572000000000006">
    <ele>766.11</ele>
   </trkpt>
   <trkpt lat="38.690340000000006" lon="-0.44558000000000003">
    <ele>766.11</ele>
   </trkpt>
   <trkpt lat="38.690540000000006" lon="-0.44551">
    <ele>767.3000000000001</ele>
   </trkpt>
   <trkpt lat="38.690720000000006" lon="-0.44551">
    <ele>768.87</ele>
   </trkpt>
   <trkpt lat="38.69084" lon="-0.44557">
    <ele>768.87</ele>
   </trkpt>
   <trkpt lat="38.69113" lon="-0.44606">
    <ele>771.47</ele>
   </trkpt>
   <trkpt lat="38.69124" lon="-0.44617">
    <ele>772.9300000000001</ele>
   </trkpt>
   <trkpt lat="38.691410000000005" lon="-0.44612">
    <ele>772.83</ele>
   </trkpt>
   <trkpt lat="38.691480000000006" lon="-0.44606">
    <ele>772.83</ele>
   </trkpt>
   <trkpt lat="38.69155000000001" lon="-0.44596">
    <ele>772.6</ele>
   </trkpt>
   <trkpt lat="38.6916" lon="-0.44573">
    <ele>772.22</ele>
   </trkpt>
   <trkpt lat="38.69163" lon="-0.44508000000000003">
    <ele>771.46</ele>
   </trkpt>
   <trkpt lat="38.691680000000005" lon="-0.44495">
    <ele>771.23</ele>
   </trkpt>
   <trkpt lat="38.691880000000005" lon="-0.44462">
    <ele>770.46</ele>
   </trkpt>
   <trkpt lat="38.69192" lon="-0.44452">
    <ele>768.9300000000001</ele>
   </trkpt>
   <trkpt lat="38.69212" lon="-0.44374">
    <ele>766.6700000000001</ele>
   </trkpt>
   <trkpt lat="38.692170000000004" lon="-0.44362">
    <ele>766.17</ele>
   </trkpt>
   <trkpt lat="38.692260000000005" lon="-0.44345">
    <ele>764.7100000000002</ele>
   </trkpt>
   <trkpt lat="38.6927" lon="-0.44312">
    <ele>760.9200000000001</ele>
   </trkpt>
   <trkpt lat="38.69277" lon="-0.44301">
    <ele>760.9200000000001</ele>
   </trkpt>
   <trkpt lat="38.69279" lon="-0.44291">
    <ele>759.94</ele>
   </trkpt>
   <trkpt lat="38.69281" lon="-0.44279">
    <ele>759.0500000000001</ele>
   </trkpt>
   <trkpt lat="38.69274" lon="-0.44251">
    <ele>758.1000000000001</ele>
   </trkpt>
   <trkpt lat="38.69267" lon="-0.44235">
    <ele>757.1000000000001</ele>
   </trkpt>
   <trkpt lat="38.692550000000004" lon="-0.4423">
    <ele>755.0300000000001</ele>
   </trkpt>
   <trkpt lat="38.692130000000006" lon="-0.44234">
    <ele>753.0300000000001</ele>
   </trkpt>
   <trkpt lat="38.69202000000001" lon="-0.44228000000000006">
    <ele>753.0300000000001</ele>
   </trkpt>
   <trkpt lat="38.691950000000006" lon="-0.44218">
    <ele>751.77</ele>
   </trkpt>
   <trkpt lat="38.691930000000006" lon="-0.44206">
    <ele>751.77</ele>
   </trkpt>
   <trkpt lat="38.69194" lon="-0.44195">
    <ele>750.97</ele>
   </trkpt>
   <trkpt lat="38.691990000000004" lon="-0.44184">
    <ele>750.97</ele>
   </trkpt>
   <trkpt lat="38.692420000000006" lon="-0.44156000000000006">
    <ele>746.98</ele>
   </trkpt>
   <trkpt lat="38.6927" lon="-0.4413">
    <ele>745.26</ele>
   </trkpt>
   <trkpt lat="38.692800000000005" lon="-0.44125000000000003">
    <ele>745.26</ele>
   </trkpt>
   <trkpt lat="38.692930000000004" lon="-0.44123">
    <ele>742.69</ele>
   </trkpt>
   <trkpt lat="38.69346" lon="-0.44117000000000006">
    <ele>739.4200000000001</ele>
   </trkpt>
   <trkpt lat="38.69361" lon="-0.44111000000000006">
    <ele>737.95</ele>
   </trkpt>
   <trkpt lat="38.693690000000004" lon="-0.44101">
    <ele>737.95</ele>
   </trkpt>
   <trkpt lat="38.693760000000005" lon="-0.44089000000000006">
    <ele>736.11</ele>
   </trkpt>
   <trkpt lat="38.69379" lon="-0.44068">
    <ele>736.11</ele>
   </trkpt>
   <trkpt lat="38.693780000000004" lon="-0.44046">
    <ele>735.11</ele>
   </trkpt>
   <trkpt lat="38.69344" lon="-0.43953000000000003">
    <ele>733.35</ele>
   </trkpt>
   <trkpt lat="38.69346" lon="-0.43935">
    <ele>733.38</ele>
   </trkpt>
   <trkpt lat="38.69351" lon="-0.43923">
    <ele>733.38</ele>
   </trkpt>
   <trkpt lat="38.693630000000006" lon="-0.43912">
    <ele>733.36</ele>
   </trkpt>
   <trkpt lat="38.694" lon="-0.43913">
    <ele>732.75</ele>
   </trkpt>
   <trkpt lat="38.694050000000004" lon="-0.43912">
    <ele>732.75</ele>
   </trkpt>
   <trkpt lat="38.694120000000005" lon="-0.43906000000000006">
    <ele>732.87</ele>
   </trkpt>
   <trkpt lat="38.69438500149481" lon="-0.43848000201217385">
    <ele>734.8800000000001</ele>
   </trkpt>
   <trkpt lat="38.69465" lon="-0.4379">
    <ele>739.7</ele>
   </trkpt>
   <trkpt lat="38.69494" lon="-0.43756000000000006">
    <ele>741.95</ele>
   </trkpt>
   <trkpt lat="38.69507" lon="-0.43735">
    <ele>743.7600000000001</ele>
   </trkpt>
   <trkpt lat="38.695375001492295" lon="-0.4367600024963219">
    <ele>749.73</ele>
   </trkpt>
   <trkpt lat="38.69568" lon="-0.43617000000000006">
    <ele>753.33</ele>
   </trkpt>
   <trkpt lat="38.69576" lon="-0.43606000000000006">
    <ele>754.38</ele>
   </trkpt>
   <trkpt lat="38.69586" lon="-0.43596">
    <ele>754.38</ele>
   </trkpt>
   <trkpt lat="38.69604" lon="-0.43584000000000006">
    <ele>756.4000000000001</ele>
   </trkpt>
   <trkpt lat="38.696340000000006" lon="-0.43573000000000006">
    <ele>758.3100000000001</ele>
   </trkpt>
   <trkpt lat="38.6968" lon="-0.43563">
    <ele>757.7</ele>
   </trkpt>
   <trkpt lat="38.69715" lon="-0.43545000000000006">
    <ele>755.0000000000001</ele>
   </trkpt>
   <trkpt lat="38.697320000000005" lon="-0.43524">
    <ele>753.4900000000001</ele>
   </trkpt>
   <trkpt lat="38.69735" lon="-0.43496">
    <ele>752.75</ele>
   </trkpt>
   <trkpt lat="38.697280000000006" lon="-0.43446">
    <ele>751.68</ele>
   </trkpt>
   <trkpt lat="38.69711" lon="-0.43418">
    <ele>751.19</ele>
   </trkpt>
   <trkpt lat="38.697070000000004" lon="-0.43403">
    <ele>750.77</ele>
   </trkpt>
   <trkpt lat="38.6972" lon="-0.43337000000000003">
    <ele>747.72</ele>
   </trkpt>
   <trkpt lat="38.6972" lon="-0.43324">
    <ele>747.72</ele>
   </trkpt>
   <trkpt lat="38.69713" lon="-0.43309000000000003">
    <ele>746.3100000000001</ele>
   </trkpt>
   <trkpt lat="38.69686" lon="-0.43298000000000003">
    <ele>744.1800000000001</ele>
   </trkpt>
   <trkpt lat="38.69677" lon="-0.43285">
    <ele>743.4900000000001</ele>
   </trkpt>
   <trkpt lat="38.69675" lon="-0.43274">
    <ele>743.3100000000001</ele>
   </trkpt>
   <trkpt lat="38.696760000000005" lon="-0.43263">
    <ele>743.0000000000001</ele>
   </trkpt>
   <trkpt lat="38.696830000000006" lon="-0.43240000000000006">
    <ele>742.1500000000001</ele>
   </trkpt>
   <trkpt lat="38.69698" lon="-0.43214">
    <ele>741.3100000000001</ele>
   </trkpt>
   <trkpt lat="38.69708" lon="-0.43203">
    <ele>741.3100000000001</ele>
   </trkpt>
   <trkpt lat="38.69717" lon="-0.43197">
    <ele>741.3100000000001</ele>
   </trkpt>
   <trkpt lat="38.697340000000004" lon="-0.43196">
    <ele>740.4200000000001</ele>
   </trkpt>
   <trkpt lat="38.69823" lon="-0.43191">
    <ele>736.16</ele>
   </trkpt>
   <trkpt lat="38.6985" lon="-0.43185">
    <ele>734.6800000000001</ele>
   </trkpt>
   <trkpt lat="38.69933" lon="-0.43148000000000003">
    <ele>729.82</ele>
   </trkpt>
   <trkpt lat="38.69946" lon="-0.43128000000000005">
    <ele>729.11</ele>
   </trkpt>
   <trkpt lat="38.699540000000006" lon="-0.43074">
    <ele>726.57</ele>
   </trkpt>
   <trkpt lat="38.6997" lon="-0.43015000000000003">
    <ele>722.52</ele>
   </trkpt>
   <trkpt lat="38.69986" lon="-0.4298">
    <ele>720.6700000000001</ele>
   </trkpt>
   <trkpt lat="38.700050000000005" lon="-0.42947">
    <ele>715.67</ele>
   </trkpt>
   <trkpt lat="38.700160000000004" lon="-0.42936">
    <ele>715.67</ele>
   </trkpt>
   <trkpt lat="38.70038" lon="-0.4292">
    <ele>714.0200000000001</ele>
   </trkpt>
   <trkpt lat="38.700990000000004" lon="-0.42896">
    <ele>711.19</ele>
   </trkpt>
   <trkpt lat="38.701550000000005" lon="-0.4288">
    <ele>708.3600000000001</ele>
   </trkpt>
   <trkpt lat="38.701660000000004" lon="-0.42869">
    <ele>707.43</ele>
   </trkpt>
   <trkpt lat="38.70176" lon="-0.42858">
    <ele>706.7500000000001</ele>
   </trkpt>
   <trkpt lat="38.701840000000004" lon="-0.42831">
    <ele>704.71</ele>
   </trkpt>
   <trkpt lat="38.70188" lon="-0.42815000000000003">
    <ele>703.83</ele>
   </trkpt>
   <trkpt lat="38.70188" lon="-0.42798">
    <ele>701.45</ele>
   </trkpt>
   <trkpt lat="38.701840000000004" lon="-0.42781">
    <ele>701.45</ele>
   </trkpt>
   <trkpt lat="38.70159" lon="-0.42719">
    <ele>697.8000000000001</ele>
   </trkpt>
   <trkpt lat="38.70149" lon="-0.42681">
    <ele>695.0500000000001</ele>
   </trkpt>
   <trkpt lat="38.70149" lon="-0.42663">
    <ele>693.7700000000001</ele>
   </trkpt>
   <trkpt lat="38.70165" lon="-0.42591">
    <ele>689.3900000000001</ele>
   </trkpt>
   <trkpt lat="38.70168" lon="-0.42565000000000003">
    <ele>688.7700000000001</ele>
   </trkpt>
   <trkpt lat="38.70168" lon="-0.42558">
    <ele>687.9000000000001</ele>
   </trkpt>
   <trkpt lat="38.701640000000005" lon="-0.42541">
    <ele>687.06</ele>
   </trkpt>
   <trkpt lat="38.70154" lon="-0.42517000000000005">
    <ele>686.07</ele>
   </trkpt>
   <trkpt lat="38.7011600022396" lon="-0.4244449961501609">
    <ele>684.84</ele>
   </trkpt>
   <trkpt lat="38.70078" lon="-0.42372000000000004">
    <ele>685.84</ele>
   </trkpt>
   <trkpt lat="38.70067" lon="-0.42369">
    <ele>685.71</ele>
   </trkpt>
   <trkpt lat="38.70033" lon="-0.42369">
    <ele>685.84</ele>
   </trkpt>
   <trkpt lat="38.699740000000006" lon="-0.42355000000000004">
    <ele>686.6500000000001</ele>
   </trkpt>
   <trkpt lat="38.69964" lon="-0.42352">
    <ele>686.67</ele>
   </trkpt>
   <trkpt lat="38.699560000000005" lon="-0.42342">
    <ele>686.67</ele>
   </trkpt>
   <trkpt lat="38.69953" lon="-0.42336">
    <ele>686.67</ele>
   </trkpt>
   <trkpt lat="38.69952" lon="-0.42307000000000006">
    <ele>686.5500000000001</ele>
   </trkpt>
   <trkpt lat="38.69953" lon="-0.42236">
    <ele>686.12</ele>
   </trkpt>
   <trkpt lat="38.69955" lon="-0.42212000000000005">
    <ele>685.64</ele>
   </trkpt>
   <trkpt lat="38.69962" lon="-0.42193">
    <ele>683.7800000000001</ele>
   </trkpt>
   <trkpt lat="38.6997" lon="-0.42181">
    <ele>683.7800000000001</ele>
   </trkpt>
   <trkpt lat="38.70017" lon="-0.42135000000000006">
    <ele>681.47</ele>
   </trkpt>
   <trkpt lat="38.70027" lon="-0.42121000000000003">
    <ele>677.85</ele>
   </trkpt>
   <trkpt lat="38.70038" lon="-0.42103">
    <ele>677.85</ele>
   </trkpt>
   <trkpt lat="38.70044" lon="-0.42086">
    <ele>677.21</ele>
   </trkpt>
   <trkpt lat="38.70044" lon="-0.42075">
    <ele>675.2</ele>
   </trkpt>
   <trkpt lat="38.700390000000006" lon="-0.42058">
    <ele>675.2</ele>
   </trkpt>
   <trkpt lat="38.700160000000004" lon="-0.42026">
    <ele>673.5600000000001</ele>
   </trkpt>
   <trkpt lat="38.700070000000004" lon="-0.42008">
    <ele>671.1700000000001</ele>
   </trkpt>
   <trkpt lat="38.70004" lon="-0.41986">
    <ele>669.97</ele>
   </trkpt>
   <trkpt lat="38.70008" lon="-0.41888000000000003">
    <ele>667.6899999999999</ele>
   </trkpt>
   <trkpt lat="38.70008" lon="-0.41843">
    <ele>667.0400000000001</ele>
   </trkpt>
   <trkpt lat="38.70006" lon="-0.41821">
    <ele>666.24</ele>
   </trkpt>
   <trkpt lat="38.70002" lon="-0.41803">
    <ele>664.85</ele>
   </trkpt>
   <trkpt lat="38.69991" lon="-0.41781">
    <ele>662.75</ele>
   </trkpt>
   <trkpt lat="38.69973" lon="-0.41753">
    <ele>662.75</ele>
   </trkpt>
   <trkpt lat="38.699630000000006" lon="-0.41727000000000003">
    <ele>659.4000000000001</ele>
   </trkpt>
   <trkpt lat="38.69962" lon="-0.41709">
    <ele>659.4000000000001</ele>
   </trkpt>
   <trkpt lat="38.699650000000005" lon="-0.41638000000000003">
    <ele>656.34</ele>
   </trkpt>
   <trkpt lat="38.699630000000006" lon="-0.41622000000000003">
    <ele>650.17</ele>
   </trkpt>
   <trkpt lat="38.69955" lon="-0.41592">
    <ele>650.17</ele>
   </trkpt>
   <trkpt lat="38.69937" lon="-0.41553">
    <ele>647.93</ele>
   </trkpt>
   <trkpt lat="38.69917" lon="-0.41536">
    <ele>646.96</ele>
   </trkpt>
   <trkpt lat="38.69888" lon="-0.41521">
    <ele>646.3000000000001</ele>
   </trkpt>
   <trkpt lat="38.698780000000006" lon="-0.41514">
    <ele>646.0400000000001</ele>
   </trkpt>
   <trkpt lat="38.69863" lon="-0.41493">
    <ele>645.78</ele>
   </trkpt>
   <trkpt lat="38.69859" lon="-0.41483000000000003">
    <ele>645.66</ele>
   </trkpt>
   <trkpt lat="38.69848" lon="-0.41414">
    <ele>642.8100000000001</ele>
   </trkpt>
   <trkpt lat="38.6982" lon="-0.41350000000000003">
    <ele>637.47</ele>
   </trkpt>
   <trkpt lat="38.69812" lon="-0.41326">
    <ele>635.08</ele>
   </trkpt>
   <trkpt lat="38.69812" lon="-0.41303">
    <ele>632.7900000000001</ele>
   </trkpt>
   <trkpt lat="38.698190000000004" lon="-0.41271">
    <ele>632.7900000000001</ele>
   </trkpt>
   <trkpt lat="38.6983" lon="-0.41242">
    <ele>629.26</ele>
   </trkpt>
   <trkpt lat="38.69841" lon="-0.41228000000000004">
    <ele>628.2800000000001</ele>
   </trkpt>
   <trkpt lat="38.698600000000006" lon="-0.4122">
    <ele>626.97</ele>
   </trkpt>
   <trkpt lat="38.69904500029271" lon="-0.4120900006248111">
    <ele>625.34</ele>
   </trkpt>
   <trkpt lat="38.699490000000004" lon="-0.41198">
    <ele>622.0600000000001</ele>
   </trkpt>
   <trkpt lat="38.699600000000004" lon="-0.41192">
    <ele>621.77</ele>
   </trkpt>
   <trkpt lat="38.69964" lon="-0.41186000000000006">
    <ele>621.14</ele>
   </trkpt>
   <trkpt lat="38.699670000000005" lon="-0.41176">
    <ele>620.45</ele>
   </trkpt>
   <trkpt lat="38.69968" lon="-0.41165">
    <ele>620.45</ele>
   </trkpt>
   <trkpt lat="38.699650000000005" lon="-0.41109">
    <ele>615.68</ele>
   </trkpt>
   <trkpt lat="38.69968" lon="-0.41092">
    <ele>614.83</ele>
   </trkpt>
   <trkpt lat="38.699780000000004" lon="-0.41072000000000003">
    <ele>614.01</ele>
   </trkpt>
   <trkpt lat="38.70011" lon="-0.41036000000000006">
    <ele>613.23</ele>
   </trkpt>
   <trkpt lat="38.70022" lon="-0.41005">
    <ele>612.97</ele>
   </trkpt>
   <trkpt lat="38.700250000000004" lon="-0.40983">
    <ele>611.84</ele>
   </trkpt>
   <trkpt lat="38.700300000000006" lon="-0.40899">
    <ele>607.1899999999999</ele>
   </trkpt>
   <trkpt lat="38.70017" lon="-0.40839000000000003">
    <ele>602.0500000000001</ele>
   </trkpt>
   <trkpt lat="38.700160000000004" lon="-0.4082">
    <ele>602.0500000000001</ele>
   </trkpt>
   <trkpt lat="38.7002" lon="-0.40804">
    <ele>600.46</ele>
   </trkpt>
   <trkpt lat="38.70027" lon="-0.40788">
    <ele>600.46</ele>
   </trkpt>
   <trkpt lat="38.70035" lon="-0.40778000000000003">
    <ele>596.95</ele>
   </trkpt>
   <trkpt lat="38.70042" lon="-0.40772">
    <ele>596.95</ele>
   </trkpt>
   <trkpt lat="38.700790000000005" lon="-0.40749">
    <ele>594.5400000000001</ele>
   </trkpt>
   <trkpt lat="38.70092" lon="-0.40734000000000004">
    <ele>592.3900000000001</ele>
   </trkpt>
   <trkpt lat="38.701330000000006" lon="-0.40654">
    <ele>587.4</ele>
   </trkpt>
   <trkpt lat="38.70138" lon="-0.40643">
    <ele>587.4</ele>
   </trkpt>
   <trkpt lat="38.70140000000001" lon="-0.40632">
    <ele>587.4</ele>
   </trkpt>
   <trkpt lat="38.70139" lon="-0.40626">
    <ele>585.43</ele>
   </trkpt>
   <trkpt lat="38.70134" lon="-0.40617000000000003">
    <ele>585.43</ele>
   </trkpt>
   <trkpt lat="38.7013" lon="-0.40615">
    <ele>585.43</ele>
   </trkpt>
   <trkpt lat="38.70121" lon="-0.40615">
    <ele>584.9000000000001</ele>
   </trkpt>
   <trkpt lat="38.70116" lon="-0.40616">
    <ele>584.9000000000001</ele>
   </trkpt>
   <trkpt lat="38.700970000000005" lon="-0.40634000000000003">
    <ele>584.23</ele>
   </trkpt>
   <trkpt lat="38.70091" lon="-0.40637">
    <ele>582.99</ele>
   </trkpt>
   <trkpt lat="38.70076" lon="-0.40642000000000006">
    <ele>582.43</ele>
   </trkpt>
   <trkpt lat="38.70064" lon="-0.40638">
    <ele>582.43</ele>
   </trkpt>
   <trkpt lat="38.700540000000004" lon="-0.40633">
    <ele>581.5600000000001</ele>
   </trkpt>
   <trkpt lat="38.70024" lon="-0.40611">
    <ele>580.22</ele>
   </trkpt>
   <trkpt lat="38.70006" lon="-0.40594">
    <ele>578.44</ele>
   </trkpt>
   <trkpt lat="38.699920000000006" lon="-0.40571">
    <ele>577.3000000000001</ele>
   </trkpt>
   <trkpt lat="38.69991" lon="-0.40554">
    <ele>576.71</ele>
   </trkpt>
   <trkpt lat="38.70006" lon="-0.40471">
    <ele>572.9300000000001</ele>
   </trkpt>
   <trkpt lat="38.70013" lon="-0.40401000000000004">
    <ele>567.6300000000001</ele>
   </trkpt>
   <trkpt lat="38.70022334421161" lon="-0.40288000290637227">
    <ele>563.47</ele>
   </trkpt>
   <trkpt lat="38.70031667754853" lon="-0.4017500028631302">
    <ele>560.55</ele>
   </trkpt>
   <trkpt lat="38.700410000000005" lon="-0.40062000000000003">
    <ele>553.91</ele>
   </trkpt>
   <trkpt lat="38.700390000000006" lon="-0.40049">
    <ele>553.22</ele>
   </trkpt>
   <trkpt lat="38.700190000000006" lon="-0.40015">
    <ele>550.3100000000001</ele>
   </trkpt>
   <trkpt lat="38.70015" lon="-0.39994">
    <ele>549.1100000000001</ele>
   </trkpt>
   <trkpt lat="38.70018" lon="-0.39982">
    <ele>548.42</ele>
   </trkpt>
   <trkpt lat="38.70042" lon="-0.39933">
    <ele>545.12</ele>
   </trkpt>
   <trkpt lat="38.700450000000004" lon="-0.39917">
    <ele>543.66</ele>
   </trkpt>
   <trkpt lat="38.7004" lon="-0.39899">
    <ele>542.1100000000001</ele>
   </trkpt>
   <trkpt lat="38.700190000000006" lon="-0.39857000000000004">
    <ele>538.5500000000001</ele>
   </trkpt>
   <trkpt lat="38.70015" lon="-0.39833">
    <ele>536.9900000000001</ele>
   </trkpt>
   <trkpt lat="38.700210000000006" lon="-0.398">
    <ele>535.0</ele>
   </trkpt>
   <trkpt lat="38.7004" lon="-0.39717">
    <ele>530.76</ele>
   </trkpt>
   <trkpt lat="38.700430000000004" lon="-0.39689">
    <ele>529.1</ele>
   </trkpt>
   <trkpt lat="38.700390000000006" lon="-0.39627">
    <ele>525.7400000000001</ele>
   </trkpt>
   <trkpt lat="38.70029" lon="-0.39555">
    <ele>522.9100000000001</ele>
   </trkpt>
   <trkpt lat="38.700120000000005" lon="-0.39512">
    <ele>519.97</ele>
   </trkpt>
   <trkpt lat="38.70009" lon="-0.39499">
    <ele>519.97</ele>
   </trkpt>
   <trkpt lat="38.70008" lon="-0.39471">
    <ele>518.66</ele>
   </trkpt>
   <trkpt lat="38.70011" lon="-0.39457000000000003">
    <ele>517.58</ele>
   </trkpt>
   <trkpt lat="38.700410000000005" lon="-0.39394">
    <ele>512.45</ele>
   </trkpt>
   <trkpt lat="38.700450000000004" lon="-0.39378">
    <ele>511.24</ele>
   </trkpt>
   <trkpt lat="38.70044" lon="-0.39361">
    <ele>510.14000000000004</ele>
   </trkpt>
   <trkpt lat="38.70026" lon="-0.39313000000000003">
    <ele>507.58000000000004</ele>
   </trkpt>
   <trkpt lat="38.70006" lon="-0.39273">
    <ele>507.95</ele>
   </trkpt>
   <trkpt lat="38.69975" lon="-0.39220000000000005">
    <ele>508.74000000000007</ele>
   </trkpt>
   <trkpt lat="38.699600000000004" lon="-0.39199">
    <ele>510.38000000000005</ele>
   </trkpt>
   <trkpt lat="38.69952" lon="-0.39191000000000004">
    <ele>511.21000000000004</ele>
   </trkpt>
   <trkpt lat="38.699220000000004" lon="-0.39194">
    <ele>514.2500000000001</ele>
   </trkpt>
   <trkpt lat="38.69914" lon="-0.39189">
    <ele>515.05</ele>
   </trkpt>
   <trkpt lat="38.6991" lon="-0.39185000000000003">
    <ele>515.7400000000001</ele>
   </trkpt>
   <trkpt lat="38.699040000000004" lon="-0.39174000000000003">
    <ele>516.27</ele>
   </trkpt>
   <trkpt lat="38.69897" lon="-0.39118">
    <ele>517.4700000000001</ele>
   </trkpt>
   <trkpt lat="38.69886500167582" lon="-0.3905599993198475">
    <ele>518.87</ele>
   </trkpt>
   <trkpt lat="38.69876" lon="-0.38994">
    <ele>520.02</ele>
   </trkpt>
   <trkpt lat="38.69874" lon="-0.38955">
    <ele>520.47</ele>
   </trkpt>
   <trkpt lat="38.6989" lon="-0.38905">
    <ele>520.73</ele>
   </trkpt>
   <trkpt lat="38.69892" lon="-0.38894">
    <ele>520.7700000000001</ele>
   </trkpt>
   <trkpt lat="38.69892" lon="-0.38877">
    <ele>520.97</ele>
   </trkpt>
   <trkpt lat="38.6989" lon="-0.38856">
    <ele>520.97</ele>
   </trkpt>
   <trkpt lat="38.69876" lon="-0.388">
    <ele>521.1</ele>
   </trkpt>
   <trkpt lat="38.698690000000006" lon="-0.38761">
    <ele>521.3000000000001</ele>
   </trkpt>
   <trkpt lat="38.69868" lon="-0.38744">
    <ele>521.5500000000001</ele>
   </trkpt>
   <trkpt lat="38.6987" lon="-0.38729">
    <ele>521.5500000000001</ele>
   </trkpt>
   <trkpt lat="38.69885" lon="-0.38689">
    <ele>521.72</ele>
   </trkpt>
   <trkpt lat="38.699145001595014" lon="-0.38628000249434097">
    <ele>522.3000000000001</ele>
   </trkpt>
   <trkpt lat="38.69944" lon="-0.38567">
    <ele>524.91</ele>
   </trkpt>
   <trkpt lat="38.699510000000004" lon="-0.38546">
    <ele>525.64</ele>
   </trkpt>
   <trkpt lat="38.69952" lon="-0.38533">
    <ele>526.1600000000001</ele>
   </trkpt>
   <trkpt lat="38.69951000153352" lon="-0.3847299999497851">
    <ele>528.78</ele>
   </trkpt>
   <trkpt lat="38.6995" lon="-0.38413">
    <ele>531.86</ele>
   </trkpt>
   <trkpt lat="38.699510000000004" lon="-0.38378">
    <ele>533.93</ele>
   </trkpt>
   <trkpt lat="38.69959501075704" lon="-0.3828625032365836">
    <ele>537.1</ele>
   </trkpt>
   <trkpt lat="38.699680014344885" lon="-0.38194500429206446">
    <ele>538.8900000000001</ele>
   </trkpt>
   <trkpt lat="38.69976501076354" lon="-0.38102750316661477">
    <ele>540.62</ele>
   </trkpt>
   <trkpt lat="38.699850000000005" lon="-0.38011">
    <ele>543.47</ele>
   </trkpt>
   <trkpt lat="38.69989" lon="-0.37934">
    <ele>545.48</ele>
   </trkpt>
   <trkpt lat="38.69977" lon="-0.37867">
    <ele>547.96</ele>
   </trkpt>
   <trkpt lat="38.699650000000005" lon="-0.37834">
    <ele>549.98</ele>
   </trkpt>
   <trkpt lat="38.69939" lon="-0.37774">
    <ele>551.9000000000001</ele>
   </trkpt>
   <trkpt lat="38.69902000245644" lon="-0.3769899962439903">
    <ele>555.32</ele>
   </trkpt>
   <trkpt lat="38.69865" lon="-0.37624">
    <ele>559.44</ele>
   </trkpt>
   <trkpt lat="38.69936667030936" lon="-0.37558001328918955">
    <ele>557.06</ele>
   </trkpt>
   <trkpt lat="38.700083336909024" lon="-0.3749200133511226">
    <ele>556.7</ele>
   </trkpt>
   <trkpt lat="38.7008" lon="-0.37426000000000004">
    <ele>558.27</ele>
   </trkpt>
   <trkpt lat="38.701140001507284" lon="-0.37366500282926723">
    <ele>558.76</ele>
   </trkpt>
   <trkpt lat="38.701480000000004" lon="-0.37307">
    <ele>559.69</ele>
   </trkpt>
   <trkpt lat="38.70178000000001" lon="-0.37257">
    <ele>559.21</ele>
   </trkpt>
   <trkpt lat="38.702290000000005" lon="-0.37195">
    <ele>554.13</ele>
   </trkpt>
   <trkpt lat="38.702650000000006" lon="-0.37118">
    <ele>548.2600000000001</ele>
   </trkpt>
   <trkpt lat="38.702780000000004" lon="-0.37097">
    <ele>547.48</ele>
   </trkpt>
   <trkpt lat="38.703430000000004" lon="-0.37036">
    <ele>540.6500000000001</ele>
   </trkpt>
   <trkpt lat="38.703660000000006" lon="-0.37012">
    <ele>538.5600000000001</ele>
   </trkpt>
   <trkpt lat="38.703920000000004" lon="-0.36975">
    <ele>537.09</ele>
   </trkpt>
   <trkpt lat="38.70411" lon="-0.36958">
    <ele>536.2900000000001</ele>
   </trkpt>
   <trkpt lat="38.7043" lon="-0.36957">
    <ele>535.2900000000001</ele>
   </trkpt>
   <trkpt lat="38.70443" lon="-0.36968">
    <ele>532.6500000000001</ele>
   </trkpt>
   <trkpt lat="38.704460000000005" lon="-0.36985">
    <ele>532.6500000000001</ele>
   </trkpt>
   <trkpt lat="38.704390000000004" lon="-0.37023">
    <ele>529.7700000000001</ele>
   </trkpt>
   <trkpt lat="38.70445" lon="-0.37041">
    <ele>528.59</ele>
   </trkpt>
   <trkpt lat="38.70456" lon="-0.37053">
    <ele>527.85</ele>
   </trkpt>
   <trkpt lat="38.7047" lon="-0.37057">
    <ele>525.7</ele>
   </trkpt>
   <trkpt lat="38.70485" lon="-0.37048000000000003">
    <ele>524.94</ele>
   </trkpt>
   <trkpt lat="38.70497" lon="-0.37036">
    <ele>522.84</ele>
   </trkpt>
   <trkpt lat="38.70503" lon="-0.37018">
    <ele>522.84</ele>
   </trkpt>
   <trkpt lat="38.705093338464785" lon="-0.36940333478248183">
    <ele>515.19</ele>
   </trkpt>
   <trkpt lat="38.70515667179215" lon="-0.3686266681890694">
    <ele>509.62000000000006</ele>
   </trkpt>
   <trkpt lat="38.705220000000004" lon="-0.36785">
    <ele>506.28000000000003</ele>
   </trkpt>
   <trkpt lat="38.70525000000001" lon="-0.36768">
    <ele>506.4200000000001</ele>
   </trkpt>
   <trkpt lat="38.705330000000004" lon="-0.36757">
    <ele>506.70000000000005</ele>
   </trkpt>
   <trkpt lat="38.70557" lon="-0.36732000000000004">
    <ele>508.77000000000004</ele>
   </trkpt>
   <trkpt lat="38.70566" lon="-0.36718">
    <ele>509.82000000000005</ele>
   </trkpt>
   <trkpt lat="38.705850000000005" lon="-0.36679">
    <ele>512.6</ele>
   </trkpt>
   <trkpt lat="38.705980000000004" lon="-0.36657">
    <ele>515.87</ele>
   </trkpt>
   <trkpt lat="38.706230000000005" lon="-0.36631">
    <ele>518.48</ele>
   </trkpt>
   <trkpt lat="38.706610000000005" lon="-0.36607">
    <ele>520.51</ele>
   </trkpt>
   <trkpt lat="38.70675000000001" lon="-0.36574">
    <ele>520.7400000000001</ele>
   </trkpt>
   <trkpt lat="38.7068" lon="-0.36568">
    <ele>520.7400000000001</ele>
   </trkpt>
   <trkpt lat="38.706920000000004" lon="-0.36558">
    <ele>520.75</ele>
   </trkpt>
   <trkpt lat="38.70709" lon="-0.36563">
    <ele>520.8000000000001</ele>
   </trkpt>
   <trkpt lat="38.707150000000006" lon="-0.36568">
    <ele>521.02</ele>
   </trkpt>
   <trkpt lat="38.70734" lon="-0.36602">
    <ele>520.44</ele>
   </trkpt>
   <trkpt lat="38.70745" lon="-0.36613">
    <ele>519.95</ele>
   </trkpt>
   <trkpt lat="38.70808" lon="-0.36662000000000006">
    <ele>515.2800000000001</ele>
   </trkpt>
   <trkpt lat="38.70857" lon="-0.36701">
    <ele>512.49</ele>
   </trkpt>
   <trkpt lat="38.70875" lon="-0.36701">
    <ele>511.45000000000005</ele>
   </trkpt>
   <trkpt lat="38.708830000000006" lon="-0.3669">
    <ele>510.06000000000006</ele>
   </trkpt>
   <trkpt lat="38.70888" lon="-0.36679">
    <ele>508.41</ele>
   </trkpt>
   <trkpt lat="38.708960000000005" lon="-0.36624">
    <ele>504.71</ele>
   </trkpt>
   <trkpt lat="38.708980000000004" lon="-0.36596">
    <ele>502.83</ele>
   </trkpt>
   <trkpt lat="38.70897" lon="-0.3659">
    <ele>501.68</ele>
   </trkpt>
   <trkpt lat="38.70875" lon="-0.3654">
    <ele>499.1</ele>
   </trkpt>
   <trkpt lat="38.70864" lon="-0.36497">
    <ele>498.46</ele>
   </trkpt>
   <trkpt lat="38.70866" lon="-0.36486">
    <ele>498.02</ele>
   </trkpt>
   <trkpt lat="38.70871" lon="-0.36479">
    <ele>497.31</ele>
   </trkpt>
   <trkpt lat="38.70881" lon="-0.36474">
    <ele>496.37</ele>
   </trkpt>
   <trkpt lat="38.70895" lon="-0.3648">
    <ele>493.63</ele>
   </trkpt>
   <trkpt lat="38.709" lon="-0.36487">
    <ele>493.63</ele>
   </trkpt>
   <trkpt lat="38.70928" lon="-0.36557">
    <ele>487.89000000000004</ele>
   </trkpt>
   <trkpt lat="38.70938" lon="-0.36571000000000004">
    <ele>487.22</ele>
   </trkpt>
   <trkpt lat="38.70953" lon="-0.36579">
    <ele>485.42</ele>
   </trkpt>
   <trkpt lat="38.709920000000004" lon="-0.36559">
    <ele>484.29</ele>
   </trkpt>
   <trkpt lat="38.710335000383616" lon="-0.3653300014493134">
    <ele>484.04</ele>
   </trkpt>
   <trkpt lat="38.710750000000004" lon="-0.36507">
    <ele>484.55</ele>
   </trkpt>
   <trkpt lat="38.71087" lon="-0.36493000000000003">
    <ele>485.82</ele>
   </trkpt>
   <trkpt lat="38.710910000000005" lon="-0.36475">
    <ele>486.65000000000003</ele>
   </trkpt>
   <trkpt lat="38.710910000000005" lon="-0.36457">
    <ele>488.44000000000005</ele>
   </trkpt>
   <trkpt lat="38.71072" lon="-0.36346">
    <ele>495.53000000000003</ele>
   </trkpt>
   <trkpt lat="38.71088" lon="-0.36235">
    <ele>501.9</ele>
   </trkpt>
   <trkpt lat="38.71092" lon="-0.36218">
    <ele>501.9</ele>
   </trkpt>
   <trkpt lat="38.71103" lon="-0.36207">
    <ele>504.11000000000007</ele>
   </trkpt>
   <trkpt lat="38.711240000000004" lon="-0.36202">
    <ele>504.11000000000007</ele>
   </trkpt>
   <trkpt lat="38.71135" lon="-0.36210000000000003">
    <ele>506.12</ele>
   </trkpt>
   <trkpt lat="38.711450000000006" lon="-0.36252">
    <ele>507.68</ele>
   </trkpt>
   <trkpt lat="38.711670000000005" lon="-0.36274">
    <ele>508.2300000000001</ele>
   </trkpt>
   <trkpt lat="38.71173" lon="-0.36291">
    <ele>510.30000000000007</ele>
   </trkpt>
   <trkpt lat="38.71175" lon="-0.36321000000000003">
    <ele>511.43000000000006</ele>
   </trkpt>
   <trkpt lat="38.711710000000004" lon="-0.36352">
    <ele>512.2500000000001</ele>
   </trkpt>
   <trkpt lat="38.71164" lon="-0.36374">
    <ele>514.0400000000001</ele>
   </trkpt>
   <trkpt lat="38.711510000000004" lon="-0.36402">
    <ele>515.22</ele>
   </trkpt>
   <trkpt lat="38.711450000000006" lon="-0.3642">
    <ele>516.2500000000001</ele>
   </trkpt>
   <trkpt lat="38.711450000000006" lon="-0.36441">
    <ele>516.95</ele>
   </trkpt>
   <trkpt lat="38.71157" lon="-0.3648">
    <ele>518.51</ele>
   </trkpt>
   <trkpt lat="38.711690000000004" lon="-0.36487">
    <ele>519.6500000000001</ele>
   </trkpt>
   <trkpt lat="38.71182" lon="-0.36485">
    <ele>520.27</ele>
   </trkpt>
   <trkpt lat="38.71193" lon="-0.36479">
    <ele>521.5500000000001</ele>
   </trkpt>
   <trkpt lat="38.712" lon="-0.36468">
    <ele>521.85</ele>
   </trkpt>
   <trkpt lat="38.712160000000004" lon="-0.36381">
    <ele>526.32</ele>
   </trkpt>
   <trkpt lat="38.71238" lon="-0.36298">
    <ele>528.99</ele>
   </trkpt>
   <trkpt lat="38.71255" lon="-0.3627">
    <ele>532.15</ele>
   </trkpt>
   <trkpt lat="38.71296" lon="-0.36241">
    <ele>534.6200000000001</ele>
   </trkpt>
   <trkpt lat="38.71307" lon="-0.3623">
    <ele>534.6200000000001</ele>
   </trkpt>
   <trkpt lat="38.71311" lon="-0.36218">
    <ele>535.46</ele>
   </trkpt>
   <trkpt lat="38.713150000000006" lon="-0.36192">
    <ele>536.5699999999999</ele>
   </trkpt>
   <trkpt lat="38.71322" lon="-0.36177000000000004">
    <ele>538.45</ele>
   </trkpt>
   <trkpt lat="38.71358" lon="-0.36148">
    <ele>538.45</ele>
   </trkpt>
   <trkpt lat="38.71403" lon="-0.36104">
    <ele>544.71</ele>
   </trkpt>
   <trkpt lat="38.714545002183776" lon="-0.36033500498758625">
    <ele>546.52</ele>
   </trkpt>
   <trkpt lat="38.71506" lon="-0.35963">
    <ele>546.48</ele>
   </trkpt>
   <trkpt lat="38.71524" lon="-0.35941">
    <ele>546.34</ele>
   </trkpt>
   <trkpt lat="38.7157000001135" lon="-0.35925500099375834">
    <ele>546.2</ele>
   </trkpt>
   <trkpt lat="38.71616" lon="-0.35910000000000003">
    <ele>544.44</ele>
   </trkpt>
   <trkpt lat="38.716880000752184" lon="-0.3586750042913708">
    <ele>544.8700000000001</ele>
   </trkpt>
   <trkpt lat="38.717600000000004" lon="-0.35825">
    <ele>546.4300000000001</ele>
   </trkpt>
   <trkpt lat="38.71813500010924" lon="-0.3580250017289916">
    <ele>545.3800000000001</ele>
   </trkpt>
   <trkpt lat="38.71867" lon="-0.3578">
    <ele>545.25</ele>
   </trkpt>
   <trkpt lat="38.719100000325575" lon="-0.3574500022654881">
    <ele>546.91</ele>
   </trkpt>
   <trkpt lat="38.719530000000006" lon="-0.35710000000000003">
    <ele>547.5699999999999</ele>
   </trkpt>
   <trkpt lat="38.71996" lon="-0.3568">
    <ele>547.79</ele>
   </trkpt>
   <trkpt lat="38.72014" lon="-0.35672000000000004">
    <ele>548.1</ele>
   </trkpt>
   <trkpt lat="38.72023" lon="-0.35674">
    <ele>548.1</ele>
   </trkpt>
   <trkpt lat="38.72032" lon="-0.3568">
    <ele>548.44</ele>
   </trkpt>
   <trkpt lat="38.72048" lon="-0.35699000000000003">
    <ele>549.44</ele>
   </trkpt>
   <trkpt lat="38.72055" lon="-0.35701000000000005">
    <ele>549.84</ele>
   </trkpt>
   <trkpt lat="38.72061" lon="-0.35694000000000004">
    <ele>550.19</ele>
   </trkpt>
   <trkpt lat="38.720690000000005" lon="-0.35699000000000003">
    <ele>550.49</ele>
   </trkpt>
   <trkpt lat="38.72075" lon="-0.35693">
    <ele>550.49</ele>
   </trkpt>
   <trkpt lat="38.720980000000004" lon="-0.35643">
    <ele>553.62</ele>
   </trkpt>
   <trkpt lat="38.72108" lon="-0.35627000000000003">
    <ele>555.23</ele>
   </trkpt>
   <trkpt lat="38.72115" lon="-0.3562">
    <ele>556.1700000000001</ele>
   </trkpt>
   <trkpt lat="38.72177000000001" lon="-0.35579000000000005">
    <ele>560.6500000000001</ele>
   </trkpt>
   <trkpt lat="38.72196" lon="-0.35558">
    <ele>562.35</ele>
   </trkpt>
   <trkpt lat="38.722485002815965" lon="-0.3547750058282891">
    <ele>567.5100000000001</ele>
   </trkpt>
   <trkpt lat="38.72301" lon="-0.35397">
    <ele>572.11</ele>
   </trkpt>
   <trkpt lat="38.723180000000006" lon="-0.35375">
    <ele>574.3100000000001</ele>
   </trkpt>
   <trkpt lat="38.723510000000005" lon="-0.35347">
    <ele>576.55</ele>
   </trkpt>
   <trkpt lat="38.723910000000004" lon="-0.35322000000000003">
    <ele>579.4100000000001</ele>
   </trkpt>
   <trkpt lat="38.72419" lon="-0.35314">
    <ele>580.76</ele>
   </trkpt>
   <trkpt lat="38.72433" lon="-0.35303">
    <ele>581.6300000000001</ele>
   </trkpt>
   <trkpt lat="38.72453" lon="-0.35275">
    <ele>582.4200000000001</ele>
   </trkpt>
   <trkpt lat="38.724590000000006" lon="-0.3526">
    <ele>583.1400000000001</ele>
   </trkpt>
   <trkpt lat="38.72471" lon="-0.35204">
    <ele>583.5</ele>
   </trkpt>
   <trkpt lat="38.72478" lon="-0.35189000000000004">
    <ele>583.6999999999999</ele>
   </trkpt>
   <trkpt lat="38.72517500082221" lon="-0.3514450024839107">
    <ele>584.07</ele>
   </trkpt>
   <trkpt lat="38.725570000000005" lon="-0.35100000000000003">
    <ele>585.4200000000001</ele>
   </trkpt>
   <trkpt lat="38.72578" lon="-0.35086">
    <ele>585.9100000000001</ele>
   </trkpt>
   <trkpt lat="38.726560000000006" lon="-0.35055000000000003">
    <ele>589.4</ele>
   </trkpt>
   <trkpt lat="38.72674000000001" lon="-0.35047">
    <ele>591.0300000000001</ele>
   </trkpt>
   <trkpt lat="38.726890000000004" lon="-0.35031">
    <ele>591.53</ele>
   </trkpt>
   <trkpt lat="38.72717" lon="-0.34994000000000003">
    <ele>594.1800000000001</ele>
   </trkpt>
   <trkpt lat="38.72726" lon="-0.34986">
    <ele>594.1800000000001</ele>
   </trkpt>
   <trkpt lat="38.72739" lon="-0.34981">
    <ele>594.8500000000001</ele>
   </trkpt>
   <trkpt lat="38.72751" lon="-0.34977">
    <ele>596.0300000000001</ele>
   </trkpt>
   <trkpt lat="38.72762" lon="-0.34981">
    <ele>596.0300000000001</ele>
   </trkpt>
   <trkpt lat="38.727940000000004" lon="-0.35008">
    <ele>598.59</ele>
   </trkpt>
   <trkpt lat="38.72816" lon="-0.35039000000000003">
    <ele>600.23</ele>
   </trkpt>
   <trkpt lat="38.72843" lon="-0.35105000000000003">
    <ele>605.7</ele>
   </trkpt>
   <trkpt lat="38.728480000000005" lon="-0.35114">
    <ele>606.41</ele>
   </trkpt>
   <trkpt lat="38.72865" lon="-0.35119">
    <ele>607.9</ele>
   </trkpt>
   <trkpt lat="38.729280000616626" lon="-0.35081500329635895">
    <ele>611.9100000000001</ele>
   </trkpt>
   <trkpt lat="38.729910000000004" lon="-0.35044000000000003">
    <ele>614.26</ele>
   </trkpt>
   <trkpt lat="38.730090000000004" lon="-0.35037">
    <ele>614.26</ele>
   </trkpt>
   <trkpt lat="38.730410000000006" lon="-0.35031">
    <ele>615.34</ele>
   </trkpt>
   <trkpt lat="38.73111" lon="-0.35031">
    <ele>618.8800000000001</ele>
   </trkpt>
   <trkpt lat="38.731300000000005" lon="-0.35037">
    <ele>620.38</ele>
   </trkpt>
   <trkpt lat="38.731460000000006" lon="-0.35050000000000003">
    <ele>621.1800000000001</ele>
   </trkpt>
   <trkpt lat="38.7316" lon="-0.35058">
    <ele>621.8100000000001</ele>
   </trkpt>
   <trkpt lat="38.731700000000004" lon="-0.35058">
    <ele>622.5200000000001</ele>
   </trkpt>
   <trkpt lat="38.731820000000006" lon="-0.35053">
    <ele>622.5200000000001</ele>
   </trkpt>
   <trkpt lat="38.73189" lon="-0.35047">
    <ele>622.9300000000001</ele>
   </trkpt>
   <trkpt lat="38.73192" lon="-0.35036">
    <ele>622.9300000000001</ele>
   </trkpt>
   <trkpt lat="38.73192" lon="-0.35025">
    <ele>623.29</ele>
   </trkpt>
   <trkpt lat="38.73187" lon="-0.35014">
    <ele>623.58</ele>
   </trkpt>
   <trkpt lat="38.731680000000004" lon="-0.34989000000000003">
    <ele>624.75</ele>
   </trkpt>
   <trkpt lat="38.73142" lon="-0.34964">
    <ele>626.41</ele>
   </trkpt>
   <trkpt lat="38.73134" lon="-0.34959">
    <ele>626.41</ele>
   </trkpt>
   <trkpt lat="38.731280000000005" lon="-0.34950000000000003">
    <ele>628.87</ele>
   </trkpt>
   <trkpt lat="38.731230000000004" lon="-0.34931">
    <ele>628.87</ele>
   </trkpt>
   <trkpt lat="38.731230000000004" lon="-0.34921">
    <ele>628.87</ele>
   </trkpt>
   <trkpt lat="38.73127" lon="-0.34911000000000003">
    <ele>629.94</ele>
   </trkpt>
   <trkpt lat="38.73133" lon="-0.34903">
    <ele>629.94</ele>
   </trkpt>
   <trkpt lat="38.7316" lon="-0.34887">
    <ele>632.0</ele>
   </trkpt>
   <trkpt lat="38.73167" lon="-0.34881">
    <ele>632.0</ele>
   </trkpt>
   <trkpt lat="38.73185" lon="-0.34847">
    <ele>633.32</ele>
   </trkpt>
   <trkpt lat="38.732110000000006" lon="-0.34792">
    <ele>636.36</ele>
   </trkpt>
   <trkpt lat="38.732200000000006" lon="-0.34777">
    <ele>637.12</ele>
   </trkpt>
   <trkpt lat="38.732350000000004" lon="-0.34767000000000003">
    <ele>638.0300000000001</ele>
   </trkpt>
   <trkpt lat="38.732910000000004" lon="-0.34749">
    <ele>640.4000000000001</ele>
   </trkpt>
   <trkpt lat="38.733430000000006" lon="-0.3472">
    <ele>642.8600000000001</ele>
   </trkpt>
   <trkpt lat="38.73353" lon="-0.34709">
    <ele>642.94</ele>
   </trkpt>
   <trkpt lat="38.733610000000006" lon="-0.34696000000000005">
    <ele>643.07</ele>
   </trkpt>
   <trkpt lat="38.73394000135638" lon="-0.3464150023671737">
    <ele>641.4000000000001</ele>
   </trkpt>
   <trkpt lat="38.73427" lon="-0.34587">
    <ele>640.72</ele>
   </trkpt>
   <trkpt lat="38.73453000000001" lon="-0.3456">
    <ele>641.0100000000001</ele>
   </trkpt>
   <trkpt lat="38.73516" lon="-0.34506000000000003">
    <ele>644.46</ele>
   </trkpt>
   <trkpt lat="38.735260000000004" lon="-0.34494">
    <ele>644.46</ele>
   </trkpt>
   <trkpt lat="38.735330000000005" lon="-0.34482">
    <ele>644.46</ele>
   </trkpt>
   <trkpt lat="38.73552" lon="-0.34431">
    <ele>646.1300000000001</ele>
   </trkpt>
   <trkpt lat="38.735690000000005" lon="-0.34398">
    <ele>647.07</ele>
   </trkpt>
   <trkpt lat="38.735730000000004" lon="-0.34385000000000004">
    <ele>647.7700000000001</ele>
   </trkpt>
   <trkpt lat="38.73575" lon="-0.34371">
    <ele>647.9100000000001</ele>
   </trkpt>
   <trkpt lat="38.73575" lon="-0.34345000000000003">
    <ele>647.98</ele>
   </trkpt>
   <trkpt lat="38.73572" lon="-0.34324000000000005">
    <ele>647.82</ele>
   </trkpt>
   <trkpt lat="38.735585001852286" lon="-0.34257999873732653">
    <ele>645.19</ele>
   </trkpt>
   <trkpt lat="38.73545" lon="-0.34192">
    <ele>641.5600000000001</ele>
   </trkpt>
   <trkpt lat="38.73543" lon="-0.34173000000000003">
    <ele>640.23</ele>
   </trkpt>
   <trkpt lat="38.735440000000004" lon="-0.34161">
    <ele>639.3000000000001</ele>
   </trkpt>
   <trkpt lat="38.73548" lon="-0.3415">
    <ele>639.3000000000001</ele>
   </trkpt>
   <trkpt lat="38.735890000000005" lon="-0.34090000000000004">
    <ele>634.8600000000001</ele>
   </trkpt>
   <trkpt lat="38.736290000000004" lon="-0.34038">
    <ele>629.0100000000001</ele>
   </trkpt>
   <trkpt lat="38.73646" lon="-0.34026">
    <ele>629.0100000000001</ele>
   </trkpt>
   <trkpt lat="38.736900000000006" lon="-0.33995000000000003">
    <ele>625.41</ele>
   </trkpt>
   <trkpt lat="38.73715" lon="-0.33971">
    <ele>623.78</ele>
   </trkpt>
   <trkpt lat="38.737300000000005" lon="-0.33954">
    <ele>621.97</ele>
   </trkpt>
   <trkpt lat="38.737460000000006" lon="-0.33938">
    <ele>620.2200000000001</ele>
   </trkpt>
   <trkpt lat="38.738130000000005" lon="-0.33937">
    <ele>617.92</ele>
   </trkpt>
   <trkpt lat="38.738260000000004" lon="-0.33928">
    <ele>617.63</ele>
   </trkpt>
   <trkpt lat="38.738310000000006" lon="-0.3392">
    <ele>617.1500000000001</ele>
   </trkpt>
   <trkpt lat="38.738310000000006" lon="-0.33909">
    <ele>616.89</ele>
   </trkpt>
   <trkpt lat="38.738260000000004" lon="-0.33884000000000003">
    <ele>616.8</ele>
   </trkpt>
   <trkpt lat="38.73823" lon="-0.33878">
    <ele>616.8</ele>
   </trkpt>
   <trkpt lat="38.738170000000004" lon="-0.33873000000000003">
    <ele>617.0300000000001</ele>
   </trkpt>
   <trkpt lat="38.73776" lon="-0.33859">
    <ele>618.87</ele>
   </trkpt>
   <trkpt lat="38.73765" lon="-0.33849">
    <ele>619.71</ele>
   </trkpt>
   <trkpt lat="38.73730000107885" lon="-0.33801499783215305">
    <ele>622.33</ele>
   </trkpt>
   <trkpt lat="38.73695" lon="-0.33754">
    <ele>624.45</ele>
   </trkpt>
   <trkpt lat="38.736900000000006" lon="-0.33743">
    <ele>625.0100000000001</ele>
   </trkpt>
   <trkpt lat="38.736740001993354" lon="-0.3367449984428726">
    <ele>626.71</ele>
   </trkpt>
   <trkpt lat="38.736580000000004" lon="-0.33606">
    <ele>628.12</ele>
   </trkpt>
   <trkpt lat="38.73651" lon="-0.33587">
    <ele>628.6</ele>
   </trkpt>
   <trkpt lat="38.73631" lon="-0.33556">
    <ele>628.87</ele>
   </trkpt>
   <trkpt lat="38.73617" lon="-0.33540000000000003">
    <ele>628.94</ele>
   </trkpt>
   <trkpt lat="38.73604" lon="-0.33521">
    <ele>628.95</ele>
   </trkpt>
   <trkpt lat="38.73597" lon="-0.33504">
    <ele>628.95</ele>
   </trkpt>
   <trkpt lat="38.7357300044423" lon="-0.33401999661850545">
    <ele>629.7900000000001</ele>
   </trkpt>
   <trkpt lat="38.735490000000006" lon="-0.333">
    <ele>632.85</ele>
   </trkpt>
   <trkpt lat="38.73547000000001" lon="-0.33288">
    <ele>632.85</ele>
   </trkpt>
   <trkpt lat="38.73546" lon="-0.3326">
    <ele>633.41</ele>
   </trkpt>
   <trkpt lat="38.73548" lon="-0.33238">
    <ele>633.59</ele>
   </trkpt>
   <trkpt lat="38.73555" lon="-0.3321">
    <ele>633.57</ele>
   </trkpt>
   <trkpt lat="38.73572" lon="-0.33162">
    <ele>631.99</ele>
   </trkpt>
   <trkpt lat="38.735760000000006" lon="-0.33143">
    <ele>631.47</ele>
   </trkpt>
   <trkpt lat="38.73577" lon="-0.33122">
    <ele>630.07</ele>
   </trkpt>
   <trkpt lat="38.73566" lon="-0.33068000000000003">
    <ele>628.6</ele>
   </trkpt>
   <trkpt lat="38.73561" lon="-0.3306">
    <ele>628.66</ele>
   </trkpt>
   <trkpt lat="38.73554" lon="-0.33055">
    <ele>628.84</ele>
   </trkpt>
   <trkpt lat="38.73518" lon="-0.33045">
    <ele>629.72</ele>
   </trkpt>
   <trkpt lat="38.73501" lon="-0.33038">
    <ele>629.74</ele>
   </trkpt>
   <trkpt lat="38.73496" lon="-0.33032">
    <ele>629.66</ele>
   </trkpt>
   <trkpt lat="38.73489" lon="-0.33017">
    <ele>628.9100000000001</ele>
   </trkpt>
   <trkpt lat="38.73487" lon="-0.33002000000000004">
    <ele>628.9100000000001</ele>
   </trkpt>
   <trkpt lat="38.734860000000005" lon="-0.32924000000000003">
    <ele>625.5500000000001</ele>
   </trkpt>
   <trkpt lat="38.73489" lon="-0.32907000000000003">
    <ele>625.2</ele>
   </trkpt>
   <trkpt lat="38.735130001267386" lon="-0.32850500211579386">
    <ele>625.65</ele>
   </trkpt>
   <trkpt lat="38.73537" lon="-0.32794">
    <ele>628.0300000000001</ele>
   </trkpt>
   <trkpt lat="38.73539" lon="-0.32782">
    <ele>630.05</ele>
   </trkpt>
   <trkpt lat="38.735380000000006" lon="-0.32771">
    <ele>630.05</ele>
   </trkpt>
   <trkpt lat="38.73534" lon="-0.32756">
    <ele>631.58</ele>
   </trkpt>
   <trkpt lat="38.735260000000004" lon="-0.32744">
    <ele>632.0100000000001</ele>
   </trkpt>
   <trkpt lat="38.73499" lon="-0.32716">
    <ele>636.3199999999999</ele>
   </trkpt>
   <trkpt lat="38.73467" lon="-0.32665000000000005">
    <ele>639.08</ele>
   </trkpt>
   <trkpt lat="38.734390000000005" lon="-0.32641000000000003">
    <ele>641.6500000000001</ele>
   </trkpt>
   <trkpt lat="38.734260000000006" lon="-0.32632">
    <ele>642.6800000000001</ele>
   </trkpt>
   <trkpt lat="38.7342" lon="-0.32625000000000004">
    <ele>642.8900000000001</ele>
   </trkpt>
   <trkpt lat="38.73413" lon="-0.326">
    <ele>643.6700000000001</ele>
   </trkpt>
   <trkpt lat="38.734140000000004" lon="-0.32587000000000005">
    <ele>643.8600000000001</ele>
   </trkpt>
   <trkpt lat="38.73431667336287" lon="-0.3249833377246371">
    <ele>645.37</ele>
   </trkpt>
   <trkpt lat="38.734493340028514" lon="-0.3240966710631903">
    <ele>648.4700000000001</ele>
   </trkpt>
   <trkpt lat="38.73467" lon="-0.32321000000000005">
    <ele>654.76</ele>
   </trkpt>
   <trkpt lat="38.73471" lon="-0.32305">
    <ele>655.88</ele>
   </trkpt>
   <trkpt lat="38.734770000000005" lon="-0.32294">
    <ele>657.1600000000001</ele>
   </trkpt>
   <trkpt lat="38.734860000000005" lon="-0.32283">
    <ele>657.72</ele>
   </trkpt>
   <trkpt lat="38.73522500081233" lon="-0.3224600016583962">
    <ele>659.93</ele>
   </trkpt>
   <trkpt lat="38.73559" lon="-0.32209000000000004">
    <ele>658.5000000000001</ele>
   </trkpt>
   <trkpt lat="38.73595" lon="-0.32178">
    <ele>656.9</ele>
   </trkpt>
   <trkpt lat="38.736610000000006" lon="-0.32171000000000005">
    <ele>650.82</ele>
   </trkpt>
   <trkpt lat="38.73677" lon="-0.32166">
    <ele>649.81</ele>
   </trkpt>
   <trkpt lat="38.737230000000004" lon="-0.32144">
    <ele>647.1300000000001</ele>
   </trkpt>
   <trkpt lat="38.73767" lon="-0.32121000000000005">
    <ele>645.83</ele>
   </trkpt>
   <trkpt lat="38.73778" lon="-0.32120000000000004">
    <ele>645.73</ele>
   </trkpt>
   <trkpt lat="38.73791000000001" lon="-0.32123">
    <ele>645.5600000000001</ele>
   </trkpt>
   <trkpt lat="38.738310000000006" lon="-0.32156">
    <ele>643.6</ele>
   </trkpt>
   <trkpt lat="38.738400000000006" lon="-0.32162">
    <ele>643.08</ele>
   </trkpt>
   <trkpt lat="38.738510000000005" lon="-0.32166">
    <ele>642.83</ele>
   </trkpt>
   <trkpt lat="38.73866" lon="-0.32167">
    <ele>642.5900000000001</ele>
   </trkpt>
   <trkpt lat="38.73917" lon="-0.32161">
    <ele>642.99</ele>
   </trkpt>
   <trkpt lat="38.739320000000006" lon="-0.32161">
    <ele>643.5000000000001</ele>
   </trkpt>
   <trkpt lat="38.739470000000004" lon="-0.32166">
    <ele>644.3199999999999</ele>
   </trkpt>
   <trkpt lat="38.7402" lon="-0.32221000000000005">
    <ele>644.87</ele>
   </trkpt>
   <trkpt lat="38.74027" lon="-0.32222">
    <ele>644.75</ele>
   </trkpt>
   <trkpt lat="38.74035000000001" lon="-0.32222">
    <ele>644.37</ele>
   </trkpt>
   <trkpt lat="38.740480000000005" lon="-0.32215000000000005">
    <ele>643.83</ele>
   </trkpt>
   <trkpt lat="38.74056" lon="-0.32199000000000005">
    <ele>641.5300000000001</ele>
   </trkpt>
   <trkpt lat="38.74058" lon="-0.32188">
    <ele>641.5300000000001</ele>
   </trkpt>
   <trkpt lat="38.740590000000005" lon="-0.32082000000000005">
    <ele>636.63</ele>
   </trkpt>
   <trkpt lat="38.740640000000006" lon="-0.32061">
    <ele>636.63</ele>
   </trkpt>
   <trkpt lat="38.74069" lon="-0.32051">
    <ele>636.63</ele>
   </trkpt>
   <trkpt lat="38.74103500075295" lon="-0.32008500207347423">
    <ele>633.66</ele>
   </trkpt>
   <trkpt lat="38.74138000000001" lon="-0.31966">
    <ele>633.5</ele>
   </trkpt>
   <trkpt lat="38.741400000000006" lon="-0.31955">
    <ele>633.85</ele>
   </trkpt>
   <trkpt lat="38.741240000000005" lon="-0.31912">
    <ele>636.7</ele>
   </trkpt>
   <trkpt lat="38.7411" lon="-0.31834">
    <ele>644.1</ele>
   </trkpt>
   <trkpt lat="38.741110000000006" lon="-0.31798000000000004">
    <ele>646.6200000000001</ele>
   </trkpt>
   <trkpt lat="38.74116" lon="-0.31785">
    <ele>646.6200000000001</ele>
   </trkpt>
   <trkpt lat="38.74156500115789" lon="-0.3173400028295203">
    <ele>649.05</ele>
   </trkpt>
   <trkpt lat="38.74197" lon="-0.31683">
    <ele>650.7400000000001</ele>
   </trkpt>
   <trkpt lat="38.74217" lon="-0.31655000000000005">
    <ele>650.59</ele>
   </trkpt>
   <trkpt lat="38.74221" lon="-0.31638000000000005">
    <ele>650.44</ele>
   </trkpt>
   <trkpt lat="38.74222" lon="-0.31629">
    <ele>649.8000000000001</ele>
   </trkpt>
   <trkpt lat="38.742140000000006" lon="-0.31595">
    <ele>648.6800000000001</ele>
   </trkpt>
   <trkpt lat="38.74183000220309" lon="-0.3152199966735077">
    <ele>648.6800000000001</ele>
   </trkpt>
   <trkpt lat="38.74152" lon="-0.31449000000000005">
    <ele>653.8000000000001</ele>
   </trkpt>
   <trkpt lat="38.741510000000005" lon="-0.31428">
    <ele>655.22</ele>
   </trkpt>
   <trkpt lat="38.741530000000004" lon="-0.31417">
    <ele>655.5200000000001</ele>
   </trkpt>
   <trkpt lat="38.74184" lon="-0.31316000000000005">
    <ele>657.83</ele>
   </trkpt>
   <trkpt lat="38.742090000000005" lon="-0.31251">
    <ele>657.34</ele>
   </trkpt>
   <trkpt lat="38.742200000000004" lon="-0.31234">
    <ele>656.63</ele>
   </trkpt>
   <trkpt lat="38.74231" lon="-0.31223">
    <ele>655.15</ele>
   </trkpt>
   <trkpt lat="38.742580000000004" lon="-0.31202">
    <ele>653.27</ele>
   </trkpt>
   <trkpt lat="38.742670000000004" lon="-0.31188000000000005">
    <ele>653.33</ele>
   </trkpt>
   <trkpt lat="38.74271" lon="-0.31172000000000005">
    <ele>653.45</ele>
   </trkpt>
   <trkpt lat="38.742700000000006" lon="-0.31155000000000005">
    <ele>653.21</ele>
   </trkpt>
   <trkpt lat="38.7425" lon="-0.311">
    <ele>653.6700000000001</ele>
   </trkpt>
   <trkpt lat="38.742450000000005" lon="-0.31078">
    <ele>653.6700000000001</ele>
   </trkpt>
   <trkpt lat="38.742486675413296" lon="-0.309766667745225">
    <ele>654.61</ele>
   </trkpt>
   <trkpt lat="38.7425233420786" lon="-0.3087533344496747">
    <ele>656.59</ele>
   </trkpt>
   <trkpt lat="38.742560000000005" lon="-0.30774">
    <ele>658.54</ele>
   </trkpt>
   <trkpt lat="38.74259" lon="-0.30745">
    <ele>659.19</ele>
   </trkpt>
   <trkpt lat="38.74266" lon="-0.30728">
    <ele>659.59</ele>
   </trkpt>
   <trkpt lat="38.74295" lon="-0.30706">
    <ele>659.48</ele>
   </trkpt>
   <trkpt lat="38.74304" lon="-0.30695">
    <ele>659.22</ele>
   </trkpt>
   <trkpt lat="38.74309" lon="-0.30677000000000004">
    <ele>659.15</ele>
   </trkpt>
   <trkpt lat="38.74307" lon="-0.30663">
    <ele>659.1400000000001</ele>
   </trkpt>
   <trkpt lat="38.74291" lon="-0.30623">
    <ele>659.0400000000001</ele>
   </trkpt>
   <trkpt lat="38.74245000160405" lon="-0.3056149960288389">
    <ele>656.69</ele>
   </trkpt>
   <trkpt lat="38.74199" lon="-0.30500000000000005">
    <ele>654.84</ele>
   </trkpt>
   <trkpt lat="38.74179" lon="-0.30468">
    <ele>654.71</ele>
   </trkpt>
   <trkpt lat="38.741710000000005" lon="-0.30451">
    <ele>654.83</ele>
   </trkpt>
   <trkpt lat="38.7415" lon="-0.30368">
    <ele>654.7900000000001</ele>
   </trkpt>
   <trkpt lat="38.74147" lon="-0.3034">
    <ele>655.27</ele>
   </trkpt>
   <trkpt lat="38.741490000000006" lon="-0.30328000000000005">
    <ele>655.27</ele>
   </trkpt>
   <trkpt lat="38.741580000000006" lon="-0.30301">
    <ele>655.37</ele>
   </trkpt>
   <trkpt lat="38.741640000000004" lon="-0.3029">
    <ele>655.33</ele>
   </trkpt>
   <trkpt lat="38.74172" lon="-0.3028">
    <ele>655.11</ele>
   </trkpt>
   <trkpt lat="38.742200000000004" lon="-0.30262">
    <ele>653.2600000000001</ele>
   </trkpt>
   <trkpt lat="38.742990000000006" lon="-0.3024">
    <ele>648.02</ele>
   </trkpt>
   <trkpt lat="38.743170000000006" lon="-0.30234">
    <ele>647.57</ele>
   </trkpt>
   <trkpt lat="38.74325" lon="-0.30229">
    <ele>647.21</ele>
   </trkpt>
   <trkpt lat="38.74342" lon="-0.30207">
    <ele>646.7</ele>
   </trkpt>
   <trkpt lat="38.74382500156608" lon="-0.3014850031616097">
    <ele>647.78</ele>
   </trkpt>
   <trkpt lat="38.74423" lon="-0.3009">
    <ele>649.98</ele>
   </trkpt>
   <trkpt lat="38.7443" lon="-0.30085">
    <ele>650.51</ele>
   </trkpt>
   <trkpt lat="38.74441" lon="-0.30079">
    <ele>651.9</ele>
   </trkpt>
   <trkpt lat="38.74484" lon="-0.30062">
    <ele>653.3000000000001</ele>
   </trkpt>
   <trkpt lat="38.744960000000006" lon="-0.30057">
    <ele>653.09</ele>
   </trkpt>
   <trkpt lat="38.74501" lon="-0.30051">
    <ele>653.09</ele>
   </trkpt>
   <trkpt lat="38.74504" lon="-0.30044000000000004">
    <ele>652.6800000000001</ele>
   </trkpt>
   <trkpt lat="38.745070000000005" lon="-0.29996">
    <ele>652.6200000000001</ele>
   </trkpt>
   <trkpt lat="38.7451" lon="-0.29984000000000005">
    <ele>652.8000000000001</ele>
   </trkpt>
   <trkpt lat="38.745160000000006" lon="-0.29974">
    <ele>653.49</ele>
   </trkpt>
   <trkpt lat="38.74523000000001" lon="-0.29968">
    <ele>654.5000000000001</ele>
   </trkpt>
   <trkpt lat="38.745340000000006" lon="-0.29963">
    <ele>654.5000000000001</ele>
   </trkpt>
   <trkpt lat="38.74579000011423" lon="-0.2995900002425523">
    <ele>656.93</ele>
   </trkpt>
   <trkpt lat="38.74624" lon="-0.29955000000000004">
    <ele>661.02</ele>
   </trkpt>
   <trkpt lat="38.74638" lon="-0.29946">
    <ele>662.3</ele>
   </trkpt>
   <trkpt lat="38.746430000000004" lon="-0.29939000000000004">
    <ele>663.2</ele>
   </trkpt>
   <trkpt lat="38.746460000000006" lon="-0.29924">
    <ele>663.2</ele>
   </trkpt>
   <trkpt lat="38.746460000000006" lon="-0.29912">
    <ele>664.34</ele>
   </trkpt>
   <trkpt lat="38.74638" lon="-0.29891">
    <ele>665.4300000000001</ele>
   </trkpt>
   <trkpt lat="38.746210000000005" lon="-0.29864">
    <ele>667.1400000000001</ele>
   </trkpt>
   <trkpt lat="38.746100000000006" lon="-0.29853">
    <ele>667.94</ele>
   </trkpt>
   <trkpt lat="38.745670000000004" lon="-0.29824">
    <ele>670.59</ele>
   </trkpt>
   <trkpt lat="38.745610000000006" lon="-0.29814">
    <ele>671.2</ele>
   </trkpt>
   <trkpt lat="38.745580000000004" lon="-0.29807">
    <ele>672.5000000000001</ele>
   </trkpt>
   <trkpt lat="38.74557" lon="-0.29722000000000004">
    <ele>674.34</ele>
   </trkpt>
   <trkpt lat="38.74559" lon="-0.29657">
    <ele>673.9200000000001</ele>
   </trkpt>
   <trkpt lat="38.745610000000006" lon="-0.29642">
    <ele>673.83</ele>
   </trkpt>
   <trkpt lat="38.7456" lon="-0.29624">
    <ele>673.79</ele>
   </trkpt>
   <trkpt lat="38.74557" lon="-0.29614">
    <ele>673.8400000000001</ele>
   </trkpt>
   <trkpt lat="38.745490000000004" lon="-0.29602">
    <ele>673.95</ele>
   </trkpt>
   <trkpt lat="38.74528" lon="-0.29585">
    <ele>674.58</ele>
   </trkpt>
   <trkpt lat="38.745180000000005" lon="-0.29574">
    <ele>674.9200000000001</ele>
   </trkpt>
   <trkpt lat="38.7451" lon="-0.29557">
    <ele>675.7200000000001</ele>
   </trkpt>
   <trkpt lat="38.745070000000005" lon="-0.29541">
    <ele>676.61</ele>
   </trkpt>
   <trkpt lat="38.74506" lon="-0.29528000000000004">
    <ele>678.19</ele>
   </trkpt>
   <trkpt lat="38.745070000000005" lon="-0.29513">
    <ele>678.19</ele>
   </trkpt>
   <trkpt lat="38.74532000000001" lon="-0.29414">
    <ele>683.46</ele>
   </trkpt>
   <trkpt lat="38.74542" lon="-0.29396">
    <ele>684.1</ele>
   </trkpt>
   <trkpt lat="38.74553" lon="-0.29385">
    <ele>684.57</ele>
   </trkpt>
   <trkpt lat="38.74571" lon="-0.29373000000000005">
    <ele>686.83</ele>
   </trkpt>
   <trkpt lat="38.74588" lon="-0.29368">
    <ele>686.83</ele>
   </trkpt>
   <trkpt lat="38.74676" lon="-0.29356000000000004">
    <ele>691.91</ele>
   </trkpt>
   <trkpt lat="38.746880000000004" lon="-0.29346">
    <ele>692.74</ele>
   </trkpt>
   <trkpt lat="38.747330002106224" lon="-0.2927450046201763">
    <ele>697.6000000000001</ele>
   </trkpt>
   <trkpt lat="38.747780000000006" lon="-0.29203">
    <ele>703.79</ele>
   </trkpt>
   <trkpt lat="38.74823000000001" lon="-0.29131">
    <ele>708.2600000000001</ele>
   </trkpt>
   <trkpt lat="38.748270000000005" lon="-0.29121">
    <ele>708.2600000000001</ele>
   </trkpt>
   <trkpt lat="38.74828" lon="-0.29085">
    <ele>709.1</ele>
   </trkpt>
   <trkpt lat="38.748380000000004" lon="-0.29047">
    <ele>711.34</ele>
   </trkpt>
   <trkpt lat="38.748560000000005" lon="-0.28995000000000004">
    <ele>713.82</ele>
   </trkpt>
   <trkpt lat="38.7486" lon="-0.28952">
    <ele>715.1500000000001</ele>
   </trkpt>
   <trkpt lat="38.7486" lon="-0.28890000000000005">
    <ele>717.44</ele>
   </trkpt>
   <trkpt lat="38.74846" lon="-0.28839000000000004">
    <ele>719.09</ele>
   </trkpt>
   <trkpt lat="38.74848" lon="-0.28809">
    <ele>720.3000000000001</ele>
   </trkpt>
   <trkpt lat="38.748670007375786" lon="-0.287160004915374">
    <ele>721.4</ele>
   </trkpt>
   <trkpt lat="38.748860007382916" lon="-0.28623000488056205">
    <ele>722.1800000000001</ele>
   </trkpt>
   <trkpt lat="38.749050000000004" lon="-0.2853">
    <ele>722.8000000000001</ele>
   </trkpt>
   <trkpt lat="38.74907" lon="-0.28513000000000005">
    <ele>723.2400000000001</ele>
   </trkpt>
   <trkpt lat="38.749050000000004" lon="-0.28474000000000005">
    <ele>724.5800000000002</ele>
   </trkpt>
   <trkpt lat="38.749010000000006" lon="-0.2843">
    <ele>726.43</ele>
   </trkpt>
   <trkpt lat="38.749010000000006" lon="-0.28414">
    <ele>727.21</ele>
   </trkpt>
   <trkpt lat="38.74904" lon="-0.28397">
    <ele>727.6700000000001</ele>
   </trkpt>
   <trkpt lat="38.749120000000005" lon="-0.2838">
    <ele>728.26</ele>
   </trkpt>
   <trkpt lat="38.749480000000005" lon="-0.28331">
    <ele>729.1500000000001</ele>
   </trkpt>
   <trkpt lat="38.74956" lon="-0.28314">
    <ele>729.2400000000001</ele>
   </trkpt>
   <trkpt lat="38.749570000000006" lon="-0.28301000000000004">
    <ele>729.2400000000001</ele>
   </trkpt>
   <trkpt lat="38.74954" lon="-0.28258">
    <ele>729.5100000000001</ele>
   </trkpt>
   <trkpt lat="38.74956" lon="-0.28242">
    <ele>730.0200000000001</ele>
   </trkpt>
   <trkpt lat="38.7496" lon="-0.28228000000000003">
    <ele>730.0200000000001</ele>
   </trkpt>
   <trkpt lat="38.74989" lon="-0.28192">
    <ele>730.34</ele>
   </trkpt>
   <trkpt lat="38.750150000000005" lon="-0.28148">
    <ele>730.94</ele>
   </trkpt>
   <trkpt lat="38.750310000000006" lon="-0.28130000000000005">
    <ele>731.4300000000001</ele>
   </trkpt>
   <trkpt lat="38.750440000000005" lon="-0.28119">
    <ele>731.4300000000001</ele>
   </trkpt>
   <trkpt lat="38.750550000000004" lon="-0.28097">
    <ele>732.5100000000001</ele>
   </trkpt>
   <trkpt lat="38.75059" lon="-0.28036">
    <ele>734.6600000000001</ele>
   </trkpt>
   <trkpt lat="38.75076000276865" lon="-0.2795550018785699">
    <ele>737.01</ele>
   </trkpt>
   <trkpt lat="38.750930000000004" lon="-0.27875">
    <ele>737.86</ele>
   </trkpt>
   <trkpt lat="38.751070000000006" lon="-0.27786">
    <ele>736.83</ele>
   </trkpt>
   <trkpt lat="38.751160000000006" lon="-0.27742">
    <ele>735.41</ele>
   </trkpt>
   <trkpt lat="38.751310000000004" lon="-0.27696000000000004">
    <ele>732.77</ele>
   </trkpt>
   <trkpt lat="38.75169" lon="-0.27625">
    <ele>728.4</ele>
   </trkpt>
   <trkpt lat="38.75179" lon="-0.27587">
    <ele>728.4</ele>
   </trkpt>
   <trkpt lat="38.75197" lon="-0.27504">
    <ele>722.04</ele>
   </trkpt>
   <trkpt lat="38.75204" lon="-0.27482">
    <ele>721.25</ele>
   </trkpt>
   <trkpt lat="38.75226" lon="-0.27445">
    <ele>719.57</ele>
   </trkpt>
   <trkpt lat="38.752430000000004" lon="-0.27426">
    <ele>719.1500000000001</ele>
   </trkpt>
   <trkpt lat="38.75273" lon="-0.27405">
    <ele>719.3000000000001</ele>
   </trkpt>
   <trkpt lat="38.7528" lon="-0.27393">
    <ele>719.3000000000001</ele>
   </trkpt>
   <trkpt lat="38.75282" lon="-0.27384000000000003">
    <ele>719.3000000000001</ele>
   </trkpt>
   <trkpt lat="38.75282" lon="-0.27383">
    <ele>719.31</ele>
   </trkpt>
   <trkpt lat="38.752790000000005" lon="-0.27366">
    <ele>719.26</ele>
   </trkpt>
   <trkpt lat="38.752700000000004" lon="-0.27354">
    <ele>719.1800000000001</ele>
   </trkpt>
   <trkpt lat="38.752500000000005" lon="-0.27343">
    <ele>719.5400000000001</ele>
   </trkpt>
   <trkpt lat="38.752250000000004" lon="-0.27319000000000004">
    <ele>721.0600000000001</ele>
   </trkpt>
   <trkpt lat="38.751990000000006" lon="-0.27298">
    <ele>724.11</ele>
   </trkpt>
   <trkpt lat="38.75188" lon="-0.27283">
    <ele>724.5500000000001</ele>
   </trkpt>
   <trkpt lat="38.751830000000005" lon="-0.27263000000000004">
    <ele>726.94</ele>
   </trkpt>
   <trkpt lat="38.75173" lon="-0.27153000000000005">
    <ele>726.74</ele>
   </trkpt>
   <trkpt lat="38.751740000000005" lon="-0.27108000000000004">
    <ele>725.94</ele>
   </trkpt>
   <trkpt lat="38.75173" lon="-0.27081">
    <ele>725.35</ele>
   </trkpt>
   <trkpt lat="38.7516" lon="-0.27046000000000003">
    <ele>723.89</ele>
   </trkpt>
   <trkpt lat="38.751290001820564" lon="-0.2698099972207713">
    <ele>720.25</ele>
   </trkpt>
   <trkpt lat="38.750980000000006" lon="-0.26916">
    <ele>715.8000000000001</ele>
   </trkpt>
   <trkpt lat="38.75086" lon="-0.26903000000000005">
    <ele>715.23</ele>
   </trkpt>
   <trkpt lat="38.750710000000005" lon="-0.26898">
    <ele>714.87</ele>
   </trkpt>
   <trkpt lat="38.75001500011202" lon="-0.2688799990364489">
    <ele>717.4100000000001</ele>
   </trkpt>
   <trkpt lat="38.749320000000004" lon="-0.26878">
    <ele>722.8000000000001</ele>
   </trkpt>
   <trkpt lat="38.748870000000004" lon="-0.26875000000000004">
    <ele>724.52</ele>
   </trkpt>
   <trkpt lat="38.74877" lon="-0.26876">
    <ele>725.4100000000001</ele>
   </trkpt>
   <trkpt lat="38.748670000000004" lon="-0.26882">
    <ele>726.1700000000001</ele>
   </trkpt>
   <trkpt lat="38.74857" lon="-0.26892000000000005">
    <ele>726.65</ele>
   </trkpt>
   <trkpt lat="38.74806666933929" lon="-0.26947667447972623">
    <ele>729.5</ele>
   </trkpt>
   <trkpt lat="38.747563336038475" lon="-0.2700333411103304">
    <ele>733.47</ele>
   </trkpt>
   <trkpt lat="38.747060000000005" lon="-0.27059">
    <ele>736.4300000000001</ele>
   </trkpt>
   <trkpt lat="38.74656" lon="-0.27111">
    <ele>738.5500000000001</ele>
   </trkpt>
   <trkpt lat="38.74604500251815" lon="-0.2718800055651465">
    <ele>742.84</ele>
   </trkpt>
   <trkpt lat="38.74553" lon="-0.27265">
    <ele>746.75</ele>
   </trkpt>
   <trkpt lat="38.74503" lon="-0.27326">
    <ele>749.86</ele>
   </trkpt>
   <trkpt lat="38.744820000000004" lon="-0.27344">
    <ele>750.5400000000001</ele>
   </trkpt>
   <trkpt lat="38.74435000017974" lon="-0.2737450021481114">
    <ele>751.1000000000001</ele>
   </trkpt>
   <trkpt lat="38.743880000000004" lon="-0.27405">
    <ele>751.1800000000001</ele>
   </trkpt>
   <trkpt lat="38.74382000000001" lon="-0.27414">
    <ele>751.2700000000001</ele>
   </trkpt>
   <trkpt lat="38.743660000000006" lon="-0.27449">
    <ele>751.36</ele>
   </trkpt>
   <trkpt lat="38.74351" lon="-0.27477">
    <ele>751.9300000000001</ele>
   </trkpt>
   <trkpt lat="38.74334" lon="-0.27505">
    <ele>752.4000000000001</ele>
   </trkpt>
   <trkpt lat="38.74316" lon="-0.27527">
    <ele>752.9</ele>
   </trkpt>
   <trkpt lat="38.74284" lon="-0.27548">
    <ele>753.3900000000001</ele>
   </trkpt>
   <trkpt lat="38.74232000000001" lon="-0.27571">
    <ele>753.95</ele>
   </trkpt>
   <trkpt lat="38.74181" lon="-0.27598">
    <ele>753.94</ele>
   </trkpt>
   <trkpt lat="38.741670000000006" lon="-0.27608000000000005">
    <ele>753.99</ele>
   </trkpt>
   <trkpt lat="38.74156" lon="-0.27621">
    <ele>754.32</ele>
   </trkpt>
   <trkpt lat="38.74143" lon="-0.27663000000000004">
    <ele>755.77</ele>
   </trkpt>
   <trkpt lat="38.74137" lon="-0.27675">
    <ele>755.77</ele>
   </trkpt>
   <trkpt lat="38.7413" lon="-0.27686">
    <ele>757.0400000000001</ele>
   </trkpt>
   <trkpt lat="38.740880000000004" lon="-0.27708000000000005">
    <ele>759.02</ele>
   </trkpt>
   <trkpt lat="38.74056" lon="-0.27709">
    <ele>760.5400000000001</ele>
   </trkpt>
   <trkpt lat="38.73973" lon="-0.27685000000000004">
    <ele>763.1600000000001</ele>
   </trkpt>
   <trkpt lat="38.739560000000004" lon="-0.27675">
    <ele>763.4300000000001</ele>
   </trkpt>
   <trkpt lat="38.73922" lon="-0.27647000000000005">
    <ele>764.39</ele>
   </trkpt>
   <trkpt lat="38.73906" lon="-0.2761">
    <ele>764.8000000000001</ele>
   </trkpt>
   <trkpt lat="38.738960000000006" lon="-0.27554">
    <ele>766.87</ele>
   </trkpt>
   <trkpt lat="38.738870000000006" lon="-0.27530000000000004">
    <ele>767.8000000000001</ele>
   </trkpt>
   <trkpt lat="38.73877" lon="-0.27509">
    <ele>769.5</ele>
   </trkpt>
   <trkpt lat="38.73823333624151" lon="-0.27449999107012624">
    <ele>774.0400000000001</ele>
   </trkpt>
   <trkpt lat="38.73769666951749" lon="-0.2739099910072052">
    <ele>776.96</ele>
   </trkpt>
   <trkpt lat="38.73716" lon="-0.27332">
    <ele>780.2800000000001</ele>
   </trkpt>
   <trkpt lat="38.736795000616915" lon="-0.27292999797386824">
    <ele>784.8100000000001</ele>
   </trkpt>
   <trkpt lat="38.736430000000006" lon="-0.27254">
    <ele>786.5600000000001</ele>
   </trkpt>
   <trkpt lat="38.736340000000006" lon="-0.27242">
    <ele>785.58</ele>
   </trkpt>
   <trkpt lat="38.736110000000004" lon="-0.27192">
    <ele>781.6700000000001</ele>
   </trkpt>
   <trkpt lat="38.73577" lon="-0.27109">
    <ele>776.97</ele>
   </trkpt>
   <trkpt lat="38.735380003527276" lon="-0.27017499491288155">
    <ele>772.7</ele>
   </trkpt>
   <trkpt lat="38.73499" lon="-0.26926">
    <ele>770.02</ele>
   </trkpt>
   <trkpt lat="38.734670002203096" lon="-0.26853499667098474">
    <ele>767.48</ele>
   </trkpt>
   <trkpt lat="38.734350000000006" lon="-0.26781000000000005">
    <ele>765.45</ele>
   </trkpt>
   <trkpt lat="38.734320000000004" lon="-0.26765">
    <ele>764.94</ele>
   </trkpt>
   <trkpt lat="38.734320000000004" lon="-0.26743">
    <ele>764.19</ele>
   </trkpt>
   <trkpt lat="38.734300000000005" lon="-0.26732">
    <ele>764.19</ele>
   </trkpt>
   <trkpt lat="38.734100000000005" lon="-0.26691000000000004">
    <ele>762.6</ele>
   </trkpt>
   <trkpt lat="38.73373" lon="-0.26598">
    <ele>758.85</ele>
   </trkpt>
   <trkpt lat="38.73364" lon="-0.26542000000000004">
    <ele>757.0600000000001</ele>
   </trkpt>
   <trkpt lat="38.733650000000004" lon="-0.26504">
    <ele>756.36</ele>
   </trkpt>
   <trkpt lat="38.733735001897905" lon="-0.26437500067946873">
    <ele>753.1500000000001</ele>
   </trkpt>
   <trkpt lat="38.73382" lon="-0.26371">
    <ele>750.86</ele>
   </trkpt>
   <trkpt lat="38.733830000000005" lon="-0.26308000000000004">
    <ele>748.87</ele>
   </trkpt>
   <trkpt lat="38.733880000000006" lon="-0.26248000000000005">
    <ele>746.2</ele>
   </trkpt>
   <trkpt lat="38.73396" lon="-0.26182">
    <ele>745.26</ele>
   </trkpt>
   <trkpt lat="38.734" lon="-0.26093">
    <ele>740.7600000000001</ele>
   </trkpt>
   <trkpt lat="38.73406000000001" lon="-0.26031000000000004">
    <ele>737.48</ele>
   </trkpt>
   <trkpt lat="38.73394000474328" lon="-0.2592549982495825">
    <ele>731.8800000000001</ele>
   </trkpt>
   <trkpt lat="38.73382" lon="-0.25820000000000004">
    <ele>725.0600000000001</ele>
   </trkpt>
   <trkpt lat="38.73358" lon="-0.25751">
    <ele>720.21</ele>
   </trkpt>
   <trkpt lat="38.73355" lon="-0.25738">
    <ele>720.21</ele>
   </trkpt>
   <trkpt lat="38.73355" lon="-0.25721">
    <ele>719.16</ele>
   </trkpt>
   <trkpt lat="38.733630000000005" lon="-0.25648000000000004">
    <ele>715.23</ele>
   </trkpt>
   <trkpt lat="38.73362" lon="-0.25627">
    <ele>713.77</ele>
   </trkpt>
   <trkpt lat="38.73355500198598" lon="-0.25557999892727734">
    <ele>711.44</ele>
   </trkpt>
   <trkpt lat="38.73349" lon="-0.25489">
    <ele>709.89</ele>
   </trkpt>
   <trkpt lat="38.73344" lon="-0.25472">
    <ele>709.47</ele>
   </trkpt>
   <trkpt lat="38.733380000000004" lon="-0.25460000000000005">
    <ele>709.47</ele>
   </trkpt>
   <trkpt lat="38.73335" lon="-0.25444">
    <ele>709.0600000000001</ele>
   </trkpt>
   <trkpt lat="38.733360000000005" lon="-0.25422">
    <ele>708.19</ele>
   </trkpt>
   <trkpt lat="38.73342" lon="-0.25399">
    <ele>706.8100000000001</ele>
   </trkpt>
   <trkpt lat="38.733470000000004" lon="-0.25361">
    <ele>705.13</ele>
   </trkpt>
   <trkpt lat="38.733430000000006" lon="-0.25255">
    <ele>702.2600000000001</ele>
   </trkpt>
   <trkpt lat="38.73348" lon="-0.25233">
    <ele>701.6800000000001</ele>
   </trkpt>
   <trkpt lat="38.73359000000001" lon="-0.25203000000000003">
    <ele>700.2100000000002</ele>
   </trkpt>
   <trkpt lat="38.733670000000004" lon="-0.25177">
    <ele>699.73</ele>
   </trkpt>
   <trkpt lat="38.73369" lon="-0.25144">
    <ele>699.34</ele>
   </trkpt>
   <trkpt lat="38.73362" lon="-0.25122">
    <ele>699.03</ele>
   </trkpt>
   <trkpt lat="38.73353" lon="-0.25110000000000005">
    <ele>698.5600000000001</ele>
   </trkpt>
   <trkpt lat="38.733250000000005" lon="-0.25083">
    <ele>696.7800000000001</ele>
   </trkpt>
   <trkpt lat="38.73321" lon="-0.25076000000000004">
    <ele>696.59</ele>
   </trkpt>
   <trkpt lat="38.73318000197851" lon="-0.2500799999184119">
    <ele>694.8100000000001</ele>
   </trkpt>
   <trkpt lat="38.73315" lon="-0.2494">
    <ele>693.5100000000001</ele>
   </trkpt>
   <trkpt lat="38.73301" lon="-0.2484">
    <ele>687.9200000000001</ele>
   </trkpt>
   <trkpt lat="38.73283" lon="-0.24793">
    <ele>685.6800000000001</ele>
   </trkpt>
   <trkpt lat="38.73275" lon="-0.24721">
    <ele>682.25</ele>
   </trkpt>
   <trkpt lat="38.732940000000006" lon="-0.24635">
    <ele>680.42</ele>
   </trkpt>
   <trkpt lat="38.732910000000004" lon="-0.24618">
    <ele>680.42</ele>
   </trkpt>
   <trkpt lat="38.73286" lon="-0.24611000000000002">
    <ele>680.3800000000001</ele>
   </trkpt>
   <trkpt lat="38.73257" lon="-0.24593">
    <ele>679.8000000000001</ele>
   </trkpt>
   <trkpt lat="38.73243" lon="-0.24563000000000001">
    <ele>679.47</ele>
   </trkpt>
   <trkpt lat="38.732420000000005" lon="-0.24549">
    <ele>678.83</ele>
   </trkpt>
   <trkpt lat="38.73244000182891" lon="-0.2448350001322436">
    <ele>678.34</ele>
   </trkpt>
   <trkpt lat="38.73246" lon="-0.24418">
    <ele>677.9300000000001</ele>
   </trkpt>
   <trkpt lat="38.732420000000005" lon="-0.24379">
    <ele>677.42</ele>
   </trkpt>
   <trkpt lat="38.732420000000005" lon="-0.24366000000000002">
    <ele>677.2800000000001</ele>
   </trkpt>
   <trkpt lat="38.73246" lon="-0.24352000000000001">
    <ele>677.3100000000001</ele>
   </trkpt>
   <trkpt lat="38.732600000000005" lon="-0.24338">
    <ele>677.6600000000001</ele>
   </trkpt>
   <trkpt lat="38.732670000000006" lon="-0.24327000000000001">
    <ele>677.6600000000001</ele>
   </trkpt>
   <trkpt lat="38.732690000000005" lon="-0.24316000000000002">
    <ele>677.7</ele>
   </trkpt>
   <trkpt lat="38.73266" lon="-0.24296">
    <ele>677.64</ele>
   </trkpt>
   <trkpt lat="38.732580000000006" lon="-0.24274">
    <ele>677.3800000000001</ele>
   </trkpt>
   <trkpt lat="38.73239" lon="-0.24249">
    <ele>676.46</ele>
   </trkpt>
   <trkpt lat="38.7323" lon="-0.24235">
    <ele>675.8000000000001</ele>
   </trkpt>
   <trkpt lat="38.732200000000006" lon="-0.24205000000000002">
    <ele>674.2900000000001</ele>
   </trkpt>
   <trkpt lat="38.73216" lon="-0.24196">
    <ele>672.82</ele>
   </trkpt>
   <trkpt lat="38.731930000000006" lon="-0.24168">
    <ele>671.2</ele>
   </trkpt>
   <trkpt lat="38.73189" lon="-0.24157">
    <ele>670.76</ele>
   </trkpt>
   <trkpt lat="38.731860000000005" lon="-0.24144000000000002">
    <ele>670.36</ele>
   </trkpt>
   <trkpt lat="38.73187" lon="-0.24055">
    <ele>668.12</ele>
   </trkpt>
   <trkpt lat="38.7319" lon="-0.2403">
    <ele>667.5600000000001</ele>
   </trkpt>
   <trkpt lat="38.73220000448508" lon="-0.23927500426996284">
    <ele>664.1400000000001</ele>
   </trkpt>
   <trkpt lat="38.7325" lon="-0.23825000000000002">
    <ele>661.1</ele>
   </trkpt>
   <trkpt lat="38.732580000000006" lon="-0.23769">
    <ele>659.39</ele>
   </trkpt>
   <trkpt lat="38.73272" lon="-0.23733">
    <ele>658.8000000000001</ele>
   </trkpt>
   <trkpt lat="38.73275" lon="-0.23716">
    <ele>657.95</ele>
   </trkpt>
   <trkpt lat="38.732730000000004" lon="-0.23674">
    <ele>657.6700000000001</ele>
   </trkpt>
   <trkpt lat="38.732610001876346" lon="-0.23607499884275307">
    <ele>656.58</ele>
   </trkpt>
   <trkpt lat="38.732490000000006" lon="-0.23541">
    <ele>654.6700000000001</ele>
   </trkpt>
   <trkpt lat="38.73246" lon="-0.23492000000000002">
    <ele>653.73</ele>
   </trkpt>
   <trkpt lat="38.7325" lon="-0.23450000000000001">
    <ele>649.82</ele>
   </trkpt>
   <trkpt lat="38.7325" lon="-0.234">
    <ele>647.5200000000001</ele>
   </trkpt>
   <trkpt lat="38.73246" lon="-0.23319">
    <ele>645.4300000000001</ele>
   </trkpt>
   <trkpt lat="38.732440000000004" lon="-0.23306000000000002">
    <ele>645.09</ele>
   </trkpt>
   <trkpt lat="38.732330000000005" lon="-0.23281000000000002">
    <ele>644.87</ele>
   </trkpt>
   <trkpt lat="38.73217" lon="-0.23261">
    <ele>644.78</ele>
   </trkpt>
   <trkpt lat="38.731860000000005" lon="-0.23239">
    <ele>644.6800000000001</ele>
   </trkpt>
   <trkpt lat="38.731320000000004" lon="-0.23216">
    <ele>642.9800000000001</ele>
   </trkpt>
   <trkpt lat="38.731120000000004" lon="-0.232">
    <ele>642.4000000000001</ele>
   </trkpt>
   <trkpt lat="38.73082" lon="-0.23162000000000002">
    <ele>638.7600000000001</ele>
   </trkpt>
   <trkpt lat="38.730740000000004" lon="-0.23153">
    <ele>637.99</ele>
   </trkpt>
   <trkpt lat="38.73004" lon="-0.23092000000000001">
    <ele>633.62</ele>
   </trkpt>
   <trkpt lat="38.729940000000006" lon="-0.23075">
    <ele>632.95</ele>
   </trkpt>
   <trkpt lat="38.72993" lon="-0.23064">
    <ele>632.4000000000001</ele>
   </trkpt>
   <trkpt lat="38.72997" lon="-0.23047">
    <ele>630.9</ele>
   </trkpt>
   <trkpt lat="38.73026" lon="-0.23002000000000003">
    <ele>630.07</ele>
   </trkpt>
   <trkpt lat="38.730320000000006" lon="-0.22986">
    <ele>630.09</ele>
   </trkpt>
   <trkpt lat="38.73039" lon="-0.22975">
    <ele>630.1600000000001</ele>
   </trkpt>
   <trkpt lat="38.73055" lon="-0.22959000000000002">
    <ele>630.26</ele>
   </trkpt>
   <trkpt lat="38.73059000000001" lon="-0.2295">
    <ele>630.4900000000001</ele>
   </trkpt>
   <trkpt lat="38.73058" lon="-0.22936">
    <ele>631.27</ele>
   </trkpt>
   <trkpt lat="38.730500000000006" lon="-0.22911">
    <ele>632.46</ele>
   </trkpt>
   <trkpt lat="38.73028" lon="-0.22861">
    <ele>635.9100000000001</ele>
   </trkpt>
   <trkpt lat="38.730180000000004" lon="-0.22848000000000002">
    <ele>637.51</ele>
   </trkpt>
   <trkpt lat="38.729850000000006" lon="-0.22823000000000002">
    <ele>641.96</ele>
   </trkpt>
   <trkpt lat="38.72972" lon="-0.22811">
    <ele>642.61</ele>
   </trkpt>
   <trkpt lat="38.72957" lon="-0.22792">
    <ele>643.7700000000001</ele>
   </trkpt>
   <trkpt lat="38.729490000000006" lon="-0.22772">
    <ele>644.27</ele>
   </trkpt>
   <trkpt lat="38.72945" lon="-0.22759000000000001">
    <ele>644.71</ele>
   </trkpt>
   <trkpt lat="38.72939" lon="-0.22709000000000001">
    <ele>644.99</ele>
   </trkpt>
   <trkpt lat="38.72932" lon="-0.22675">
    <ele>645.34</ele>
   </trkpt>
   <trkpt lat="38.729330000000004" lon="-0.22661">
    <ele>645.34</ele>
   </trkpt>
   <trkpt lat="38.72937" lon="-0.2265">
    <ele>645.35</ele>
   </trkpt>
   <trkpt lat="38.729710000000004" lon="-0.22590000000000002">
    <ele>645.3199999999999</ele>
   </trkpt>
   <trkpt lat="38.72979" lon="-0.22573000000000001">
    <ele>645.54</ele>
   </trkpt>
   <trkpt lat="38.72984" lon="-0.22548">
    <ele>646.33</ele>
   </trkpt>
   <trkpt lat="38.72984" lon="-0.22536">
    <ele>646.58</ele>
   </trkpt>
   <trkpt lat="38.729800000000004" lon="-0.22523">
    <ele>647.5000000000001</ele>
   </trkpt>
   <trkpt lat="38.729690000000005" lon="-0.22503">
    <ele>648.6200000000001</ele>
   </trkpt>
   <trkpt lat="38.729530000000004" lon="-0.22487000000000001">
    <ele>651.45</ele>
   </trkpt>
   <trkpt lat="38.729380000000006" lon="-0.22462000000000001">
    <ele>653.19</ele>
   </trkpt>
   <trkpt lat="38.729330000000004" lon="-0.2245">
    <ele>653.8000000000001</ele>
   </trkpt>
   <trkpt lat="38.729290000000006" lon="-0.22393000000000002">
    <ele>656.24</ele>
   </trkpt>
   <trkpt lat="38.72923" lon="-0.22368000000000002">
    <ele>657.39</ele>
   </trkpt>
   <trkpt lat="38.72916" lon="-0.22359">
    <ele>657.9200000000001</ele>
   </trkpt>
   <trkpt lat="38.728680000000004" lon="-0.22312">
    <ele>659.34</ele>
   </trkpt>
   <trkpt lat="38.72845" lon="-0.22298">
    <ele>659.98</ele>
   </trkpt>
   <trkpt lat="38.727810000000005" lon="-0.22268000000000002">
    <ele>661.0600000000001</ele>
   </trkpt>
   <trkpt lat="38.7276" lon="-0.22262">
    <ele>661.6800000000001</ele>
   </trkpt>
   <trkpt lat="38.72746" lon="-0.22262">
    <ele>662.25</ele>
   </trkpt>
   <trkpt lat="38.72664" lon="-0.2227">
    <ele>666.6200000000001</ele>
   </trkpt>
   <trkpt lat="38.726530000000004" lon="-0.22267">
    <ele>666.7900000000001</ele>
   </trkpt>
   <trkpt lat="38.72646" lon="-0.22259">
    <ele>667.37</ele>
   </trkpt>
   <trkpt lat="38.726420000000005" lon="-0.22251">
    <ele>667.5300000000001</ele>
   </trkpt>
   <trkpt lat="38.726400000000005" lon="-0.22237">
    <ele>668.15</ele>
   </trkpt>
   <trkpt lat="38.7265" lon="-0.22198">
    <ele>669.8100000000001</ele>
   </trkpt>
   <trkpt lat="38.726510000000005" lon="-0.22187">
    <ele>670.73</ele>
   </trkpt>
   <trkpt lat="38.726490000000005" lon="-0.22176">
    <ele>671.3100000000001</ele>
   </trkpt>
   <trkpt lat="38.726200000000006" lon="-0.22107000000000002">
    <ele>673.6500000000001</ele>
   </trkpt>
   <trkpt lat="38.726110000000006" lon="-0.22098">
    <ele>673.6800000000001</ele>
   </trkpt>
   <trkpt lat="38.726020000000005" lon="-0.22093000000000002">
    <ele>673.5600000000001</ele>
   </trkpt>
   <trkpt lat="38.72571000000001" lon="-0.22101">
    <ele>672.1400000000001</ele>
   </trkpt>
   <trkpt lat="38.72558" lon="-0.22101">
    <ele>670.88</ele>
   </trkpt>
   <trkpt lat="38.725350000000006" lon="-0.22096000000000002">
    <ele>668.9000000000001</ele>
   </trkpt>
   <trkpt lat="38.72511" lon="-0.22084">
    <ele>668.3800000000001</ele>
   </trkpt>
   <trkpt lat="38.725030000000004" lon="-0.22076">
    <ele>667.9300000000001</ele>
   </trkpt>
   <trkpt lat="38.724990000000005" lon="-0.22067">
    <ele>667.5300000000001</ele>
   </trkpt>
   <trkpt lat="38.724970000000006" lon="-0.22056">
    <ele>666.82</ele>
   </trkpt>
   <trkpt lat="38.725" lon="-0.22029">
    <ele>665.9300000000001</ele>
   </trkpt>
   <trkpt lat="38.724990000000005" lon="-0.22015">
    <ele>665.4100000000001</ele>
   </trkpt>
   <trkpt lat="38.724900000000005" lon="-0.21967">
    <ele>662.99</ele>
   </trkpt>
   <trkpt lat="38.724940000000004" lon="-0.21881">
    <ele>661.1600000000001</ele>
   </trkpt>
   <trkpt lat="38.724900000000005" lon="-0.21873">
    <ele>661.1600000000001</ele>
   </trkpt>
   <trkpt lat="38.724810000000005" lon="-0.21864000000000003">
    <ele>661.0500000000001</ele>
   </trkpt>
   <trkpt lat="38.72451" lon="-0.21849000000000002">
    <ele>661.2</ele>
   </trkpt>
   <trkpt lat="38.72444" lon="-0.21843">
    <ele>661.22</ele>
   </trkpt>
   <trkpt lat="38.72439" lon="-0.21832000000000001">
    <ele>661.15</ele>
   </trkpt>
   <trkpt lat="38.724360000000004" lon="-0.2182">
    <ele>660.96</ele>
   </trkpt>
   <trkpt lat="38.7244" lon="-0.21773">
    <ele>659.5600000000001</ele>
   </trkpt>
   <trkpt lat="38.724430000000005" lon="-0.21762">
    <ele>658.08</ele>
   </trkpt>
   <trkpt lat="38.72473" lon="-0.21715">
    <ele>656.58</ele>
   </trkpt>
   <trkpt lat="38.7248" lon="-0.2169">
    <ele>656.21</ele>
   </trkpt>
   <trkpt lat="38.7248" lon="-0.21682">
    <ele>656.1</ele>
   </trkpt>
   <trkpt lat="38.72477000000001" lon="-0.21671">
    <ele>655.81</ele>
   </trkpt>
   <trkpt lat="38.72469" lon="-0.21662">
    <ele>655.44</ele>
   </trkpt>
   <trkpt lat="38.724590000000006" lon="-0.21659">
    <ele>654.61</ele>
   </trkpt>
   <trkpt lat="38.72448" lon="-0.21663000000000002">
    <ele>654.2300000000001</ele>
   </trkpt>
   <trkpt lat="38.72439" lon="-0.21671">
    <ele>653.9</ele>
   </trkpt>
   <trkpt lat="38.724090000000004" lon="-0.21713000000000002">
    <ele>653.0600000000001</ele>
   </trkpt>
   <trkpt lat="38.72383000000001" lon="-0.21776">
    <ele>652.78</ele>
   </trkpt>
   <trkpt lat="38.7237" lon="-0.21795">
    <ele>652.44</ele>
   </trkpt>
   <trkpt lat="38.72354" lon="-0.21809">
    <ele>651.75</ele>
   </trkpt>
   <trkpt lat="38.723470000000006" lon="-0.21812">
    <ele>651.42</ele>
   </trkpt>
   <trkpt lat="38.72341" lon="-0.21812">
    <ele>651.42</ele>
   </trkpt>
   <trkpt lat="38.72334" lon="-0.21809">
    <ele>651.42</ele>
   </trkpt>
   <trkpt lat="38.72326" lon="-0.21804">
    <ele>650.5000000000001</ele>
   </trkpt>
   <trkpt lat="38.723200000000006" lon="-0.21795">
    <ele>650.15</ele>
   </trkpt>
   <trkpt lat="38.72316" lon="-0.21784">
    <ele>649.84</ele>
   </trkpt>
   <trkpt lat="38.723090000000006" lon="-0.21712">
    <ele>649.07</ele>
   </trkpt>
   <trkpt lat="38.723060000000004" lon="-0.21699000000000002">
    <ele>648.9100000000001</ele>
   </trkpt>
   <trkpt lat="38.72299" lon="-0.21693">
    <ele>648.81</ele>
   </trkpt>
   <trkpt lat="38.722910000000006" lon="-0.21687">
    <ele>648.69</ele>
   </trkpt>
   <trkpt lat="38.72269" lon="-0.21688000000000002">
    <ele>647.9</ele>
   </trkpt>
   <trkpt lat="38.7226" lon="-0.21687">
    <ele>647.75</ele>
   </trkpt>
   <trkpt lat="38.72251" lon="-0.21682">
    <ele>647.7700000000001</ele>
   </trkpt>
   <trkpt lat="38.722460000000005" lon="-0.21671">
    <ele>647.88</ele>
   </trkpt>
   <trkpt lat="38.722440000000006" lon="-0.21632">
    <ele>648.21</ele>
   </trkpt>
   <trkpt lat="38.72245" lon="-0.21607">
    <ele>648.46</ele>
   </trkpt>
   <trkpt lat="38.72251" lon="-0.21562">
    <ele>649.34</ele>
   </trkpt>
   <trkpt lat="38.722480000000004" lon="-0.21549000000000001">
    <ele>649.3800000000001</ele>
   </trkpt>
   <trkpt lat="38.722170000000006" lon="-0.21495000000000003">
    <ele>649.2800000000001</ele>
   </trkpt>
   <trkpt lat="38.72214" lon="-0.21473">
    <ele>649.27</ele>
   </trkpt>
   <trkpt lat="38.722170000000006" lon="-0.21462">
    <ele>649.17</ele>
   </trkpt>
   <trkpt lat="38.722390000000004" lon="-0.21421">
    <ele>649.09</ele>
   </trkpt>
   <trkpt lat="38.72242" lon="-0.21399">
    <ele>648.75</ele>
   </trkpt>
   <trkpt lat="38.72243" lon="-0.21352000000000002">
    <ele>648.26</ele>
   </trkpt>
   <trkpt lat="38.722480000000004" lon="-0.21335">
    <ele>648.26</ele>
   </trkpt>
   <trkpt lat="38.72279" lon="-0.21318">
    <ele>648.3000000000001</ele>
   </trkpt>
   <trkpt lat="38.7229" lon="-0.21296">
    <ele>648.4200000000001</ele>
   </trkpt>
   <trkpt lat="38.723040000000005" lon="-0.21274">
    <ele>648.94</ele>
   </trkpt>
   <trkpt lat="38.723220000000005" lon="-0.21255000000000002">
    <ele>649.0600000000001</ele>
   </trkpt>
   <trkpt lat="38.7235" lon="-0.21235">
    <ele>649.0300000000001</ele>
   </trkpt>
   <trkpt lat="38.723600000000005" lon="-0.21224">
    <ele>648.75</ele>
   </trkpt>
   <trkpt lat="38.72374000000001" lon="-0.21204">
    <ele>648.6200000000001</ele>
   </trkpt>
   <trkpt lat="38.72384" lon="-0.21179">
    <ele>648.4300000000001</ele>
   </trkpt>
   <trkpt lat="38.724000000000004" lon="-0.21121">
    <ele>647.49</ele>
   </trkpt>
   <trkpt lat="38.72413" lon="-0.21022000000000002">
    <ele>646.72</ele>
   </trkpt>
   <trkpt lat="38.724410000000006" lon="-0.20956000000000002">
    <ele>646.6400000000001</ele>
   </trkpt>
   <trkpt lat="38.72448" lon="-0.20935">
    <ele>646.6500000000001</ele>
   </trkpt>
   <trkpt lat="38.724540000000005" lon="-0.2091">
    <ele>646.73</ele>
   </trkpt>
   <trkpt lat="38.72457" lon="-0.20888">
    <ele>646.57</ele>
   </trkpt>
   <trkpt lat="38.72455" lon="-0.20872000000000002">
    <ele>646.27</ele>
   </trkpt>
   <trkpt lat="38.72451" lon="-0.20858000000000002">
    <ele>646.0600000000001</ele>
   </trkpt>
   <trkpt lat="38.724340000000005" lon="-0.20846">
    <ele>644.49</ele>
   </trkpt>
   <trkpt lat="38.72429" lon="-0.20846">
    <ele>644.49</ele>
   </trkpt>
   <trkpt lat="38.724120000000006" lon="-0.20852">
    <ele>643.95</ele>
   </trkpt>
   <trkpt lat="38.723580000000005" lon="-0.20908000000000002">
    <ele>641.57</ele>
   </trkpt>
   <trkpt lat="38.72325" lon="-0.20963">
    <ele>638.1</ele>
   </trkpt>
   <trkpt lat="38.723130000000005" lon="-0.20974">
    <ele>634.9800000000001</ele>
   </trkpt>
   <trkpt lat="38.72274" lon="-0.21007">
    <ele>632.39</ele>
   </trkpt>
   <trkpt lat="38.722480000000004" lon="-0.21018">
    <ele>630.97</ele>
   </trkpt>
   <trkpt lat="38.72205" lon="-0.21027">
    <ele>627.14</ele>
   </trkpt>
   <trkpt lat="38.721610000000005" lon="-0.21013">
    <ele>622.44</ele>
   </trkpt>
   <trkpt lat="38.72129" lon="-0.21007">
    <ele>620.0</ele>
   </trkpt>
   <trkpt lat="38.72086" lon="-0.20977">
    <ele>616.8100000000001</ele>
   </trkpt>
   <trkpt lat="38.72079" lon="-0.20963">
    <ele>615.5400000000001</ele>
   </trkpt>
   <trkpt lat="38.72079" lon="-0.20949">
    <ele>615.5400000000001</ele>
   </trkpt>
   <trkpt lat="38.720850000000006" lon="-0.20935">
    <ele>613.24</ele>
   </trkpt>
   <trkpt lat="38.720940000000006" lon="-0.20927">
    <ele>612.4000000000001</ele>
   </trkpt>
   <trkpt lat="38.721090000000004" lon="-0.20921">
    <ele>610.98</ele>
   </trkpt>
   <trkpt lat="38.721610000000005" lon="-0.20941">
    <ele>608.0600000000001</ele>
   </trkpt>
   <trkpt lat="38.721680000000006" lon="-0.20941">
    <ele>607.4000000000001</ele>
   </trkpt>
   <trkpt lat="38.72175" lon="-0.20932">
    <ele>606.57</ele>
   </trkpt>
   <trkpt lat="38.72177000000001" lon="-0.20924">
    <ele>605.1899999999999</ele>
   </trkpt>
   <trkpt lat="38.721700000000006" lon="-0.20866">
    <ele>602.37</ele>
   </trkpt>
   <trkpt lat="38.72167" lon="-0.20855">
    <ele>601.9000000000001</ele>
   </trkpt>
   <trkpt lat="38.7216" lon="-0.20846">
    <ele>601.25</ele>
   </trkpt>
   <trkpt lat="38.72151" lon="-0.20843">
    <ele>600.75</ele>
   </trkpt>
   <trkpt lat="38.7214" lon="-0.20849">
    <ele>599.53</ele>
   </trkpt>
   <trkpt lat="38.72117" lon="-0.20866">
    <ele>598.71</ele>
   </trkpt>
   <trkpt lat="38.72111" lon="-0.20868">
    <ele>598.71</ele>
   </trkpt>
   <trkpt lat="38.72101" lon="-0.20866">
    <ele>598.5</ele>
   </trkpt>
   <trkpt lat="38.72088" lon="-0.2086">
    <ele>598.24</ele>
   </trkpt>
   <trkpt lat="38.72082" lon="-0.20849">
    <ele>597.35</ele>
   </trkpt>
   <trkpt lat="38.72061" lon="-0.20782">
    <ele>594.6600000000001</ele>
   </trkpt>
   <trkpt lat="38.720600000000005" lon="-0.20766">
    <ele>594.62</ele>
   </trkpt>
   <trkpt lat="38.720670000000005" lon="-0.20736000000000002">
    <ele>594.48</ele>
   </trkpt>
   <trkpt lat="38.72083000000001" lon="-0.2071">
    <ele>593.55</ele>
   </trkpt>
   <trkpt lat="38.721120000000006" lon="-0.20682">
    <ele>591.25</ele>
   </trkpt>
   <trkpt lat="38.72164" lon="-0.20614000000000002">
    <ele>587.3000000000001</ele>
   </trkpt>
   <trkpt lat="38.72178" lon="-0.20600000000000002">
    <ele>586.92</ele>
   </trkpt>
   <trkpt lat="38.72193" lon="-0.20593000000000003">
    <ele>586.3000000000001</ele>
   </trkpt>
   <trkpt lat="38.722370000000005" lon="-0.20597000000000001">
    <ele>582.08</ele>
   </trkpt>
   <trkpt lat="38.72251" lon="-0.20596">
    <ele>582.08</ele>
   </trkpt>
   <trkpt lat="38.722660000000005" lon="-0.20589000000000002">
    <ele>581.19</ele>
   </trkpt>
   <trkpt lat="38.722840000000005" lon="-0.20577">
    <ele>580.16</ele>
   </trkpt>
   <trkpt lat="38.7229" lon="-0.20569">
    <ele>579.04</ele>
   </trkpt>
   <trkpt lat="38.72294" lon="-0.20555">
    <ele>579.04</ele>
   </trkpt>
   <trkpt lat="38.722930000000005" lon="-0.2053">
    <ele>577.8000000000001</ele>
   </trkpt>
   <trkpt lat="38.72280000000001" lon="-0.20508">
    <ele>576.79</ele>
   </trkpt>
   <trkpt lat="38.72269" lon="-0.20496">
    <ele>576.3900000000001</ele>
   </trkpt>
   <trkpt lat="38.72251" lon="-0.20483">
    <ele>576.04</ele>
   </trkpt>
   <trkpt lat="38.722440000000006" lon="-0.20483">
    <ele>575.86</ele>
   </trkpt>
   <trkpt lat="38.722370000000005" lon="-0.20483">
    <ele>575.7800000000001</ele>
   </trkpt>
   <trkpt lat="38.72214" lon="-0.20491">
    <ele>575.69</ele>
   </trkpt>
   <trkpt lat="38.72202" lon="-0.20494">
    <ele>575.7</ele>
   </trkpt>
   <trkpt lat="38.72186000000001" lon="-0.20486000000000001">
    <ele>575.88</ele>
   </trkpt>
   <trkpt lat="38.72175" lon="-0.20475000000000002">
    <ele>576.2</ele>
   </trkpt>
   <trkpt lat="38.72169" lon="-0.20463">
    <ele>576.2</ele>
   </trkpt>
   <trkpt lat="38.721700000000006" lon="-0.20449">
    <ele>576.2</ele>
   </trkpt>
   <trkpt lat="38.72187" lon="-0.20406000000000002">
    <ele>577.8199999999999</ele>
   </trkpt>
   <trkpt lat="38.722100000000005" lon="-0.20358">
    <ele>577.5300000000001</ele>
   </trkpt>
   <trkpt lat="38.7226" lon="-0.20322">
    <ele>575.4200000000001</ele>
   </trkpt>
   <trkpt lat="38.72300500111374" lon="-0.2027200027733445">
    <ele>572.59</ele>
   </trkpt>
   <trkpt lat="38.72341" lon="-0.20222">
    <ele>568.8199999999999</ele>
   </trkpt>
   <trkpt lat="38.723470000000006" lon="-0.20211">
    <ele>568.8199999999999</ele>
   </trkpt>
   <trkpt lat="38.72361" lon="-0.20122">
    <ele>565.19</ele>
   </trkpt>
   <trkpt lat="38.72368" lon="-0.20102">
    <ele>564.5400000000001</ele>
   </trkpt>
   <trkpt lat="38.72383000000001" lon="-0.20075">
    <ele>563.44</ele>
   </trkpt>
   <trkpt lat="38.72393" lon="-0.20061">
    <ele>562.74</ele>
   </trkpt>
   <trkpt lat="38.724000000000004" lon="-0.20056000000000002">
    <ele>562.38</ele>
   </trkpt>
   <trkpt lat="38.724050000000005" lon="-0.20056000000000002">
    <ele>562.16</ele>
   </trkpt>
   <trkpt lat="38.724160000000005" lon="-0.20061">
    <ele>561.6600000000001</ele>
   </trkpt>
   <trkpt lat="38.724340000000005" lon="-0.20086">
    <ele>560.2600000000001</ele>
   </trkpt>
   <trkpt lat="38.72462" lon="-0.2013">
    <ele>557.47</ele>
   </trkpt>
   <trkpt lat="38.724680000000006" lon="-0.20136">
    <ele>557.47</ele>
   </trkpt>
   <trkpt lat="38.72473" lon="-0.20136">
    <ele>556.79</ele>
   </trkpt>
   <trkpt lat="38.72489" lon="-0.20133">
    <ele>555.62</ele>
   </trkpt>
   <trkpt lat="38.72502" lon="-0.20127">
    <ele>555.62</ele>
   </trkpt>
   <trkpt lat="38.725120000000004" lon="-0.20113">
    <ele>554.5500000000001</ele>
   </trkpt>
   <trkpt lat="38.725120000000004" lon="-0.20102">
    <ele>554.23</ele>
   </trkpt>
   <trkpt lat="38.724970000000006" lon="-0.20056000000000002">
    <ele>550.9300000000001</ele>
   </trkpt>
   <trkpt lat="38.72482" lon="-0.19977">
    <ele>547.5300000000001</ele>
   </trkpt>
   <trkpt lat="38.72448" lon="-0.19894">
    <ele>544.95</ele>
   </trkpt>
   <trkpt lat="38.724430000000005" lon="-0.19878">
    <ele>544.0500000000001</ele>
   </trkpt>
   <trkpt lat="38.72442" lon="-0.19869">
    <ele>543.6700000000001</ele>
   </trkpt>
   <trkpt lat="38.724450000000004" lon="-0.19858">
    <ele>543.0600000000001</ele>
   </trkpt>
   <trkpt lat="38.724540000000005" lon="-0.19845000000000002">
    <ele>543.0600000000001</ele>
   </trkpt>
   <trkpt lat="38.724940000000004" lon="-0.19816">
    <ele>540.9000000000001</ele>
   </trkpt>
   <trkpt lat="38.72513" lon="-0.19805">
    <ele>539.44</ele>
   </trkpt>
   <trkpt lat="38.72538" lon="-0.19795000000000001">
    <ele>538.8900000000001</ele>
   </trkpt>
   <trkpt lat="38.725460000000005" lon="-0.19787000000000002">
    <ele>538.46</ele>
   </trkpt>
   <trkpt lat="38.725500000000004" lon="-0.1978">
    <ele>538.46</ele>
   </trkpt>
   <trkpt lat="38.72554" lon="-0.19766">
    <ele>537.09</ele>
   </trkpt>
   <trkpt lat="38.725530000000006" lon="-0.19742">
    <ele>536.3800000000001</ele>
   </trkpt>
   <trkpt lat="38.725460000000005" lon="-0.1973">
    <ele>536.3800000000001</ele>
   </trkpt>
   <trkpt lat="38.725370000000005" lon="-0.19723000000000002">
    <ele>535.1600000000001</ele>
   </trkpt>
   <trkpt lat="38.72498" lon="-0.19717">
    <ele>533.83</ele>
   </trkpt>
   <trkpt lat="38.72478" lon="-0.19717">
    <ele>533.64</ele>
   </trkpt>
   <trkpt lat="38.724050000000005" lon="-0.19729000000000002">
    <ele>532.7900000000001</ele>
   </trkpt>
   <trkpt lat="38.723910000000004" lon="-0.19729000000000002">
    <ele>532.83</ele>
   </trkpt>
   <trkpt lat="38.723800000000004" lon="-0.19726000000000002">
    <ele>532.83</ele>
   </trkpt>
   <trkpt lat="38.72339" lon="-0.19705">
    <ele>532.6700000000001</ele>
   </trkpt>
   <trkpt lat="38.72328" lon="-0.19697">
    <ele>532.6700000000001</ele>
   </trkpt>
   <trkpt lat="38.72316" lon="-0.19683">
    <ele>532.6500000000001</ele>
   </trkpt>
   <trkpt lat="38.72305" lon="-0.19653">
    <ele>532.73</ele>
   </trkpt>
   <trkpt lat="38.72298" lon="-0.19644">
    <ele>532.7</ele>
   </trkpt>
   <trkpt lat="38.72292" lon="-0.19642">
    <ele>532.7</ele>
   </trkpt>
   <trkpt lat="38.722820000000006" lon="-0.19639">
    <ele>532.6</ele>
   </trkpt>
   <trkpt lat="38.72269" lon="-0.19642">
    <ele>532.57</ele>
   </trkpt>
   <trkpt lat="38.7222" lon="-0.19666000000000003">
    <ele>532.63</ele>
   </trkpt>
   <trkpt lat="38.72198" lon="-0.19672">
    <ele>532.33</ele>
   </trkpt>
   <trkpt lat="38.721560000000004" lon="-0.19661">
    <ele>532.49</ele>
   </trkpt>
   <trkpt lat="38.721450000000004" lon="-0.19653">
    <ele>532.51</ele>
   </trkpt>
   <trkpt lat="38.72142" lon="-0.19640000000000002">
    <ele>532.51</ele>
   </trkpt>
   <trkpt lat="38.721430000000005" lon="-0.19628">
    <ele>532.4000000000001</ele>
   </trkpt>
   <trkpt lat="38.72151" lon="-0.19607000000000002">
    <ele>532.37</ele>
   </trkpt>
   <trkpt lat="38.72153" lon="-0.19603">
    <ele>532.33</ele>
   </trkpt>
   <trkpt lat="38.721610000000005" lon="-0.19593000000000002">
    <ele>532.33</ele>
   </trkpt>
   <trkpt lat="38.72171" lon="-0.19592">
    <ele>532.54</ele>
   </trkpt>
   <trkpt lat="38.72196" lon="-0.19592">
    <ele>533.1</ele>
   </trkpt>
   <trkpt lat="38.722680000000004" lon="-0.19564">
    <ele>535.79</ele>
   </trkpt>
   <trkpt lat="38.722820000000006" lon="-0.19553">
    <ele>537.39</ele>
   </trkpt>
   <trkpt lat="38.723290000000006" lon="-0.19506">
    <ele>539.2</ele>
   </trkpt>
   <trkpt lat="38.72339" lon="-0.195">
    <ele>539.64</ele>
   </trkpt>
   <trkpt lat="38.723530000000004" lon="-0.19496000000000002">
    <ele>539.85</ele>
   </trkpt>
   <trkpt lat="38.72421000000001" lon="-0.19506">
    <ele>537.5000000000001</ele>
   </trkpt>
   <trkpt lat="38.724320000000006" lon="-0.19511">
    <ele>537.24</ele>
   </trkpt>
   <trkpt lat="38.72455" lon="-0.19531">
    <ele>536.42</ele>
   </trkpt>
   <trkpt lat="38.72478" lon="-0.19540000000000002">
    <ele>535.9900000000001</ele>
   </trkpt>
   <trkpt lat="38.72545" lon="-0.19533">
    <ele>531.52</ele>
   </trkpt>
   <trkpt lat="38.72571000000001" lon="-0.19534">
    <ele>528.96</ele>
   </trkpt>
   <trkpt lat="38.72596" lon="-0.19540000000000002">
    <ele>528.03</ele>
   </trkpt>
   <trkpt lat="38.72637" lon="-0.19563000000000003">
    <ele>526.3100000000001</ele>
   </trkpt>
   <trkpt lat="38.72663" lon="-0.19585000000000002">
    <ele>526.1</ele>
   </trkpt>
   <trkpt lat="38.726960000000005" lon="-0.19617">
    <ele>526.87</ele>
   </trkpt>
   <trkpt lat="38.727230000000006" lon="-0.19653">
    <ele>528.71</ele>
   </trkpt>
   <trkpt lat="38.727685000701435" lon="-0.19691499760748565">
    <ele>530.61</ele>
   </trkpt>
   <trkpt lat="38.72814" lon="-0.1973">
    <ele>533.1800000000001</ele>
   </trkpt>
   <trkpt lat="38.72836" lon="-0.19744">
    <ele>533.1800000000001</ele>
   </trkpt>
   <trkpt lat="38.728950000000005" lon="-0.19775">
    <ele>534.86</ele>
   </trkpt>
   <trkpt lat="38.72975" lon="-0.19810000000000003">
    <ele>536.78</ele>
   </trkpt>
   <trkpt lat="38.729980000000005" lon="-0.19814">
    <ele>536.8000000000001</ele>
   </trkpt>
   <trkpt lat="38.73022" lon="-0.19814">
    <ele>536.75</ele>
   </trkpt>
   <trkpt lat="38.73057" lon="-0.19803">
    <ele>536.24</ele>
   </trkpt>
   <trkpt lat="38.730850000000004" lon="-0.19798000000000002">
    <ele>535.59</ele>
   </trkpt>
   <trkpt lat="38.73147" lon="-0.19797">
    <ele>533.78</ele>
   </trkpt>
   <trkpt lat="38.73171" lon="-0.19798000000000002">
    <ele>532.1700000000001</ele>
   </trkpt>
   <trkpt lat="38.73196" lon="-0.19805">
    <ele>530.76</ele>
   </trkpt>
   <trkpt lat="38.732670000000006" lon="-0.19844">
    <ele>527.84</ele>
   </trkpt>
   <trkpt lat="38.7329" lon="-0.19853">
    <ele>527.84</ele>
   </trkpt>
   <trkpt lat="38.73313" lon="-0.19858">
    <ele>526.4000000000001</ele>
   </trkpt>
   <trkpt lat="38.73397000000001" lon="-0.19855">
    <ele>525.21</ele>
   </trkpt>
   <trkpt lat="38.73481" lon="-0.19875">
    <ele>524.37</ele>
   </trkpt>
   <trkpt lat="38.735440000000004" lon="-0.19883">
    <ele>523.5300000000001</ele>
   </trkpt>
   <trkpt lat="38.73624" lon="-0.19878">
    <ele>521.84</ele>
   </trkpt>
   <trkpt lat="38.736920000000005" lon="-0.19864">
    <ele>518.63</ele>
   </trkpt>
   <trkpt lat="38.73733" lon="-0.19859000000000002">
    <ele>517.08</ele>
   </trkpt>
   <trkpt lat="38.73762" lon="-0.19867">
    <ele>516.8900000000001</ele>
   </trkpt>
   <trkpt lat="38.737730000000006" lon="-0.19873000000000002">
    <ele>517.02</ele>
   </trkpt>
   <trkpt lat="38.737930000000006" lon="-0.19891">
    <ele>517.37</ele>
   </trkpt>
   <trkpt lat="38.73809" lon="-0.19897">
    <ele>517.7700000000001</ele>
   </trkpt>
   <trkpt lat="38.738260000000004" lon="-0.19898000000000002">
    <ele>518.26</ele>
   </trkpt>
   <trkpt lat="38.738440000000004" lon="-0.19891">
    <ele>519.35</ele>
   </trkpt>
   <trkpt lat="38.738550000000004" lon="-0.19883">
    <ele>519.59</ele>
   </trkpt>
   <trkpt lat="38.738890000000005" lon="-0.19842">
    <ele>520.6200000000001</ele>
   </trkpt>
   <trkpt lat="38.7394" lon="-0.19803">
    <ele>519.03</ele>
   </trkpt>
   <trkpt lat="38.73955" lon="-0.19783">
    <ele>517.7</ele>
   </trkpt>
   <trkpt lat="38.739610000000006" lon="-0.19767">
    <ele>517.08</ele>
   </trkpt>
   <trkpt lat="38.739650000000005" lon="-0.19742">
    <ele>515.61</ele>
   </trkpt>
   <trkpt lat="38.739520000000006" lon="-0.19661">
    <ele>511.12</ele>
   </trkpt>
   <trkpt lat="38.739540000000005" lon="-0.19633">
    <ele>507.74000000000007</ele>
   </trkpt>
   <trkpt lat="38.73959" lon="-0.19614">
    <ele>506.6700000000001</ele>
   </trkpt>
   <trkpt lat="38.739740000000005" lon="-0.19592">
    <ele>504.37000000000006</ele>
   </trkpt>
   <trkpt lat="38.73986" lon="-0.19581">
    <ele>503.4700000000001</ele>
   </trkpt>
   <trkpt lat="38.74018" lon="-0.19559">
    <ele>501.5900000000001</ele>
   </trkpt>
   <trkpt lat="38.74047" lon="-0.19531">
    <ele>500.19</ele>
   </trkpt>
   <trkpt lat="38.740570000000005" lon="-0.19515000000000002">
    <ele>498.49</ele>
   </trkpt>
   <trkpt lat="38.740640000000006" lon="-0.19497">
    <ele>498.49</ele>
   </trkpt>
   <trkpt lat="38.740730000000006" lon="-0.19445">
    <ele>496.18000000000006</ele>
   </trkpt>
   <trkpt lat="38.74082000000001" lon="-0.19411">
    <ele>496.18000000000006</ele>
   </trkpt>
   <trkpt lat="38.740950000000005" lon="-0.19389">
    <ele>493.17</ele>
   </trkpt>
   <trkpt lat="38.741550000000004" lon="-0.19311">
    <ele>489.59000000000003</ele>
   </trkpt>
   <trkpt lat="38.74181" lon="-0.19268000000000002">
    <ele>488.54</ele>
   </trkpt>
   <trkpt lat="38.742020000000004" lon="-0.19243000000000002">
    <ele>486.34000000000003</ele>
   </trkpt>
   <trkpt lat="38.742230000000006" lon="-0.19226000000000001">
    <ele>484.96000000000004</ele>
   </trkpt>
   <trkpt lat="38.74241000000001" lon="-0.19217">
    <ele>484.96000000000004</ele>
   </trkpt>
   <trkpt lat="38.742920000000005" lon="-0.19198">
    <ele>480.08000000000004</ele>
   </trkpt>
   <trkpt lat="38.74307" lon="-0.19190000000000002">
    <ele>478.89000000000004</ele>
   </trkpt>
   <trkpt lat="38.74336" lon="-0.19165000000000001">
    <ele>478.04</ele>
   </trkpt>
   <trkpt lat="38.743520000000004" lon="-0.19145">
    <ele>475.91</ele>
   </trkpt>
   <trkpt lat="38.743900000000004" lon="-0.19087">
    <ele>472.53000000000003</ele>
   </trkpt>
   <trkpt lat="38.744" lon="-0.19068000000000002">
    <ele>471.75000000000006</ele>
   </trkpt>
   <trkpt lat="38.744110000000006" lon="-0.19039">
    <ele>470.35</ele>
   </trkpt>
   <trkpt lat="38.744200000000006" lon="-0.18996000000000002">
    <ele>467.89000000000004</ele>
   </trkpt>
   <trkpt lat="38.744260000000004" lon="-0.18923">
    <ele>464.66</ele>
   </trkpt>
   <trkpt lat="38.74436" lon="-0.18889">
    <ele>463.5</ele>
   </trkpt>
   <trkpt lat="38.744400000000006" lon="-0.18879">
    <ele>463.06</ele>
   </trkpt>
   <trkpt lat="38.744510000000005" lon="-0.18860000000000002">
    <ele>462.0400000000001</ele>
   </trkpt>
   <trkpt lat="38.74499" lon="-0.18804">
    <ele>460.27</ele>
   </trkpt>
   <trkpt lat="38.745110000000004" lon="-0.18796000000000002">
    <ele>458.95</ele>
   </trkpt>
   <trkpt lat="38.74568000029517" lon="-0.18777500142840933">
    <ele>456.98</ele>
   </trkpt>
   <trkpt lat="38.74625" lon="-0.18759">
    <ele>455.29</ele>
   </trkpt>
   <trkpt lat="38.74654" lon="-0.18745">
    <ele>454.44</ele>
   </trkpt>
   <trkpt lat="38.746750000000006" lon="-0.18729">
    <ele>453.15000000000003</ele>
   </trkpt>
   <trkpt lat="38.746990000000004" lon="-0.18703">
    <ele>451.93000000000006</ele>
   </trkpt>
   <trkpt lat="38.747110000000006" lon="-0.18682">
    <ele>451.93000000000006</ele>
   </trkpt>
   <trkpt lat="38.747260000000004" lon="-0.18645">
    <ele>449.99000000000007</ele>
   </trkpt>
   <trkpt lat="38.747350000000004" lon="-0.18606">
    <ele>449.39</ele>
   </trkpt>
   <trkpt lat="38.74738500196706" lon="-0.1853800003854524">
    <ele>448.25</ele>
   </trkpt>
   <trkpt lat="38.747420000000005" lon="-0.1847">
    <ele>447.83000000000004</ele>
   </trkpt>
   <trkpt lat="38.74748" lon="-0.18435">
    <ele>447.45</ele>
   </trkpt>
   <trkpt lat="38.747620000000005" lon="-0.18399000000000001">
    <ele>446.61000000000007</ele>
   </trkpt>
   <trkpt lat="38.747820000000004" lon="-0.18371">
    <ele>445.11000000000007</ele>
   </trkpt>
   <trkpt lat="38.748160000000006" lon="-0.18346">
    <ele>443.31</ele>
   </trkpt>
   <trkpt lat="38.74832" lon="-0.1834">
    <ele>442.71000000000004</ele>
   </trkpt>
   <trkpt lat="38.74859" lon="-0.18335">
    <ele>439.61000000000007</ele>
   </trkpt>
   <trkpt lat="38.749210000000005" lon="-0.18346">
    <ele>436.48</ele>
   </trkpt>
   <trkpt lat="38.74945" lon="-0.18348">
    <ele>436.08000000000004</ele>
   </trkpt>
   <trkpt lat="38.749660000000006" lon="-0.18346">
    <ele>435.61000000000007</ele>
   </trkpt>
   <trkpt lat="38.74982" lon="-0.18341000000000002">
    <ele>435.55</ele>
   </trkpt>
   <trkpt lat="38.750080000000004" lon="-0.18326">
    <ele>435.66</ele>
   </trkpt>
   <trkpt lat="38.75025" lon="-0.1831">
    <ele>435.66</ele>
   </trkpt>
   <trkpt lat="38.750440000000005" lon="-0.18281000000000003">
    <ele>436.06000000000006</ele>
   </trkpt>
   <trkpt lat="38.75045" lon="-0.18280000000000002">
    <ele>436.06000000000006</ele>
   </trkpt>
   <trkpt lat="38.75058000000001" lon="-0.18245">
    <ele>436.32000000000005</ele>
   </trkpt>
   <trkpt lat="38.75067000000001" lon="-0.1819">
    <ele>436.19</ele>
   </trkpt>
   <trkpt lat="38.750730000000004" lon="-0.18163">
    <ele>436.3</ele>
   </trkpt>
   <trkpt lat="38.750840000000004" lon="-0.18134">
    <ele>436.4</ele>
   </trkpt>
   <trkpt lat="38.7511" lon="-0.18087">
    <ele>436.62</ele>
   </trkpt>
   <trkpt lat="38.751290000000004" lon="-0.18029">
    <ele>436.74</ele>
   </trkpt>
   <trkpt lat="38.75133" lon="-0.18004">
    <ele>436.54</ele>
   </trkpt>
   <trkpt lat="38.751340000000006" lon="-0.17915">
    <ele>435.89000000000004</ele>
   </trkpt>
   <trkpt lat="38.75141" lon="-0.17880000000000001">
    <ele>435.39000000000004</ele>
   </trkpt>
   <trkpt lat="38.75151" lon="-0.17855000000000001">
    <ele>435.39000000000004</ele>
   </trkpt>
   <trkpt lat="38.7516" lon="-0.1784">
    <ele>435.11000000000007</ele>
   </trkpt>
   <trkpt lat="38.75188" lon="-0.17800000000000002">
    <ele>434.65000000000003</ele>
   </trkpt>
   <trkpt lat="38.75215" lon="-0.17758000000000002">
    <ele>433.59000000000003</ele>
   </trkpt>
   <trkpt lat="38.75226" lon="-0.17726">
    <ele>432.37</ele>
   </trkpt>
   <trkpt lat="38.752300000000005" lon="-0.17701">
    <ele>432.37</ele>
   </trkpt>
   <trkpt lat="38.752300000000005" lon="-0.17646">
    <ele>429.19</ele>
   </trkpt>
   <trkpt lat="38.75224" lon="-0.17550000000000002">
    <ele>426.48</ele>
   </trkpt>
   <trkpt lat="38.75226" lon="-0.17502">
    <ele>425.22</ele>
   </trkpt>
   <trkpt lat="38.752300000000005" lon="-0.17471">
    <ele>424.28000000000003</ele>
   </trkpt>
   <trkpt lat="38.75254" lon="-0.1736">
    <ele>420.36</ele>
   </trkpt>
   <trkpt lat="38.752590000000005" lon="-0.17320000000000002">
    <ele>419.57000000000005</ele>
   </trkpt>
   <trkpt lat="38.75262" lon="-0.1728">
    <ele>419.58</ele>
   </trkpt>
   <trkpt lat="38.75258" lon="-0.17208">
    <ele>415.32</ele>
   </trkpt>
   <trkpt lat="38.752400002588075" lon="-0.17129999801714527">
    <ele>412.54</ele>
   </trkpt>
   <trkpt lat="38.75222" lon="-0.17052">
    <ele>411.16</ele>
   </trkpt>
   <trkpt lat="38.75207" lon="-0.17022">
    <ele>411.16</ele>
   </trkpt>
   <trkpt lat="38.751940000000005" lon="-0.17006000000000002">
    <ele>411.43</ele>
   </trkpt>
   <trkpt lat="38.75141" lon="-0.16963">
    <ele>411.58000000000004</ele>
   </trkpt>
   <trkpt lat="38.75133" lon="-0.1695">
    <ele>411.90000000000003</ele>
   </trkpt>
   <trkpt lat="38.751310000000004" lon="-0.16931000000000002">
    <ele>412.25000000000006</ele>
   </trkpt>
   <trkpt lat="38.75157" lon="-0.16883">
    <ele>415.03000000000003</ele>
   </trkpt>
   <trkpt lat="38.75186" lon="-0.16836">
    <ele>416.35</ele>
   </trkpt>
   <trkpt lat="38.752320000000005" lon="-0.16794">
    <ele>416.28000000000003</ele>
   </trkpt>
   <trkpt lat="38.752370000000006" lon="-0.1678">
    <ele>416.14</ele>
   </trkpt>
   <trkpt lat="38.752410000000005" lon="-0.16758">
    <ele>415.75</ele>
   </trkpt>
   <trkpt lat="38.7523700018181" lon="-0.16692499947692863">
    <ele>415.03000000000003</ele>
   </trkpt>
   <trkpt lat="38.75233" lon="-0.16627">
    <ele>414.43</ele>
   </trkpt>
   <trkpt lat="38.752315001666645" lon="-0.16564499997694956">
    <ele>413.84000000000003</ele>
   </trkpt>
   <trkpt lat="38.752300000000005" lon="-0.16502">
    <ele>413.41</ele>
   </trkpt>
   <trkpt lat="38.752390000000005" lon="-0.16425">
    <ele>412.2</ele>
   </trkpt>
   <trkpt lat="38.75233500392693" lon="-0.16328999927667207">
    <ele>408.06</ele>
   </trkpt>
   <trkpt lat="38.752280000000006" lon="-0.16233">
    <ele>404.70000000000005</ele>
   </trkpt>
   <trkpt lat="38.752210000000005" lon="-0.16172">
    <ele>401.64000000000004</ele>
   </trkpt>
   <trkpt lat="38.75216" lon="-0.16147">
    <ele>401.64000000000004</ele>
   </trkpt>
   <trkpt lat="38.75209" lon="-0.16122">
    <ele>400.0</ele>
   </trkpt>
   <trkpt lat="38.751920000000005" lon="-0.16083">
    <ele>398.11</ele>
   </trkpt>
   <trkpt lat="38.75166" lon="-0.16042">
    <ele>394.95</ele>
   </trkpt>
   <trkpt lat="38.75133500082288" lon="-0.15997499794569495">
    <ele>392.93000000000006</ele>
   </trkpt>
   <trkpt lat="38.75101" lon="-0.15953">
    <ele>391.04</ele>
   </trkpt>
   <trkpt lat="38.750910000000005" lon="-0.15936">
    <ele>390.64000000000004</ele>
   </trkpt>
   <trkpt lat="38.75081" lon="-0.15912">
    <ele>389.95</ele>
   </trkpt>
   <trkpt lat="38.75072" lon="-0.15872">
    <ele>389.77</ele>
   </trkpt>
   <trkpt lat="38.75072" lon="-0.15814">
    <ele>389.84000000000003</ele>
   </trkpt>
   <trkpt lat="38.750750000000004" lon="-0.15775">
    <ele>390.09000000000003</ele>
   </trkpt>
   <trkpt lat="38.75092" lon="-0.15748">
    <ele>388.64000000000004</ele>
   </trkpt>
   <trkpt lat="38.751000000000005" lon="-0.1572">
    <ele>387.83</ele>
   </trkpt>
   <trkpt lat="38.75103" lon="-0.15703">
    <ele>387.48</ele>
   </trkpt>
   <trkpt lat="38.75114000000001" lon="-0.15698">
    <ele>386.99000000000007</ele>
   </trkpt>
   <trkpt lat="38.75119" lon="-0.15703">
    <ele>385.90000000000003</ele>
   </trkpt>
   <trkpt lat="38.7511" lon="-0.15736">
    <ele>384.74</ele>
   </trkpt>
   <trkpt lat="38.75106" lon="-0.1577">
    <ele>384.5</ele>
   </trkpt>
   <trkpt lat="38.751070000000006" lon="-0.15775">
    <ele>384.5</ele>
   </trkpt>
   <trkpt lat="38.751110000000004" lon="-0.15781">
    <ele>384.70000000000005</ele>
   </trkpt>
   <trkpt lat="38.75121" lon="-0.15781">
    <ele>384.75</ele>
   </trkpt>
   <trkpt lat="38.75123" lon="-0.15778">
    <ele>384.75</ele>
   </trkpt>
   <trkpt lat="38.75135" lon="-0.15731">
    <ele>384.11</ele>
   </trkpt>
   <trkpt lat="38.75144" lon="-0.15717">
    <ele>384.15000000000003</ele>
   </trkpt>
   <trkpt lat="38.751650000000005" lon="-0.157">
    <ele>384.76000000000005</ele>
   </trkpt>
   <trkpt lat="38.751850000000005" lon="-0.15692">
    <ele>385.37000000000006</ele>
   </trkpt>
   <trkpt lat="38.752140000000004" lon="-0.15692">
    <ele>386.13</ele>
   </trkpt>
   <trkpt lat="38.75231" lon="-0.15706">
    <ele>386.29</ele>
   </trkpt>
   <trkpt lat="38.75242" lon="-0.15706">
    <ele>386.34000000000003</ele>
   </trkpt>
   <trkpt lat="38.752970000000005" lon="-0.15697000000000003">
    <ele>387.24</ele>
   </trkpt>
   <trkpt lat="38.75367" lon="-0.15689">
    <ele>391.29</ele>
   </trkpt>
   <trkpt lat="38.753960000000006" lon="-0.157">
    <ele>393.06</ele>
   </trkpt>
   <trkpt lat="38.75406" lon="-0.15695">
    <ele>393.41</ele>
   </trkpt>
   <trkpt lat="38.7541" lon="-0.15691000000000002">
    <ele>393.41</ele>
   </trkpt>
   <trkpt lat="38.754160000000006" lon="-0.15675">
    <ele>393.71000000000004</ele>
   </trkpt>
   <trkpt lat="38.75426" lon="-0.15639">
    <ele>394.09000000000003</ele>
   </trkpt>
   <trkpt lat="38.75426" lon="-0.15598">
    <ele>396.11</ele>
   </trkpt>
   <trkpt lat="38.7543" lon="-0.15587">
    <ele>396.11</ele>
   </trkpt>
   <trkpt lat="38.754430000000006" lon="-0.15564">
    <ele>398.06</ele>
   </trkpt>
   <trkpt lat="38.754490000000004" lon="-0.15548">
    <ele>401.1</ele>
   </trkpt>
   <trkpt lat="38.7546" lon="-0.15498">
    <ele>402.95000000000005</ele>
   </trkpt>
   <trkpt lat="38.754580000000004" lon="-0.15464">
    <ele>405.26</ele>
   </trkpt>
   <trkpt lat="38.754900000000006" lon="-0.15401">
    <ele>412.82</ele>
   </trkpt>
   <trkpt lat="38.754960000000004" lon="-0.15395">
    <ele>414.64</ele>
   </trkpt>
   <trkpt lat="38.755100000000006" lon="-0.15384">
    <ele>414.64</ele>
   </trkpt>
   <trkpt lat="38.75518" lon="-0.15381">
    <ele>418.17</ele>
   </trkpt>
   <trkpt lat="38.755250000000004" lon="-0.15384">
    <ele>418.17</ele>
   </trkpt>
   <trkpt lat="38.755280000000006" lon="-0.15387">
    <ele>418.73</ele>
   </trkpt>
   <trkpt lat="38.755280000000006" lon="-0.15417">
    <ele>420.67</ele>
   </trkpt>
   <trkpt lat="38.755230000000005" lon="-0.15459">
    <ele>424.27000000000004</ele>
   </trkpt>
   <trkpt lat="38.75535" lon="-0.15509">
    <ele>428.96</ele>
   </trkpt>
   <trkpt lat="38.755390000000006" lon="-0.15514">
    <ele>428.96</ele>
   </trkpt>
   <trkpt lat="38.755500000000005" lon="-0.1552">
    <ele>432.1700000000001</ele>
   </trkpt>
   <trkpt lat="38.75564" lon="-0.15512">
    <ele>434.53000000000003</ele>
   </trkpt>
   <trkpt lat="38.75629" lon="-0.15437">
    <ele>443.38000000000005</ele>
   </trkpt>
   <trkpt lat="38.756350000000005" lon="-0.15426">
    <ele>444.1</ele>
   </trkpt>
   <trkpt lat="38.75636" lon="-0.15398">
    <ele>444.96000000000004</ele>
   </trkpt>
   <trkpt lat="38.756440000000005" lon="-0.15373">
    <ele>445.83000000000004</ele>
   </trkpt>
   <trkpt lat="38.75643" lon="-0.15367">
    <ele>445.92</ele>
   </trkpt>
   <trkpt lat="38.75638" lon="-0.15359">
    <ele>446.00000000000006</ele>
   </trkpt>
   <trkpt lat="38.756220000000006" lon="-0.15348">
    <ele>446.04</ele>
   </trkpt>
   <trkpt lat="38.7561" lon="-0.15334">
    <ele>446.70000000000005</ele>
   </trkpt>
   <trkpt lat="38.75596" lon="-0.15292">
    <ele>450.75000000000006</ele>
   </trkpt>
   <trkpt lat="38.75591" lon="-0.15265">
    <ele>452.08000000000004</ele>
   </trkpt>
   <trkpt lat="38.75589" lon="-0.15231">
    <ele>454.52000000000004</ele>
   </trkpt>
   <trkpt lat="38.755790000000005" lon="-0.15201">
    <ele>458.49000000000007</ele>
   </trkpt>
   <trkpt lat="38.755770000000005" lon="-0.15187">
    <ele>459.59000000000003</ele>
   </trkpt>
   <trkpt lat="38.75578" lon="-0.15151">
    <ele>461.77</ele>
   </trkpt>
   <trkpt lat="38.75582" lon="-0.15127000000000002">
    <ele>463.36</ele>
   </trkpt>
   <trkpt lat="38.755950000000006" lon="-0.15104">
    <ele>465.29</ele>
   </trkpt>
   <trkpt lat="38.756040000000006" lon="-0.15092">
    <ele>466.49</ele>
   </trkpt>
   <trkpt lat="38.756240000000005" lon="-0.15087">
    <ele>467.8</ele>
   </trkpt>
   <trkpt lat="38.75639" lon="-0.15079">
    <ele>468.31000000000006</ele>
   </trkpt>
   <trkpt lat="38.75648" lon="-0.15068">
    <ele>469.5</ele>
   </trkpt>
   <trkpt lat="38.756710000000005" lon="-0.15009">
    <ele>472.65</ele>
   </trkpt>
   <trkpt lat="38.75686" lon="-0.14995">
    <ele>474.85</ele>
   </trkpt>
   <trkpt lat="38.75714" lon="-0.14979">
    <ele>478.24000000000007</ele>
   </trkpt>
   <trkpt lat="38.75721" lon="-0.1497">
    <ele>479.92</ele>
   </trkpt>
   <trkpt lat="38.7573" lon="-0.14965">
    <ele>479.92</ele>
   </trkpt>
   <trkpt lat="38.757360000000006" lon="-0.14962">
    <ele>481.74000000000007</ele>
   </trkpt>
   <trkpt lat="38.757470000000005" lon="-0.14965">
    <ele>482.85</ele>
   </trkpt>
   <trkpt lat="38.757580000000004" lon="-0.14976">
    <ele>484.68000000000006</ele>
   </trkpt>
   <trkpt lat="38.7577" lon="-0.14981">
    <ele>485.83000000000004</ele>
   </trkpt>
   <trkpt lat="38.757780000000004" lon="-0.14979">
    <ele>486.53000000000003</ele>
   </trkpt>
   <trkpt lat="38.75788" lon="-0.14954">
    <ele>487.63000000000005</ele>
   </trkpt>
   <trkpt lat="38.758140000000004" lon="-0.14932">
    <ele>489.01000000000005</ele>
   </trkpt>
   <trkpt lat="38.758160000000004" lon="-0.14929">
    <ele>489.59000000000003</ele>
   </trkpt>
   <trkpt lat="38.75818" lon="-0.14901">
    <ele>491.11</ele>
   </trkpt>
   <trkpt lat="38.75836" lon="-0.14854">
    <ele>496.37</ele>
   </trkpt>
   <trkpt lat="38.7584" lon="-0.14848">
    <ele>497.86</ele>
   </trkpt>
   <trkpt lat="38.75844" lon="-0.14848">
    <ele>497.86</ele>
   </trkpt>
   <trkpt lat="38.75847" lon="-0.14851">
    <ele>497.86</ele>
   </trkpt>
   <trkpt lat="38.758480000000006" lon="-0.14857">
    <ele>501.01000000000005</ele>
   </trkpt>
   <trkpt lat="38.75849" lon="-0.14882">
    <ele>502.4200000000001</ele>
   </trkpt>
   <trkpt lat="38.75845" lon="-0.14895">
    <ele>505.11000000000007</ele>
   </trkpt>
   <trkpt lat="38.75845" lon="-0.14904">
    <ele>505.11000000000007</ele>
   </trkpt>
   <trkpt lat="38.75855000000001" lon="-0.14937">
    <ele>512.0300000000001</ele>
   </trkpt>
   <trkpt lat="38.758590000000005" lon="-0.1494">
    <ele>512.0300000000001</ele>
   </trkpt>
   <trkpt lat="38.75862" lon="-0.14937">
    <ele>512.0300000000001</ele>
   </trkpt>
   <trkpt lat="38.75874" lon="-0.14904">
    <ele>515.2500000000001</ele>
   </trkpt>
   <trkpt lat="38.75894" lon="-0.14885">
    <ele>518.9</ele>
   </trkpt>
   <trkpt lat="38.75898" lon="-0.14884">
    <ele>518.9</ele>
   </trkpt>
   <trkpt lat="38.75934" lon="-0.14895">
    <ele>524.91</ele>
   </trkpt>
   <trkpt lat="38.759370000000004" lon="-0.14898">
    <ele>527.32</ele>
   </trkpt>
   <trkpt lat="38.75938" lon="-0.14912">
    <ele>528.07</ele>
   </trkpt>
   <trkpt lat="38.759280000000004" lon="-0.14953000000000002">
    <ele>532.47</ele>
   </trkpt>
   <trkpt lat="38.759280000000004" lon="-0.14979">
    <ele>533.42</ele>
   </trkpt>
   <trkpt lat="38.759240000000005" lon="-0.1499">
    <ele>533.4100000000001</ele>
   </trkpt>
   <trkpt lat="38.75905" lon="-0.15023">
    <ele>533.59</ele>
   </trkpt>
   <trkpt lat="38.75885" lon="-0.15051">
    <ele>535.21</ele>
   </trkpt>
   <trkpt lat="38.758680000000005" lon="-0.15081">
    <ele>536.91</ele>
   </trkpt>
   <trkpt lat="38.75854" lon="-0.15112">
    <ele>537.82</ele>
   </trkpt>
   <trkpt lat="38.75845" lon="-0.15142">
    <ele>537.9300000000001</ele>
   </trkpt>
   <trkpt lat="38.7582" lon="-0.15204">
    <ele>537.86</ele>
   </trkpt>
   <trkpt lat="38.758030000000005" lon="-0.15281">
    <ele>538.42</ele>
   </trkpt>
   <trkpt lat="38.75804" lon="-0.15312">
    <ele>538.83</ele>
   </trkpt>
   <trkpt lat="38.75809" lon="-0.15331">
    <ele>538.95</ele>
   </trkpt>
   <trkpt lat="38.758160000000004" lon="-0.1534">
    <ele>538.97</ele>
   </trkpt>
   <trkpt lat="38.75831" lon="-0.15353">
    <ele>538.84</ele>
   </trkpt>
   <trkpt lat="38.75845" lon="-0.15376">
    <ele>539.12</ele>
   </trkpt>
   <trkpt lat="38.758480000000006" lon="-0.15387">
    <ele>539.46</ele>
   </trkpt>
   <trkpt lat="38.758480000000006" lon="-0.15403">
    <ele>540.5000000000001</ele>
   </trkpt>
   <trkpt lat="38.75842" lon="-0.15442">
    <ele>543.0200000000001</ele>
   </trkpt>
   <trkpt lat="38.7584" lon="-0.15489">
    <ele>545.79</ele>
   </trkpt>
   <trkpt lat="38.758430000000004" lon="-0.15531">
    <ele>547.08</ele>
   </trkpt>
   <trkpt lat="38.75864" lon="-0.15580000000000002">
    <ele>549.03</ele>
   </trkpt>
   <trkpt lat="38.7588" lon="-0.15634">
    <ele>554.9300000000001</ele>
   </trkpt>
   <trkpt lat="38.758840000000006" lon="-0.15642">
    <ele>556.42</ele>
   </trkpt>
   <trkpt lat="38.75903" lon="-0.1567">
    <ele>558.52</ele>
   </trkpt>
   <trkpt lat="38.759040000000006" lon="-0.15681">
    <ele>558.71</ele>
   </trkpt>
   <trkpt lat="38.758990000000004" lon="-0.15717">
    <ele>559.79</ele>
   </trkpt>
   <trkpt lat="38.75898" lon="-0.15746000000000002">
    <ele>561.12</ele>
   </trkpt>
   <trkpt lat="38.758990000000004" lon="-0.15764">
    <ele>562.4200000000001</ele>
   </trkpt>
   <trkpt lat="38.759040000000006" lon="-0.15803">
    <ele>564.84</ele>
   </trkpt>
   <trkpt lat="38.75901" lon="-0.15863000000000002">
    <ele>571.23</ele>
   </trkpt>
   <trkpt lat="38.759040000000006" lon="-0.15867">
    <ele>571.3100000000001</ele>
   </trkpt>
   <trkpt lat="38.759080000000004" lon="-0.15867">
    <ele>571.3100000000001</ele>
   </trkpt>
   <trkpt lat="38.75918" lon="-0.15859">
    <ele>573.89</ele>
   </trkpt>
   <trkpt lat="38.75932" lon="-0.15842">
    <ele>575.13</ele>
   </trkpt>
   <trkpt lat="38.75940000000001" lon="-0.15821000000000002">
    <ele>577.71</ele>
   </trkpt>
   <trkpt lat="38.75945" lon="-0.15764">
    <ele>581.1200000000001</ele>
   </trkpt>
   <trkpt lat="38.759640000000005" lon="-0.157">
    <ele>583.57</ele>
   </trkpt>
   <trkpt lat="38.759690000000006" lon="-0.15678">
    <ele>584.58</ele>
   </trkpt>
   <trkpt lat="38.759690000000006" lon="-0.15659">
    <ele>585.3600000000001</ele>
   </trkpt>
   <trkpt lat="38.759660000000004" lon="-0.15636">
    <ele>586.26</ele>
   </trkpt>
   <trkpt lat="38.75967" lon="-0.15628">
    <ele>586.5400000000001</ele>
   </trkpt>
   <trkpt lat="38.75987000000001" lon="-0.15588000000000002">
    <ele>589.4200000000001</ele>
   </trkpt>
   <trkpt lat="38.760020000000004" lon="-0.15556">
    <ele>590.48</ele>
   </trkpt>
   <trkpt lat="38.76010500247948" lon="-0.1547950010345101">
    <ele>596.82</ele>
   </trkpt>
   <trkpt lat="38.76019" lon="-0.15403">
    <ele>604.01</ele>
   </trkpt>
   <trkpt lat="38.760290000000005" lon="-0.15364">
    <ele>609.71</ele>
   </trkpt>
   <trkpt lat="38.76059" lon="-0.15315">
    <ele>616.47</ele>
   </trkpt>
   <trkpt lat="38.760740000000006" lon="-0.15298">
    <ele>618.07</ele>
   </trkpt>
   <trkpt lat="38.76093" lon="-0.1529">
    <ele>618.9499999999999</ele>
   </trkpt>
   <trkpt lat="38.76098" lon="-0.1529">
    <ele>618.9499999999999</ele>
   </trkpt>
   <trkpt lat="38.76108" lon="-0.15292">
    <ele>619.11</ele>
   </trkpt>
   <trkpt lat="38.761320000000005" lon="-0.15303">
    <ele>619.69</ele>
   </trkpt>
   <trkpt lat="38.76158" lon="-0.1532">
    <ele>621.65</ele>
   </trkpt>
   <trkpt lat="38.76164" lon="-0.15323">
    <ele>621.65</ele>
   </trkpt>
   <trkpt lat="38.761680000000005" lon="-0.1532">
    <ele>622.17</ele>
   </trkpt>
   <trkpt lat="38.761700000000005" lon="-0.15317">
    <ele>622.3700000000001</ele>
   </trkpt>
   <trkpt lat="38.76173" lon="-0.15303">
    <ele>622.68</ele>
   </trkpt>
   <trkpt lat="38.761610000000005" lon="-0.15198">
    <ele>628.39</ele>
   </trkpt>
   <trkpt lat="38.76164" lon="-0.15162">
    <ele>630.85</ele>
   </trkpt>
   <trkpt lat="38.76169" lon="-0.15145">
    <ele>633.27</ele>
   </trkpt>
   <trkpt lat="38.76173" lon="-0.1514">
    <ele>633.27</ele>
   </trkpt>
   <trkpt lat="38.7618" lon="-0.15137">
    <ele>635.3100000000001</ele>
   </trkpt>
   <trkpt lat="38.76185" lon="-0.1514">
    <ele>635.3100000000001</ele>
   </trkpt>
   <trkpt lat="38.761880000000005" lon="-0.15145">
    <ele>636.5200000000001</ele>
   </trkpt>
   <trkpt lat="38.761900000000004" lon="-0.15198">
    <ele>638.8100000000001</ele>
   </trkpt>
   <trkpt lat="38.76198" lon="-0.15234">
    <ele>639.47</ele>
   </trkpt>
   <trkpt lat="38.762170000000005" lon="-0.15292">
    <ele>644.1600000000001</ele>
   </trkpt>
   <trkpt lat="38.76223" lon="-0.15331">
    <ele>645.85</ele>
   </trkpt>
   <trkpt lat="38.76225" lon="-0.15356">
    <ele>648.2500000000001</ele>
   </trkpt>
   <trkpt lat="38.762240000000006" lon="-0.1537">
    <ele>650.07</ele>
   </trkpt>
   <trkpt lat="38.76218" lon="-0.15389">
    <ele>650.93</ele>
   </trkpt>
   <trkpt lat="38.76212" lon="-0.15401">
    <ele>650.93</ele>
   </trkpt>
   <trkpt lat="38.762" lon="-0.15409">
    <ele>653.3000000000001</ele>
   </trkpt>
   <trkpt lat="38.761950000000006" lon="-0.15417">
    <ele>653.3000000000001</ele>
   </trkpt>
   <trkpt lat="38.761810000000004" lon="-0.1547">
    <ele>657.72</ele>
   </trkpt>
   <trkpt lat="38.7618" lon="-0.15481">
    <ele>660.73</ele>
   </trkpt>
   <trkpt lat="38.761810000000004" lon="-0.15487">
    <ele>660.73</ele>
   </trkpt>
   <trkpt lat="38.76192" lon="-0.15492">
    <ele>660.73</ele>
   </trkpt>
   <trkpt lat="38.7625" lon="-0.15503">
    <ele>668.2800000000001</ele>
   </trkpt>
   <trkpt lat="38.762750000000004" lon="-0.15509">
    <ele>670.6800000000001</ele>
   </trkpt>
   <trkpt lat="38.762840000000004" lon="-0.15509">
    <ele>673.3100000000001</ele>
   </trkpt>
   <trkpt lat="38.7629" lon="-0.15506">
    <ele>673.94</ele>
   </trkpt>
   <trkpt lat="38.76314" lon="-0.15442">
    <ele>677.8900000000001</ele>
   </trkpt>
   <trkpt lat="38.76319" lon="-0.15421">
    <ele>678.98</ele>
   </trkpt>
   <trkpt lat="38.76317" lon="-0.15401">
    <ele>680.1600000000001</ele>
   </trkpt>
   <trkpt lat="38.76306" lon="-0.15356">
    <ele>684.39</ele>
   </trkpt>
   <trkpt lat="38.76306" lon="-0.1534">
    <ele>685.5000000000001</ele>
   </trkpt>
   <trkpt lat="38.763110000000005" lon="-0.15323">
    <ele>687.9200000000001</ele>
   </trkpt>
   <trkpt lat="38.76332" lon="-0.15281">
    <ele>693.3900000000001</ele>
   </trkpt>
   <trkpt lat="38.763360000000006" lon="-0.15276">
    <ele>693.3900000000001</ele>
   </trkpt>
   <trkpt lat="38.76339" lon="-0.15276">
    <ele>694.49</ele>
   </trkpt>
   <trkpt lat="38.76344" lon="-0.15278">
    <ele>694.97</ele>
   </trkpt>
   <trkpt lat="38.76346" lon="-0.15287">
    <ele>695.3900000000001</ele>
   </trkpt>
   <trkpt lat="38.76337" lon="-0.15315">
    <ele>696.19</ele>
   </trkpt>
   <trkpt lat="38.76337" lon="-0.15325000000000003">
    <ele>697.4800000000001</ele>
   </trkpt>
   <trkpt lat="38.763490000000004" lon="-0.15348">
    <ele>697.4800000000001</ele>
   </trkpt>
   <trkpt lat="38.76361" lon="-0.15365">
    <ele>698.2</ele>
   </trkpt>
   <trkpt lat="38.76384" lon="-0.15392">
    <ele>700.16</ele>
   </trkpt>
   <trkpt lat="38.76395" lon="-0.15412">
    <ele>700.16</ele>
   </trkpt>
   <trkpt lat="38.763980000000004" lon="-0.15431">
    <ele>701.0500000000001</ele>
   </trkpt>
   <trkpt lat="38.76393" lon="-0.15456">
    <ele>702.11</ele>
   </trkpt>
   <trkpt lat="38.763940000000005" lon="-0.1547">
    <ele>702.98</ele>
   </trkpt>
   <trkpt lat="38.76402" lon="-0.15481">
    <ele>703.6600000000001</ele>
   </trkpt>
   <trkpt lat="38.764120000000005" lon="-0.15489">
    <ele>704.88</ele>
   </trkpt>
   <trkpt lat="38.76422" lon="-0.15492">
    <ele>705.8000000000001</ele>
   </trkpt>
   <trkpt lat="38.764300000000006" lon="-0.15489">
    <ele>707.74</ele>
   </trkpt>
   <trkpt lat="38.76455" lon="-0.15473">
    <ele>709.7800000000001</ele>
   </trkpt>
   <trkpt lat="38.764660000000006" lon="-0.15453">
    <ele>712.49</ele>
   </trkpt>
   <trkpt lat="38.76484000000001" lon="-0.15406">
    <ele>714.67</ele>
   </trkpt>
   <trkpt lat="38.76498" lon="-0.15397000000000002">
    <ele>717.5300000000001</ele>
   </trkpt>
   <trkpt lat="38.76563" lon="-0.15384">
    <ele>719.8800000000001</ele>
   </trkpt>
   <trkpt lat="38.76576" lon="-0.15376">
    <ele>720.0600000000001</ele>
   </trkpt>
   <trkpt lat="38.76592" lon="-0.15359">
    <ele>720.0200000000001</ele>
   </trkpt>
   <trkpt lat="38.766380000000005" lon="-0.15298">
    <ele>719.84</ele>
   </trkpt>
   <trkpt lat="38.766540000000006" lon="-0.15287">
    <ele>719.84</ele>
   </trkpt>
   <trkpt lat="38.766830000000006" lon="-0.15251">
    <ele>720.1200000000001</ele>
   </trkpt>
   <trkpt lat="38.766870000000004" lon="-0.1524">
    <ele>720.1200000000001</ele>
   </trkpt>
   <trkpt lat="38.766890000000004" lon="-0.15226">
    <ele>720.82</ele>
   </trkpt>
   <trkpt lat="38.76681000000001" lon="-0.15201">
    <ele>721.0600000000001</ele>
   </trkpt>
   <trkpt lat="38.766740000000006" lon="-0.1519">
    <ele>721.4100000000001</ele>
   </trkpt>
   <trkpt lat="38.76668" lon="-0.15184">
    <ele>722.32</ele>
   </trkpt>
   <trkpt lat="38.76634000000001" lon="-0.15165">
    <ele>723.19</ele>
   </trkpt>
   <trkpt lat="38.766270000000006" lon="-0.15159">
    <ele>723.3600000000001</ele>
   </trkpt>
   <trkpt lat="38.7661" lon="-0.15131">
    <ele>723.65</ele>
   </trkpt>
   <trkpt lat="38.766070000000006" lon="-0.15117">
    <ele>722.4</ele>
   </trkpt>
   <trkpt lat="38.76606" lon="-0.15081">
    <ele>721.0300000000001</ele>
   </trkpt>
   <trkpt lat="38.76612" lon="-0.15034">
    <ele>719.34</ele>
   </trkpt>
   <trkpt lat="38.76628" lon="-0.14965">
    <ele>722.89</ele>
   </trkpt>
   <trkpt lat="38.76632" lon="-0.14962">
    <ele>722.89</ele>
   </trkpt>
   <trkpt lat="38.76635" lon="-0.14963">
    <ele>724.36</ele>
   </trkpt>
   <trkpt lat="38.766380000000005" lon="-0.14973">
    <ele>725.3900000000001</ele>
   </trkpt>
   <trkpt lat="38.76634000000001" lon="-0.15048">
    <ele>731.7600000000001</ele>
   </trkpt>
   <trkpt lat="38.76635" lon="-0.1509">
    <ele>735.13</ele>
   </trkpt>
   <trkpt lat="38.76646" lon="-0.15112">
    <ele>737.1</ele>
   </trkpt>
   <trkpt lat="38.76653" lon="-0.15116000000000002">
    <ele>738.6700000000001</ele>
   </trkpt>
   <trkpt lat="38.766850000000005" lon="-0.1512">
    <ele>740.77</ele>
   </trkpt>
   <trkpt lat="38.76747" lon="-0.15151">
    <ele>743.92</ele>
   </trkpt>
   <trkpt lat="38.76766000000001" lon="-0.15151">
    <ele>746.2700000000001</ele>
   </trkpt>
   <trkpt lat="38.76775000000001" lon="-0.15162">
    <ele>747.41</ele>
   </trkpt>
   <trkpt lat="38.76778" lon="-0.15181">
    <ele>750.14</ele>
   </trkpt>
   <trkpt lat="38.767860000000006" lon="-0.15192">
    <ele>753.9200000000001</ele>
   </trkpt>
   <trkpt lat="38.767920000000004" lon="-0.1519">
    <ele>753.9200000000001</ele>
   </trkpt>
   <trkpt lat="38.768100000000004" lon="-0.15176">
    <ele>756.68</ele>
   </trkpt>
   <trkpt lat="38.7682" lon="-0.1517">
    <ele>757.94</ele>
   </trkpt>
   <trkpt lat="38.76836" lon="-0.15165">
    <ele>759.97</ele>
   </trkpt>
   <trkpt lat="38.768420000000006" lon="-0.15158000000000002">
    <ele>761.11</ele>
   </trkpt>
   <trkpt lat="38.76861" lon="-0.15129">
    <ele>762.9</ele>
   </trkpt>
   <trkpt lat="38.76869000000001" lon="-0.15119000000000002">
    <ele>763.6</ele>
   </trkpt>
   <trkpt lat="38.768860000000004" lon="-0.15109">
    <ele>763.4300000000001</ele>
   </trkpt>
   <trkpt lat="38.76894" lon="-0.15104">
    <ele>763.14</ele>
   </trkpt>
   <trkpt lat="38.76926" lon="-0.15098">
    <ele>762.63</ele>
   </trkpt>
   <trkpt lat="38.76943" lon="-0.15092">
    <ele>762.63</ele>
   </trkpt>
   <trkpt lat="38.76961" lon="-0.15079">
    <ele>762.33</ele>
   </trkpt>
   <trkpt lat="38.76968" lon="-0.15073">
    <ele>762.1000000000001</ele>
   </trkpt>
   <trkpt lat="38.76991" lon="-0.15039000000000002">
    <ele>760.47</ele>
   </trkpt>
   <trkpt lat="38.76995" lon="-0.15021">
    <ele>759.5</ele>
   </trkpt>
   <trkpt lat="38.770010000000006" lon="-0.14959">
    <ele>750.95</ele>
   </trkpt>
   <trkpt lat="38.77024" lon="-0.14895">
    <ele>742.38</ele>
   </trkpt>
   <trkpt lat="38.77026" lon="-0.14882">
    <ele>741.1</ele>
   </trkpt>
   <trkpt lat="38.770250000000004" lon="-0.1487">
    <ele>740.11</ele>
   </trkpt>
   <trkpt lat="38.770160000000004" lon="-0.14851">
    <ele>739.01</ele>
   </trkpt>
   <trkpt lat="38.76981" lon="-0.14809">
    <ele>738.4900000000001</ele>
   </trkpt>
   <trkpt lat="38.76968" lon="-0.14787">
    <ele>738.38</ele>
   </trkpt>
   <trkpt lat="38.769560000000006" lon="-0.14743">
    <ele>737.7900000000001</ele>
   </trkpt>
   <trkpt lat="38.769560000000006" lon="-0.14712">
    <ele>736.22</ele>
   </trkpt>
   <trkpt lat="38.76959" lon="-0.14696">
    <ele>734.97</ele>
   </trkpt>
   <trkpt lat="38.769740000000006" lon="-0.14654">
    <ele>731.22</ele>
   </trkpt>
   <trkpt lat="38.769780000000004" lon="-0.14632">
    <ele>729.5600000000001</ele>
   </trkpt>
   <trkpt lat="38.76982" lon="-0.14548">
    <ele>718.21</ele>
   </trkpt>
   <trkpt lat="38.76979" lon="-0.14494">
    <ele>712.2900000000001</ele>
   </trkpt>
   <trkpt lat="38.769800000000004" lon="-0.14479">
    <ele>711.26</ele>
   </trkpt>
   <trkpt lat="38.76991" lon="-0.14438">
    <ele>709.0000000000001</ele>
   </trkpt>
   <trkpt lat="38.769960000000005" lon="-0.14413">
    <ele>707.01</ele>
   </trkpt>
   <trkpt lat="38.77006" lon="-0.14326">
    <ele>696.59</ele>
   </trkpt>
   <trkpt lat="38.77018" lon="-0.14288">
    <ele>693.5600000000001</ele>
   </trkpt>
   <trkpt lat="38.770250000000004" lon="-0.14271">
    <ele>692.98</ele>
   </trkpt>
   <trkpt lat="38.770720000000004" lon="-0.14196">
    <ele>689.19</ele>
   </trkpt>
   <trkpt lat="38.77075000000001" lon="-0.14188">
    <ele>688.4200000000001</ele>
   </trkpt>
   <trkpt lat="38.77075000000001" lon="-0.14171">
    <ele>686.8700000000001</ele>
   </trkpt>
   <trkpt lat="38.77073" lon="-0.14143">
    <ele>682.83</ele>
   </trkpt>
   <trkpt lat="38.77075000000001" lon="-0.14134000000000002">
    <ele>682.83</ele>
   </trkpt>
   <trkpt lat="38.770860000000006" lon="-0.14132">
    <ele>681.33</ele>
   </trkpt>
   <trkpt lat="38.77091" lon="-0.14138">
    <ele>679.97</ele>
   </trkpt>
   <trkpt lat="38.771570000000004" lon="-0.14216">
    <ele>673.5699999999999</ele>
   </trkpt>
   <trkpt lat="38.77167" lon="-0.14238">
    <ele>672.75</ele>
   </trkpt>
   <trkpt lat="38.7719" lon="-0.14304">
    <ele>673.52</ele>
   </trkpt>
   <trkpt lat="38.771950000000004" lon="-0.14309000000000002">
    <ele>673.51</ele>
   </trkpt>
   <trkpt lat="38.77201" lon="-0.1431">
    <ele>673.51</ele>
   </trkpt>
   <trkpt lat="38.77205" lon="-0.14296">
    <ele>670.96</ele>
   </trkpt>
   <trkpt lat="38.77214" lon="-0.14207">
    <ele>662.25</ele>
   </trkpt>
   <trkpt lat="38.77214" lon="-0.14174">
    <ele>661.4100000000001</ele>
   </trkpt>
   <trkpt lat="38.77208" lon="-0.14149">
    <ele>658.99</ele>
   </trkpt>
   <trkpt lat="38.7719" lon="-0.14104">
    <ele>654.12</ele>
   </trkpt>
   <trkpt lat="38.77181" lon="-0.14077">
    <ele>652.09</ele>
   </trkpt>
   <trkpt lat="38.77163" lon="-0.14038">
    <ele>645.83</ele>
   </trkpt>
   <trkpt lat="38.77158" lon="-0.14021">
    <ele>644.0</ele>
   </trkpt>
   <trkpt lat="38.771550000000005" lon="-0.13913">
    <ele>634.5400000000001</ele>
   </trkpt>
   <trkpt lat="38.77147" lon="-0.13846">
    <ele>628.23</ele>
   </trkpt>
   <trkpt lat="38.77138" lon="-0.13794">
    <ele>621.68</ele>
   </trkpt>
   <trkpt lat="38.77138" lon="-0.13783">
    <ele>621.68</ele>
   </trkpt>
   <trkpt lat="38.77141" lon="-0.13769">
    <ele>619.3100000000001</ele>
   </trkpt>
   <trkpt lat="38.77141" lon="-0.13735">
    <ele>613.6</ele>
   </trkpt>
   <trkpt lat="38.77147" lon="-0.1366">
    <ele>606.6700000000001</ele>
   </trkpt>
   <trkpt lat="38.771480000000004" lon="-0.13608">
    <ele>603.45</ele>
   </trkpt>
   <trkpt lat="38.77158" lon="-0.13536">
    <ele>597.8</ele>
   </trkpt>
   <trkpt lat="38.771570000000004" lon="-0.13524">
    <ele>595.41</ele>
   </trkpt>
   <trkpt lat="38.7714" lon="-0.13483">
    <ele>588.69</ele>
   </trkpt>
   <trkpt lat="38.771350000000005" lon="-0.13459000000000002">
    <ele>585.5600000000001</ele>
   </trkpt>
   <trkpt lat="38.771350000000005" lon="-0.13447">
    <ele>585.5600000000001</ele>
   </trkpt>
   <trkpt lat="38.771440000000005" lon="-0.13408">
    <ele>580.86</ele>
   </trkpt>
   <trkpt lat="38.77147" lon="-0.13366">
    <ele>578.6800000000001</ele>
   </trkpt>
   <trkpt lat="38.771550000000005" lon="-0.13311">
    <ele>577.49</ele>
   </trkpt>
   <trkpt lat="38.77161" lon="-0.13238">
    <ele>575.1800000000001</ele>
   </trkpt>
   <trkpt lat="38.77168" lon="-0.132">
    <ele>572.08</ele>
   </trkpt>
   <trkpt lat="38.771730000000005" lon="-0.13187000000000001">
    <ele>571.8199999999999</ele>
   </trkpt>
   <trkpt lat="38.77194" lon="-0.13158">
    <ele>571.4200000000001</ele>
   </trkpt>
   <trkpt lat="38.77208" lon="-0.13103">
    <ele>569.7800000000001</ele>
   </trkpt>
   <trkpt lat="38.77212" lon="-0.1305">
    <ele>567.2700000000001</ele>
   </trkpt>
   <trkpt lat="38.77212" lon="-0.13008">
    <ele>562.38</ele>
   </trkpt>
   <trkpt lat="38.772090000000006" lon="-0.12997">
    <ele>561.88</ele>
   </trkpt>
   <trkpt lat="38.772000000000006" lon="-0.12978">
    <ele>560.22</ele>
   </trkpt>
   <trkpt lat="38.77194" lon="-0.1295">
    <ele>558.64</ele>
   </trkpt>
   <trkpt lat="38.77194" lon="-0.12895">
    <ele>556.62</ele>
   </trkpt>
   <trkpt lat="38.77216000000001" lon="-0.12859">
    <ele>554.09</ele>
   </trkpt>
   <trkpt lat="38.7721" lon="-0.12831">
    <ele>553.42</ele>
   </trkpt>
   <trkpt lat="38.77212" lon="-0.1279">
    <ele>551.22</ele>
   </trkpt>
   <trkpt lat="38.772560000000006" lon="-0.128">
    <ele>549.2600000000001</ele>
   </trkpt>
   <trkpt lat="38.77259" lon="-0.12811">
    <ele>549.01</ele>
   </trkpt>
   <trkpt lat="38.772760000000005" lon="-0.128">
    <ele>547.82</ele>
   </trkpt>
   <trkpt lat="38.77284" lon="-0.12785000000000002">
    <ele>545.7</ele>
   </trkpt>
   <trkpt lat="38.773340000000005" lon="-0.12806">
    <ele>543.46</ele>
   </trkpt>
   <trkpt lat="38.77338" lon="-0.12805">
    <ele>543.46</ele>
   </trkpt>
   <trkpt lat="38.773410000000005" lon="-0.12803">
    <ele>543.3800000000001</ele>
   </trkpt>
   <trkpt lat="38.77346" lon="-0.12789">
    <ele>543.01</ele>
   </trkpt>
   <trkpt lat="38.77349" lon="-0.12746000000000002">
    <ele>540.08</ele>
   </trkpt>
   <trkpt lat="38.77353" lon="-0.12721000000000002">
    <ele>538.44</ele>
   </trkpt>
   <trkpt lat="38.77358" lon="-0.12701">
    <ele>537.21</ele>
   </trkpt>
   <trkpt lat="38.77366000000001" lon="-0.12686">
    <ele>535.37</ele>
   </trkpt>
   <trkpt lat="38.773700000000005" lon="-0.12667">
    <ele>533.1800000000001</ele>
   </trkpt>
   <trkpt lat="38.773680000000006" lon="-0.1265">
    <ele>530.13</ele>
   </trkpt>
   <trkpt lat="38.77358" lon="-0.12598">
    <ele>523.87</ele>
   </trkpt>
   <trkpt lat="38.773430000000005" lon="-0.12573">
    <ele>523.42</ele>
   </trkpt>
   <trkpt lat="38.77315" lon="-0.12556">
    <ele>522.64</ele>
   </trkpt>
   <trkpt lat="38.773" lon="-0.12555000000000002">
    <ele>522.58</ele>
   </trkpt>
   <trkpt lat="38.77284" lon="-0.12564">
    <ele>522.6700000000001</ele>
   </trkpt>
   <trkpt lat="38.772670000000005" lon="-0.12567">
    <ele>522.63</ele>
   </trkpt>
   <trkpt lat="38.772560000000006" lon="-0.12564">
    <ele>521.6700000000001</ele>
   </trkpt>
   <trkpt lat="38.772490000000005" lon="-0.12556">
    <ele>521.6700000000001</ele>
   </trkpt>
   <trkpt lat="38.772270000000006" lon="-0.12524000000000002">
    <ele>519.02</ele>
   </trkpt>
   <trkpt lat="38.772040000000004" lon="-0.12477">
    <ele>517.03</ele>
   </trkpt>
   <trkpt lat="38.77188" lon="-0.12438">
    <ele>516.27</ele>
   </trkpt>
   <trkpt lat="38.77179" lon="-0.12402">
    <ele>515.24</ele>
   </trkpt>
   <trkpt lat="38.771620000000006" lon="-0.12308000000000001">
    <ele>512.3100000000001</ele>
   </trkpt>
   <trkpt lat="38.77143" lon="-0.12248">
    <ele>510.4000000000001</ele>
   </trkpt>
   <trkpt lat="38.77136" lon="-0.12240000000000001">
    <ele>509.90000000000003</ele>
   </trkpt>
   <trkpt lat="38.771280000000004" lon="-0.12234">
    <ele>509.90000000000003</ele>
   </trkpt>
   <trkpt lat="38.7708" lon="-0.12226000000000001">
    <ele>506.93</ele>
   </trkpt>
   <trkpt lat="38.77071" lon="-0.12219000000000001">
    <ele>506.93</ele>
   </trkpt>
   <trkpt lat="38.77065" lon="-0.12208000000000001">
    <ele>505.83</ele>
   </trkpt>
   <trkpt lat="38.77064" lon="-0.12201000000000001">
    <ele>505.83</ele>
   </trkpt>
   <trkpt lat="38.77067" lon="-0.12190000000000001">
    <ele>505.19</ele>
   </trkpt>
   <trkpt lat="38.771080000000005" lon="-0.12115000000000001">
    <ele>503.39</ele>
   </trkpt>
   <trkpt lat="38.77116" lon="-0.12094">
    <ele>503.33000000000004</ele>
   </trkpt>
   <trkpt lat="38.771190000000004" lon="-0.12079000000000001">
    <ele>503.33000000000004</ele>
   </trkpt>
   <trkpt lat="38.77113000000001" lon="-0.12061000000000001">
    <ele>503.24</ele>
   </trkpt>
   <trkpt lat="38.770790000000005" lon="-0.12019">
    <ele>500.14000000000004</ele>
   </trkpt>
   <trkpt lat="38.77071" lon="-0.12005">
    <ele>500.14000000000004</ele>
   </trkpt>
   <trkpt lat="38.77066000000001" lon="-0.11983">
    <ele>497.95000000000005</ele>
   </trkpt>
   <trkpt lat="38.77066000000001" lon="-0.11972000000000001">
    <ele>497.95000000000005</ele>
   </trkpt>
   <trkpt lat="38.77069" lon="-0.11960000000000001">
    <ele>497.12000000000006</ele>
   </trkpt>
   <trkpt lat="38.770790000000005" lon="-0.11950000000000001">
    <ele>495.58</ele>
   </trkpt>
   <trkpt lat="38.77149" lon="-0.11918000000000001">
    <ele>494.39000000000004</ele>
   </trkpt>
   <trkpt lat="38.77159" lon="-0.11908">
    <ele>494.41</ele>
   </trkpt>
   <trkpt lat="38.77163" lon="-0.11900000000000001">
    <ele>494.31</ele>
   </trkpt>
   <trkpt lat="38.771620000000006" lon="-0.11893000000000001">
    <ele>494.19</ele>
   </trkpt>
   <trkpt lat="38.77156" lon="-0.11882000000000001">
    <ele>493.55</ele>
   </trkpt>
   <trkpt lat="38.77143" lon="-0.11872">
    <ele>492.38000000000005</ele>
   </trkpt>
   <trkpt lat="38.77138" lon="-0.11862">
    <ele>491.82000000000005</ele>
   </trkpt>
   <trkpt lat="38.77138" lon="-0.11854">
    <ele>491.82000000000005</ele>
   </trkpt>
   <trkpt lat="38.77143" lon="-0.1184">
    <ele>491.82000000000005</ele>
   </trkpt>
   <trkpt lat="38.77165" lon="-0.11815">
    <ele>489.00000000000006</ele>
   </trkpt>
   <trkpt lat="38.77176" lon="-0.11800000000000001">
    <ele>489.00000000000006</ele>
   </trkpt>
   <trkpt lat="38.77183" lon="-0.11782000000000001">
    <ele>487.82</ele>
   </trkpt>
   <trkpt lat="38.771860000000004" lon="-0.11769">
    <ele>487.31</ele>
   </trkpt>
   <trkpt lat="38.77178" lon="-0.11725000000000001">
    <ele>485.19000000000005</ele>
   </trkpt>
   <trkpt lat="38.771800000000006" lon="-0.11708">
    <ele>484.53000000000003</ele>
   </trkpt>
   <trkpt lat="38.771840000000005" lon="-0.11697">
    <ele>484.53000000000003</ele>
   </trkpt>
   <trkpt lat="38.77206" lon="-0.11668">
    <ele>482.64</ele>
   </trkpt>
   <trkpt lat="38.772200000000005" lon="-0.11636">
    <ele>481.12000000000006</ele>
   </trkpt>
   <trkpt lat="38.772540000000006" lon="-0.11610000000000001">
    <ele>479.40000000000003</ele>
   </trkpt>
   <trkpt lat="38.772690000000004" lon="-0.11603000000000001">
    <ele>478.09000000000003</ele>
   </trkpt>
   <trkpt lat="38.77328" lon="-0.11589">
    <ele>473.51000000000005</ele>
   </trkpt>
   <trkpt lat="38.773810000000005" lon="-0.11578000000000001">
    <ele>468.84000000000003</ele>
   </trkpt>
   <trkpt lat="38.77412" lon="-0.11567000000000001">
    <ele>467.79</ele>
   </trkpt>
   <trkpt lat="38.774480000000004" lon="-0.11544000000000001">
    <ele>463.84000000000003</ele>
   </trkpt>
   <trkpt lat="38.77412" lon="-0.11567000000000001">
    <ele>467.79</ele>
   </trkpt>
   <trkpt lat="38.773810000000005" lon="-0.11578000000000001">
    <ele>468.84000000000003</ele>
   </trkpt>
   <trkpt lat="38.77337" lon="-0.11587000000000001">
    <ele>472.82</ele>
   </trkpt>
   <trkpt lat="38.773810000000005" lon="-0.11578000000000001">
    <ele>468.84000000000003</ele>
   </trkpt>
   <trkpt lat="38.77412" lon="-0.11567000000000001">
    <ele>467.79</ele>
   </trkpt>
   <trkpt lat="38.774640000000005" lon="-0.11535000000000001">
    <ele>461.14000000000004</ele>
   </trkpt>
   <trkpt lat="38.77478" lon="-0.11518">
    <ele>461.14000000000004</ele>
   </trkpt>
   <trkpt lat="38.77494" lon="-0.11493">
    <ele>459.3</ele>
   </trkpt>
   <trkpt lat="38.775090000000006" lon="-0.11474000000000001">
    <ele>458.82000000000005</ele>
   </trkpt>
   <trkpt lat="38.77561" lon="-0.11439">
    <ele>457.64000000000004</ele>
   </trkpt>
   <trkpt lat="38.77577" lon="-0.11426000000000001">
    <ele>456.88000000000005</ele>
   </trkpt>
   <trkpt lat="38.775920000000006" lon="-0.11406000000000001">
    <ele>454.44</ele>
   </trkpt>
   <trkpt lat="38.77622" lon="-0.11361">
    <ele>451.79</ele>
   </trkpt>
   <trkpt lat="38.776430000000005" lon="-0.1131">
    <ele>447.97</ele>
   </trkpt>
   <trkpt lat="38.77658" lon="-0.11285">
    <ele>446.68</ele>
   </trkpt>
   <trkpt lat="38.776720000000005" lon="-0.11252000000000001">
    <ele>445.83000000000004</ele>
   </trkpt>
   <trkpt lat="38.776830000000004" lon="-0.11235">
    <ele>445.66</ele>
   </trkpt>
   <trkpt lat="38.77703" lon="-0.11217">
    <ele>445.56</ele>
   </trkpt>
   <trkpt lat="38.77725" lon="-0.11192">
    <ele>445.37000000000006</ele>
   </trkpt>
   <trkpt lat="38.777800000000006" lon="-0.11164">
    <ele>444.66</ele>
   </trkpt>
   <trkpt lat="38.77787" lon="-0.11159000000000001">
    <ele>444.47</ele>
   </trkpt>
   <trkpt lat="38.77797" lon="-0.11142">
    <ele>444.47</ele>
   </trkpt>
   <trkpt lat="38.77807000000001" lon="-0.11119000000000001">
    <ele>443.93000000000006</ele>
   </trkpt>
   <trkpt lat="38.77817" lon="-0.11059000000000001">
    <ele>442.61000000000007</ele>
   </trkpt>
   <trkpt lat="38.7783" lon="-0.11015000000000001">
    <ele>441.99000000000007</ele>
   </trkpt>
   <trkpt lat="38.778310000000005" lon="-0.11001000000000001">
    <ele>441.82000000000005</ele>
   </trkpt>
   <trkpt lat="38.778270000000006" lon="-0.10988">
    <ele>440.75</ele>
   </trkpt>
   <trkpt lat="38.77816" lon="-0.10973000000000001">
    <ele>439.14000000000004</ele>
   </trkpt>
   <trkpt lat="38.7781" lon="-0.10959">
    <ele>438.73</ele>
   </trkpt>
   <trkpt lat="38.7781" lon="-0.10945">
    <ele>438.37</ele>
   </trkpt>
   <trkpt lat="38.778130000000004" lon="-0.10935">
    <ele>438.37</ele>
   </trkpt>
   <trkpt lat="38.7783" lon="-0.10891">
    <ele>434.19</ele>
   </trkpt>
   <trkpt lat="38.77828" lon="-0.10887000000000001">
    <ele>432.83000000000004</ele>
   </trkpt>
   <trkpt lat="38.77828" lon="-0.10884">
    <ele>432.83000000000004</ele>
   </trkpt>
   <trkpt lat="38.778360000000006" lon="-0.10858000000000001">
    <ele>430.92</ele>
   </trkpt>
   <trkpt lat="38.778360000000006" lon="-0.10848000000000001">
    <ele>430.72</ele>
   </trkpt>
   <trkpt lat="38.778270000000006" lon="-0.10838">
    <ele>429.8</ele>
   </trkpt>
   <trkpt lat="38.777930000000005" lon="-0.10826000000000001">
    <ele>426.71000000000004</ele>
   </trkpt>
   <trkpt lat="38.77743" lon="-0.10793000000000001">
    <ele>424.18000000000006</ele>
   </trkpt>
   <trkpt lat="38.777750000000005" lon="-0.10815000000000001">
    <ele>425.64</ele>
   </trkpt>
   <trkpt lat="38.77761" lon="-0.10826000000000001">
    <ele>429.75</ele>
   </trkpt>
   <trkpt lat="38.777590000000004" lon="-0.10830000000000001">
    <ele>429.75</ele>
   </trkpt>
   <trkpt lat="38.7775" lon="-0.10875000000000001">
    <ele>435.8</ele>
   </trkpt>
   <trkpt lat="38.7775" lon="-0.10898000000000001">
    <ele>437.19</ele>
   </trkpt>
   <trkpt lat="38.77752" lon="-0.10914000000000001">
    <ele>438.93</ele>
   </trkpt>
   <trkpt lat="38.77752" lon="-0.10934">
    <ele>440.14000000000004</ele>
   </trkpt>
   <trkpt lat="38.77778" lon="-0.10937000000000001">
    <ele>438.95000000000005</ele>
   </trkpt>
   <trkpt lat="38.7781" lon="-0.10945">
    <ele>438.37</ele>
   </trkpt>
   <trkpt lat="38.778130000000004" lon="-0.10935">
    <ele>438.37</ele>
   </trkpt>
   <trkpt lat="38.7783" lon="-0.10891">
    <ele>434.19</ele>
   </trkpt>
   <trkpt lat="38.77828" lon="-0.10887000000000001">
    <ele>434.19</ele>
   </trkpt>
   <trkpt lat="38.77828" lon="-0.10884">
    <ele>434.19</ele>
   </trkpt>
   <trkpt lat="38.778360000000006" lon="-0.10858000000000001">
    <ele>430.92</ele>
   </trkpt>
   <trkpt lat="38.778360000000006" lon="-0.10848000000000001">
    <ele>430.72</ele>
   </trkpt>
   <trkpt lat="38.77834" lon="-0.10844000000000001">
    <ele>430.72</ele>
   </trkpt>
   <trkpt lat="38.778270000000006" lon="-0.10838">
    <ele>429.8</ele>
   </trkpt>
   <trkpt lat="38.777930000000005" lon="-0.10826000000000001">
    <ele>426.71000000000004</ele>
   </trkpt>
   <trkpt lat="38.77745" lon="-0.10794000000000001">
    <ele>424.42</ele>
   </trkpt>
   <trkpt lat="38.777010000000004" lon="-0.10759">
    <ele>421.96000000000004</ele>
   </trkpt>
   <trkpt lat="38.77666" lon="-0.10737000000000001">
    <ele>419.02000000000004</ele>
   </trkpt>
   <trkpt lat="38.77655" lon="-0.10734">
    <ele>418.2</ele>
   </trkpt>
   <trkpt lat="38.77617" lon="-0.10743000000000001">
    <ele>413.96000000000004</ele>
   </trkpt>
   <trkpt lat="38.77606" lon="-0.10741">
    <ele>413.01000000000005</ele>
   </trkpt>
   <trkpt lat="38.77599" lon="-0.10737000000000001">
    <ele>412.22</ele>
   </trkpt>
   <trkpt lat="38.775650000000006" lon="-0.10702">
    <ele>409.68000000000006</ele>
   </trkpt>
   <trkpt lat="38.77532" lon="-0.10687">
    <ele>408.0</ele>
   </trkpt>
   <trkpt lat="38.77521" lon="-0.10676000000000001">
    <ele>406.98</ele>
   </trkpt>
   <trkpt lat="38.775130000000004" lon="-0.10659">
    <ele>405.82</ele>
   </trkpt>
   <trkpt lat="38.77503" lon="-0.10587">
    <ele>399.46000000000004</ele>
   </trkpt>
   <trkpt lat="38.775040000000004" lon="-0.10576">
    <ele>398.45000000000005</ele>
   </trkpt>
   <trkpt lat="38.775180000000006" lon="-0.10522000000000001">
    <ele>394.76000000000005</ele>
   </trkpt>
   <trkpt lat="38.77532" lon="-0.10447000000000001">
    <ele>392.95</ele>
   </trkpt>
   <trkpt lat="38.77532" lon="-0.10429000000000001">
    <ele>392.95</ele>
   </trkpt>
   <trkpt lat="38.77528" lon="-0.10404000000000001">
    <ele>391.85</ele>
   </trkpt>
   <trkpt lat="38.775270000000006" lon="-0.10373">
    <ele>391.17</ele>
   </trkpt>
   <trkpt lat="38.77523" lon="-0.10364000000000001">
    <ele>390.97</ele>
   </trkpt>
   <trkpt lat="38.775090000000006" lon="-0.10358">
    <ele>390.47</ele>
   </trkpt>
   <trkpt lat="38.77492" lon="-0.10354000000000001">
    <ele>389.71000000000004</ele>
   </trkpt>
   <trkpt lat="38.77483" lon="-0.10348">
    <ele>389.71000000000004</ele>
   </trkpt>
   <trkpt lat="38.77481" lon="-0.1034">
    <ele>389.71000000000004</ele>
   </trkpt>
   <trkpt lat="38.77492" lon="-0.10282000000000001">
    <ele>388.35</ele>
   </trkpt>
   <trkpt lat="38.774980000000006" lon="-0.10268000000000001">
    <ele>387.91</ele>
   </trkpt>
   <trkpt lat="38.775180000000006" lon="-0.10232000000000001">
    <ele>387.12</ele>
   </trkpt>
   <trkpt lat="38.77525" lon="-0.10186">
    <ele>386.22</ele>
   </trkpt>
   <trkpt lat="38.775240000000004" lon="-0.10154">
    <ele>385.93000000000006</ele>
   </trkpt>
   <trkpt lat="38.77517" lon="-0.10132000000000001">
    <ele>386.49000000000007</ele>
   </trkpt>
   <trkpt lat="38.775130000000004" lon="-0.10111">
    <ele>387.79</ele>
   </trkpt>
   <trkpt lat="38.775150000000004" lon="-0.1004">
    <ele>393.43000000000006</ele>
   </trkpt>
   <trkpt lat="38.775090000000006" lon="-0.10004">
    <ele>395.62</ele>
   </trkpt>
   <trkpt lat="38.7749" lon="-0.09965">
    <ele>396.59000000000003</ele>
   </trkpt>
   <trkpt lat="38.77478" lon="-0.09929">
    <ele>397.33</ele>
   </trkpt>
   <trkpt lat="38.774750000000004" lon="-0.09908">
    <ele>397.5400000000001</ele>
   </trkpt>
   <trkpt lat="38.774730000000005" lon="-0.09860000000000001">
    <ele>398.58000000000004</ele>
   </trkpt>
   <trkpt lat="38.77441" lon="-0.09782">
    <ele>399.43</ele>
   </trkpt>
   <trkpt lat="38.77422" lon="-0.09742">
    <ele>396.85</ele>
   </trkpt>
   <trkpt lat="38.77405" lon="-0.09676000000000001">
    <ele>389.53000000000003</ele>
   </trkpt>
   <trkpt lat="38.773990000000005" lon="-0.09632">
    <ele>385.76000000000005</ele>
   </trkpt>
   <trkpt lat="38.774" lon="-0.09624">
    <ele>385.76000000000005</ele>
   </trkpt>
   <trkpt lat="38.77403" lon="-0.09617">
    <ele>385.76000000000005</ele>
   </trkpt>
   <trkpt lat="38.77414" lon="-0.09605000000000001">
    <ele>383.37000000000006</ele>
   </trkpt>
   <trkpt lat="38.774350000000005" lon="-0.09593">
    <ele>381.8</ele>
   </trkpt>
   <trkpt lat="38.7744" lon="-0.09589">
    <ele>381.8</ele>
   </trkpt>
   <trkpt lat="38.77445" lon="-0.09581">
    <ele>379.72</ele>
   </trkpt>
   <trkpt lat="38.77443" lon="-0.09538">
    <ele>377.21000000000004</ele>
   </trkpt>
   <trkpt lat="38.774440000000006" lon="-0.09495">
    <ele>374.85</ele>
   </trkpt>
   <trkpt lat="38.774460000000005" lon="-0.09482">
    <ele>373.97</ele>
   </trkpt>
   <trkpt lat="38.77454" lon="-0.09473000000000001">
    <ele>372.97</ele>
   </trkpt>
   <trkpt lat="38.77494" lon="-0.09463">
    <ele>368.20000000000005</ele>
   </trkpt>
   <trkpt lat="38.775020000000005" lon="-0.09456">
    <ele>367.51</ele>
   </trkpt>
   <trkpt lat="38.775220000000004" lon="-0.09413">
    <ele>367.3</ele>
   </trkpt>
   <trkpt lat="38.775220000000004" lon="-0.09403">
    <ele>367.46</ele>
   </trkpt>
   <trkpt lat="38.77519" lon="-0.09397000000000001">
    <ele>367.46</ele>
   </trkpt>
   <trkpt lat="38.77461" lon="-0.09349">
    <ele>365.95000000000005</ele>
   </trkpt>
   <trkpt lat="38.77454" lon="-0.09337000000000001">
    <ele>364.64</ele>
   </trkpt>
   <trkpt lat="38.774530000000006" lon="-0.09317">
    <ele>363.23</ele>
   </trkpt>
   <trkpt lat="38.77465" lon="-0.09262000000000001">
    <ele>357.68000000000006</ele>
   </trkpt>
   <trkpt lat="38.774660000000004" lon="-0.09248">
    <ele>356.77000000000004</ele>
   </trkpt>
   <trkpt lat="38.77461" lon="-0.09228">
    <ele>354.49</ele>
   </trkpt>
   <trkpt lat="38.77454" lon="-0.09219000000000001">
    <ele>353.43</ele>
   </trkpt>
   <trkpt lat="38.774480000000004" lon="-0.09216">
    <ele>353.43</ele>
   </trkpt>
   <trkpt lat="38.7744" lon="-0.09216">
    <ele>351.15000000000003</ele>
   </trkpt>
   <trkpt lat="38.77423" lon="-0.09223">
    <ele>349.66</ele>
   </trkpt>
   <trkpt lat="38.77396" lon="-0.09241">
    <ele>347.7</ele>
   </trkpt>
   <trkpt lat="38.77387" lon="-0.09250000000000001">
    <ele>346.67</ele>
   </trkpt>
   <trkpt lat="38.77367" lon="-0.09273">
    <ele>346.22</ele>
   </trkpt>
   <trkpt lat="38.77355" lon="-0.09292">
    <ele>344.56</ele>
   </trkpt>
   <trkpt lat="38.773410000000005" lon="-0.09331">
    <ele>342.88</ele>
   </trkpt>
   <trkpt lat="38.77337" lon="-0.09335">
    <ele>342.88</ele>
   </trkpt>
   <trkpt lat="38.773340000000005" lon="-0.09335">
    <ele>342.88</ele>
   </trkpt>
   <trkpt lat="38.773050000000005" lon="-0.09313">
    <ele>339.75000000000006</ele>
   </trkpt>
   <trkpt lat="38.772710000000004" lon="-0.09291">
    <ele>337.28000000000003</ele>
   </trkpt>
   <trkpt lat="38.77263000000001" lon="-0.09291">
    <ele>336.5</ele>
   </trkpt>
   <trkpt lat="38.77226" lon="-0.09319000000000001">
    <ele>332.09000000000003</ele>
   </trkpt>
   <trkpt lat="38.772180000000006" lon="-0.09321">
    <ele>332.09000000000003</ele>
   </trkpt>
   <trkpt lat="38.77205" lon="-0.0932">
    <ele>330.82</ele>
   </trkpt>
   <trkpt lat="38.771980000000006" lon="-0.09317">
    <ele>329.82</ele>
   </trkpt>
   <trkpt lat="38.77192" lon="-0.09312000000000001">
    <ele>329.82</ele>
   </trkpt>
   <trkpt lat="38.77181" lon="-0.09284">
    <ele>325.37000000000006</ele>
   </trkpt>
   <trkpt lat="38.771710000000006" lon="-0.09245">
    <ele>322.47</ele>
   </trkpt>
   <trkpt lat="38.771480000000004" lon="-0.09137">
    <ele>317.69</ele>
   </trkpt>
   <trkpt lat="38.77141" lon="-0.0912">
    <ele>317.14000000000004</ele>
   </trkpt>
   <trkpt lat="38.771370000000005" lon="-0.09115000000000001">
    <ele>317.14000000000004</ele>
   </trkpt>
   <trkpt lat="38.77111" lon="-0.09098">
    <ele>315.62</ele>
   </trkpt>
   <trkpt lat="38.771060000000006" lon="-0.09091">
    <ele>315.52000000000004</ele>
   </trkpt>
   <trkpt lat="38.77105" lon="-0.09069">
    <ele>315.11</ele>
   </trkpt>
   <trkpt lat="38.771170000000005" lon="-0.09004000000000001">
    <ele>314.01</ele>
   </trkpt>
   <trkpt lat="38.771170000000005" lon="-0.08991">
    <ele>314.07</ele>
   </trkpt>
   <trkpt lat="38.771100000000004" lon="-0.0897">
    <ele>314.58000000000004</ele>
   </trkpt>
   <trkpt lat="38.77109" lon="-0.08954000000000001">
    <ele>315.25</ele>
   </trkpt>
   <trkpt lat="38.77111" lon="-0.08947000000000001">
    <ele>315.25</ele>
   </trkpt>
   <trkpt lat="38.77136" lon="-0.08904000000000001">
    <ele>317.21000000000004</ele>
   </trkpt>
   <trkpt lat="38.771240000000006" lon="-0.08833">
    <ele>321.71000000000004</ele>
   </trkpt>
   <trkpt lat="38.77123" lon="-0.08815">
    <ele>322.78000000000003</ele>
   </trkpt>
   <trkpt lat="38.77125" lon="-0.08808">
    <ele>323.22</ele>
   </trkpt>
   <trkpt lat="38.77143" lon="-0.08791">
    <ele>323.94</ele>
   </trkpt>
   <trkpt lat="38.771510000000006" lon="-0.0878">
    <ele>324.01</ele>
   </trkpt>
   <trkpt lat="38.771550000000005" lon="-0.08768000000000001">
    <ele>323.70000000000005</ele>
   </trkpt>
   <trkpt lat="38.77169000000001" lon="-0.08700000000000001">
    <ele>318.3</ele>
   </trkpt>
   <trkpt lat="38.77172" lon="-0.08676">
    <ele>314.43000000000006</ele>
   </trkpt>
   <trkpt lat="38.7717" lon="-0.08658">
    <ele>312.76000000000005</ele>
   </trkpt>
   <trkpt lat="38.77156" lon="-0.08615">
    <ele>305.93</ele>
   </trkpt>
   <trkpt lat="38.77141" lon="-0.08586">
    <ele>304.61</ele>
   </trkpt>
   <trkpt lat="38.77127" lon="-0.08569">
    <ele>304.32000000000005</ele>
   </trkpt>
   <trkpt lat="38.77079499979112" lon="-0.08557999920723874">
    <ele>305.19</ele>
   </trkpt>
   <trkpt lat="38.770320000000005" lon="-0.08547">
    <ele>306.91</ele>
   </trkpt>
   <trkpt lat="38.7699" lon="-0.08534000000000001">
    <ele>308.28</ele>
   </trkpt>
   <trkpt lat="38.769780000000004" lon="-0.08528000000000001">
    <ele>308.4</ele>
   </trkpt>
   <trkpt lat="38.769470000000005" lon="-0.08518">
    <ele>308.76000000000005</ele>
   </trkpt>
   <trkpt lat="38.76897" lon="-0.08519">
    <ele>309.47</ele>
   </trkpt>
   <trkpt lat="38.768800000000006" lon="-0.08523">
    <ele>309.96</ele>
   </trkpt>
   <trkpt lat="38.768550000000005" lon="-0.08543">
    <ele>311.27000000000004</ele>
   </trkpt>
   <trkpt lat="38.76843" lon="-0.0854">
    <ele>311.72</ele>
   </trkpt>
   <trkpt lat="38.76829" lon="-0.08534000000000001">
    <ele>312.0</ele>
   </trkpt>
   <trkpt lat="38.768260000000005" lon="-0.08526">
    <ele>311.71000000000004</ele>
   </trkpt>
   <trkpt lat="38.76839000141159" lon="-0.0847000006952329">
    <ele>309.23</ele>
   </trkpt>
   <trkpt lat="38.76852" lon="-0.08414">
    <ele>306.97</ele>
   </trkpt>
   <trkpt lat="38.768710000000006" lon="-0.08346">
    <ele>303.71000000000004</ele>
   </trkpt>
   <trkpt lat="38.76872" lon="-0.08336">
    <ele>303.71000000000004</ele>
   </trkpt>
   <trkpt lat="38.76869000000001" lon="-0.08325">
    <ele>303.71000000000004</ele>
   </trkpt>
   <trkpt lat="38.768620000000006" lon="-0.08315">
    <ele>302.82000000000005</ele>
   </trkpt>
   <trkpt lat="38.76841" lon="-0.08299000000000001">
    <ele>302.50000000000006</ele>
   </trkpt>
   <trkpt lat="38.76832" lon="-0.08296">
    <ele>301.63</ele>
   </trkpt>
   <trkpt lat="38.768280000000004" lon="-0.08289">
    <ele>301.63</ele>
   </trkpt>
   <trkpt lat="38.76827" lon="-0.08281000000000001">
    <ele>301.63</ele>
   </trkpt>
   <trkpt lat="38.76832" lon="-0.0826">
    <ele>301.01</ele>
   </trkpt>
   <trkpt lat="38.76832" lon="-0.0825">
    <ele>300.43</ele>
   </trkpt>
   <trkpt lat="38.76821" lon="-0.08234000000000001">
    <ele>300.12</ele>
   </trkpt>
   <trkpt lat="38.768130000000006" lon="-0.08235">
    <ele>300.12</ele>
   </trkpt>
   <trkpt lat="38.76767" lon="-0.08261">
    <ele>298.67</ele>
   </trkpt>
   <trkpt lat="38.766870000000004" lon="-0.08303">
    <ele>295.96</ele>
   </trkpt>
   <trkpt lat="38.76673" lon="-0.08307">
    <ele>295.97</ele>
   </trkpt>
   <trkpt lat="38.76666" lon="-0.08306000000000001">
    <ele>296.03000000000003</ele>
   </trkpt>
   <trkpt lat="38.766470000000005" lon="-0.08299000000000001">
    <ele>296.31</ele>
   </trkpt>
   <trkpt lat="38.766040000000004" lon="-0.08279">
    <ele>296.36</ele>
   </trkpt>
   <trkpt lat="38.765660000000004" lon="-0.08246">
    <ele>295.28000000000003</ele>
   </trkpt>
   <trkpt lat="38.76543" lon="-0.08229">
    <ele>294.64</ele>
   </trkpt>
   <trkpt lat="38.765080000000005" lon="-0.08211">
    <ele>293.24</ele>
   </trkpt>
   <trkpt lat="38.764860000000006" lon="-0.08206000000000001">
    <ele>292.81</ele>
   </trkpt>
   <trkpt lat="38.764450000000004" lon="-0.08203">
    <ele>292.78000000000003</ele>
   </trkpt>
   <trkpt lat="38.76389" lon="-0.08189">
    <ele>293.24</ele>
   </trkpt>
   <trkpt lat="38.763450000000006" lon="-0.08178">
    <ele>293.37</ele>
   </trkpt>
   <trkpt lat="38.76326" lon="-0.08168">
    <ele>293.33000000000004</ele>
   </trkpt>
   <trkpt lat="38.763130000000004" lon="-0.08164">
    <ele>293.33000000000004</ele>
   </trkpt>
   <trkpt lat="38.76276" lon="-0.08161">
    <ele>292.84000000000003</ele>
   </trkpt>
   <trkpt lat="38.762690000000006" lon="-0.08157">
    <ele>292.84000000000003</ele>
   </trkpt>
   <trkpt lat="38.76239" lon="-0.08127000000000001">
    <ele>289.86</ele>
   </trkpt>
   <trkpt lat="38.76187" lon="-0.08181000000000001">
    <ele>286.90000000000003</ele>
   </trkpt>
   <trkpt lat="38.76169" lon="-0.08193">
    <ele>286.23</ele>
   </trkpt>
   <trkpt lat="38.76165" lon="-0.08193">
    <ele>285.69</ele>
   </trkpt>
   <trkpt lat="38.761610000000005" lon="-0.08189">
    <ele>285.69</ele>
   </trkpt>
   <trkpt lat="38.76156" lon="-0.08196">
    <ele>285.84000000000003</ele>
   </trkpt>
   <trkpt lat="38.76147" lon="-0.08203">
    <ele>285.84000000000003</ele>
   </trkpt>
   <trkpt lat="38.760690000000004" lon="-0.08251">
    <ele>287.65000000000003</ele>
   </trkpt>
   <trkpt lat="38.76052" lon="-0.08264">
    <ele>287.98</ele>
   </trkpt>
   <trkpt lat="38.76023" lon="-0.08278">
    <ele>288.23</ele>
   </trkpt>
   <trkpt lat="38.759890000000006" lon="-0.08303">
    <ele>288.44</ele>
   </trkpt>
   <trkpt lat="38.75999" lon="-0.08330000000000001">
    <ele>288.38</ele>
   </trkpt>
   <trkpt lat="38.759690000000006" lon="-0.0835">
    <ele>287.68000000000006</ele>
   </trkpt>
   <trkpt lat="38.759660000000004" lon="-0.08357">
    <ele>287.39000000000004</ele>
   </trkpt>
   <trkpt lat="38.75965" lon="-0.08365">
    <ele>287.39000000000004</ele>
   </trkpt>
   <trkpt lat="38.75967" lon="-0.08372">
    <ele>287.07000000000005</ele>
   </trkpt>
   <trkpt lat="38.759910000000005" lon="-0.08409000000000001">
    <ele>286.54</ele>
   </trkpt>
   <trkpt lat="38.760070000000006" lon="-0.08438000000000001">
    <ele>286.49</ele>
   </trkpt>
   <trkpt lat="38.76028" lon="-0.08483">
    <ele>287.13</ele>
   </trkpt>
   <trkpt lat="38.76034000000001" lon="-0.08504">
    <ele>288.1</ele>
   </trkpt>
   <trkpt lat="38.76034000000001" lon="-0.08515">
    <ele>288.1</ele>
   </trkpt>
   <trkpt lat="38.760310000000004" lon="-0.08525">
    <ele>288.51000000000005</ele>
   </trkpt>
   <trkpt lat="38.76024" lon="-0.08533">
    <ele>288.88</ele>
   </trkpt>
   <trkpt lat="38.75974" lon="-0.08568">
    <ele>290.37</ele>
   </trkpt>
   <trkpt lat="38.759530000000005" lon="-0.08593">
    <ele>291.67</ele>
   </trkpt>
   <trkpt lat="38.759190000000004" lon="-0.08666">
    <ele>295.72</ele>
   </trkpt>
   <trkpt lat="38.759" lon="-0.08719">
    <ele>297.33000000000004</ele>
   </trkpt>
   <trkpt lat="38.75889" lon="-0.08761000000000001">
    <ele>299.34000000000003</ele>
   </trkpt>
   <trkpt lat="38.758770000000005" lon="-0.08825000000000001">
    <ele>301.61</ele>
   </trkpt>
   <trkpt lat="38.75865" lon="-0.08873">
    <ele>302.37</ele>
   </trkpt>
   <trkpt lat="38.758590000000005" lon="-0.08908">
    <ele>303.24</ele>
   </trkpt>
   <trkpt lat="38.75858" lon="-0.08926">
    <ele>303.76000000000005</ele>
   </trkpt>
   <trkpt lat="38.758590000000005" lon="-0.08938">
    <ele>303.76000000000005</ele>
   </trkpt>
   <trkpt lat="38.758770003487925" lon="-0.0902849977110016">
    <ele>307.73</ele>
   </trkpt>
   <trkpt lat="38.758950000000006" lon="-0.09119000000000001">
    <ele>310.77000000000004</ele>
   </trkpt>
   <trkpt lat="38.75905" lon="-0.09138">
    <ele>310.62</ele>
   </trkpt>
   <trkpt lat="38.7592" lon="-0.09156">
    <ele>310.27000000000004</ele>
   </trkpt>
   <trkpt lat="38.759510000000006" lon="-0.09177">
    <ele>310.56</ele>
   </trkpt>
   <trkpt lat="38.75958" lon="-0.09187000000000001">
    <ele>311.23</ele>
   </trkpt>
   <trkpt lat="38.75963" lon="-0.09203">
    <ele>311.23</ele>
   </trkpt>
   <trkpt lat="38.759600000000006" lon="-0.09238">
    <ele>311.78</ele>
   </trkpt>
   <trkpt lat="38.75963" lon="-0.09277">
    <ele>312.06</ele>
   </trkpt>
   <trkpt lat="38.75961" lon="-0.09295">
    <ele>312.42</ele>
   </trkpt>
   <trkpt lat="38.759550000000004" lon="-0.09305000000000001">
    <ele>312.56</ele>
   </trkpt>
   <trkpt lat="38.759510000000006" lon="-0.09309">
    <ele>312.56</ele>
   </trkpt>
   <trkpt lat="38.75929" lon="-0.09316">
    <ele>313.01</ele>
   </trkpt>
   <trkpt lat="38.75911" lon="-0.09330000000000001">
    <ele>313.98</ele>
   </trkpt>
   <trkpt lat="38.75903" lon="-0.09338">
    <ele>313.98</ele>
   </trkpt>
   <trkpt lat="38.75894" lon="-0.09353">
    <ele>314.92</ele>
   </trkpt>
   <trkpt lat="38.75885" lon="-0.09373000000000001">
    <ele>315.89</ele>
   </trkpt>
   <trkpt lat="38.75874" lon="-0.09407">
    <ele>317.08000000000004</ele>
   </trkpt>
   <trkpt lat="38.758630000000004" lon="-0.09459000000000001">
    <ele>317.59000000000003</ele>
   </trkpt>
   <trkpt lat="38.75854" lon="-0.09481">
    <ele>317.65000000000003</ele>
   </trkpt>
   <trkpt lat="38.75818" lon="-0.09552000000000001">
    <ele>317.75</ele>
   </trkpt>
   <trkpt lat="38.75801500128092" lon="-0.09606000112194066">
    <ele>318.03000000000003</ele>
   </trkpt>
   <trkpt lat="38.757850000000005" lon="-0.0966">
    <ele>319.84000000000003</ele>
   </trkpt>
   <trkpt lat="38.7578" lon="-0.09685">
    <ele>319.81000000000006</ele>
   </trkpt>
   <trkpt lat="38.757740000000005" lon="-0.09753">
    <ele>318.26000000000005</ele>
   </trkpt>
   <trkpt lat="38.75771" lon="-0.09767">
    <ele>318.26000000000005</ele>
   </trkpt>
   <trkpt lat="38.75757" lon="-0.09801000000000001">
    <ele>316.73</ele>
   </trkpt>
   <trkpt lat="38.75735" lon="-0.09872">
    <ele>314.15000000000003</ele>
   </trkpt>
   <trkpt lat="38.757290000000005" lon="-0.09907">
    <ele>313.3</ele>
   </trkpt>
   <trkpt lat="38.75726" lon="-0.09971000000000001">
    <ele>307.27000000000004</ele>
   </trkpt>
   <trkpt lat="38.75717" lon="-0.10017000000000001">
    <ele>306.71000000000004</ele>
   </trkpt>
   <trkpt lat="38.75717" lon="-0.10033">
    <ele>305.71000000000004</ele>
   </trkpt>
   <trkpt lat="38.75723" lon="-0.10083">
    <ele>304.3</ele>
   </trkpt>
   <trkpt lat="38.75719" lon="-0.10145000000000001">
    <ele>302.58</ele>
   </trkpt>
   <trkpt lat="38.757130000000004" lon="-0.10164000000000001">
    <ele>302.16</ele>
   </trkpt>
   <trkpt lat="38.75696000000001" lon="-0.10187">
    <ele>301.53000000000003</ele>
   </trkpt>
   <trkpt lat="38.75663" lon="-0.10207000000000001">
    <ele>298.33000000000004</ele>
   </trkpt>
   <trkpt lat="38.75647" lon="-0.10219">
    <ele>297.83000000000004</ele>
   </trkpt>
   <trkpt lat="38.75639" lon="-0.10229">
    <ele>297.29</ele>
   </trkpt>
   <trkpt lat="38.756370000000004" lon="-0.10236">
    <ele>297.29</ele>
   </trkpt>
   <trkpt lat="38.756370000000004" lon="-0.10247">
    <ele>295.33000000000004</ele>
   </trkpt>
   <trkpt lat="38.756440000000005" lon="-0.10287">
    <ele>292.96</ele>
   </trkpt>
   <trkpt lat="38.75647" lon="-0.10354000000000001">
    <ele>290.82</ele>
   </trkpt>
   <trkpt lat="38.75677" lon="-0.10426">
    <ele>285.81</ele>
   </trkpt>
   <trkpt lat="38.75681" lon="-0.10447000000000001">
    <ele>285.11</ele>
   </trkpt>
   <trkpt lat="38.75679" lon="-0.10464000000000001">
    <ele>284.90000000000003</ele>
   </trkpt>
   <trkpt lat="38.756690000000006" lon="-0.10499000000000001">
    <ele>284.90000000000003</ele>
   </trkpt>
   <trkpt lat="38.75668" lon="-0.10511000000000001">
    <ele>284.95000000000005</ele>
   </trkpt>
   <trkpt lat="38.756800000000005" lon="-0.10537">
    <ele>284.96999999999997</ele>
   </trkpt>
   <trkpt lat="38.75699" lon="-0.10551">
    <ele>285.16</ele>
   </trkpt>
   <trkpt lat="38.757160000000006" lon="-0.10569">
    <ele>286.09000000000003</ele>
   </trkpt>
   <trkpt lat="38.75735" lon="-0.10608000000000001">
    <ele>288.15000000000003</ele>
   </trkpt>
   <trkpt lat="38.757400000000004" lon="-0.1063">
    <ele>290.05</ele>
   </trkpt>
   <trkpt lat="38.75742" lon="-0.10713">
    <ele>295.15000000000003</ele>
   </trkpt>
   <trkpt lat="38.75739" lon="-0.10723">
    <ele>295.91</ele>
   </trkpt>
   <trkpt lat="38.75732" lon="-0.1073">
    <ele>296.59000000000003</ele>
   </trkpt>
   <trkpt lat="38.75723" lon="-0.10733000000000001">
    <ele>297.19</ele>
   </trkpt>
   <trkpt lat="38.75717" lon="-0.1073">
    <ele>297.72</ele>
   </trkpt>
   <trkpt lat="38.757130000000004" lon="-0.10723">
    <ele>297.72</ele>
   </trkpt>
   <trkpt lat="38.75699" lon="-0.10673">
    <ele>300.27000000000004</ele>
   </trkpt>
   <trkpt lat="38.756910000000005" lon="-0.10656">
    <ele>300.27000000000004</ele>
   </trkpt>
   <trkpt lat="38.756820000000005" lon="-0.10645">
    <ele>302.27000000000004</ele>
   </trkpt>
   <trkpt lat="38.7567" lon="-0.10637">
    <ele>302.27000000000004</ele>
   </trkpt>
   <trkpt lat="38.75658000000001" lon="-0.10633000000000001">
    <ele>302.27000000000004</ele>
   </trkpt>
   <trkpt lat="38.756130000000006" lon="-0.10639000000000001">
    <ele>305.49</ele>
   </trkpt>
   <trkpt lat="38.75602000000001" lon="-0.10647000000000001">
    <ele>306.69</ele>
   </trkpt>
   <trkpt lat="38.75582" lon="-0.10695">
    <ele>308.07</ele>
   </trkpt>
   <trkpt lat="38.75576" lon="-0.10702">
    <ele>308.34</ele>
   </trkpt>
   <trkpt lat="38.75569" lon="-0.10707000000000001">
    <ele>308.34</ele>
   </trkpt>
   <trkpt lat="38.75556" lon="-0.10712">
    <ele>308.34</ele>
   </trkpt>
   <trkpt lat="38.75510500012679" lon="-0.10728000101371797">
    <ele>305.74</ele>
   </trkpt>
   <trkpt lat="38.754650000000005" lon="-0.10744000000000001">
    <ele>305.15000000000003</ele>
   </trkpt>
   <trkpt lat="38.7543" lon="-0.10762000000000001">
    <ele>305.8</ele>
   </trkpt>
   <trkpt lat="38.75379000061228" lon="-0.10802500296236439">
    <ele>308.26000000000005</ele>
   </trkpt>
   <trkpt lat="38.753280000000004" lon="-0.10843000000000001">
    <ele>310.15000000000003</ele>
   </trkpt>
   <trkpt lat="38.75323" lon="-0.10855000000000001">
    <ele>310.94000000000005</ele>
   </trkpt>
   <trkpt lat="38.753220000000006" lon="-0.10873000000000001">
    <ele>311.38000000000005</ele>
   </trkpt>
   <trkpt lat="38.75318" lon="-0.10880000000000001">
    <ele>311.76000000000005</ele>
   </trkpt>
   <trkpt lat="38.753060000000005" lon="-0.10880000000000001">
    <ele>311.76000000000005</ele>
   </trkpt>
   <trkpt lat="38.75302000000001" lon="-0.10867">
    <ele>311.83000000000004</ele>
   </trkpt>
   <trkpt lat="38.75302000000001" lon="-0.10862000000000001">
    <ele>311.83000000000004</ele>
   </trkpt>
   <trkpt lat="38.752950000000006" lon="-0.10836000000000001">
    <ele>312.0</ele>
   </trkpt>
   <trkpt lat="38.75267" lon="-0.1078">
    <ele>314.14000000000004</ele>
   </trkpt>
   <trkpt lat="38.75245" lon="-0.10726000000000001">
    <ele>316.25</ele>
   </trkpt>
   <trkpt lat="38.75233" lon="-0.10698">
    <ele>317.49000000000007</ele>
   </trkpt>
   <trkpt lat="38.752120000000005" lon="-0.10665000000000001">
    <ele>318.64000000000004</ele>
   </trkpt>
   <trkpt lat="38.75162" lon="-0.10616">
    <ele>320.34000000000003</ele>
   </trkpt>
   <trkpt lat="38.750960000000006" lon="-0.10551">
    <ele>320.67</ele>
   </trkpt>
   <trkpt lat="38.750890000000005" lon="-0.10537">
    <ele>320.70000000000005</ele>
   </trkpt>
   <trkpt lat="38.750910000000005" lon="-0.10521000000000001">
    <ele>320.71000000000004</ele>
   </trkpt>
   <trkpt lat="38.750960000000006" lon="-0.10511000000000001">
    <ele>320.87000000000006</ele>
   </trkpt>
   <trkpt lat="38.75106" lon="-0.10498">
    <ele>320.93000000000006</ele>
   </trkpt>
   <trkpt lat="38.75114000000001" lon="-0.10494">
    <ele>321.0</ele>
   </trkpt>
   <trkpt lat="38.751360000000005" lon="-0.10501">
    <ele>321.45</ele>
   </trkpt>
   <trkpt lat="38.751430000000006" lon="-0.10501">
    <ele>321.45</ele>
   </trkpt>
   <trkpt lat="38.75153" lon="-0.10494">
    <ele>321.92</ele>
   </trkpt>
   <trkpt lat="38.75159" lon="-0.10483">
    <ele>322.09000000000003</ele>
   </trkpt>
   <trkpt lat="38.75171" lon="-0.10414000000000001">
    <ele>322.52000000000004</ele>
   </trkpt>
   <trkpt lat="38.751870000000004" lon="-0.10307000000000001">
    <ele>322.47</ele>
   </trkpt>
   <trkpt lat="38.75193" lon="-0.10283">
    <ele>322.32000000000005</ele>
   </trkpt>
   <trkpt lat="38.752010000000006" lon="-0.10268000000000001">
    <ele>322.01</ele>
   </trkpt>
   <trkpt lat="38.75226" lon="-0.10229">
    <ele>321.21000000000004</ele>
   </trkpt>
   <trkpt lat="38.752210000000005" lon="-0.10228000000000001">
    <ele>322.31000000000006</ele>
   </trkpt>
   <trkpt lat="38.75189" lon="-0.10222">
    <ele>324.97</ele>
   </trkpt>
   <trkpt lat="38.75182" lon="-0.10223">
    <ele>324.97</ele>
   </trkpt>
   <trkpt lat="38.751540000000006" lon="-0.10251">
    <ele>327.25000000000006</ele>
   </trkpt>
   <trkpt lat="38.751200000000004" lon="-0.10254">
    <ele>327.84000000000003</ele>
   </trkpt>
   <trkpt lat="38.750800000000005" lon="-0.10268000000000001">
    <ele>329.20000000000005</ele>
   </trkpt>
   <trkpt lat="38.75063" lon="-0.10275000000000001">
    <ele>330.07000000000005</ele>
   </trkpt>
   <trkpt lat="38.75016" lon="-0.10304">
    <ele>333.53000000000003</ele>
   </trkpt>
   <trkpt lat="38.750040000000006" lon="-0.10304">
    <ele>335.06</ele>
   </trkpt>
   <trkpt lat="38.74965" lon="-0.10296000000000001">
    <ele>336.63000000000005</ele>
   </trkpt>
   <trkpt lat="38.748850000000004" lon="-0.10318000000000001">
    <ele>342.31</ele>
   </trkpt>
   <trkpt lat="38.748340000000006" lon="-0.10337">
    <ele>347.40000000000003</ele>
   </trkpt>
   <trkpt lat="38.747730000000004" lon="-0.10366">
    <ele>351.99</ele>
   </trkpt>
   <trkpt lat="38.74734" lon="-0.1039">
    <ele>355.46000000000004</ele>
   </trkpt>
   <trkpt lat="38.747170000000004" lon="-0.10397">
    <ele>356.81</ele>
   </trkpt>
   <trkpt lat="38.747040000000005" lon="-0.10398">
    <ele>358.45000000000005</ele>
   </trkpt>
   <trkpt lat="38.746950000000005" lon="-0.10394">
    <ele>359.72</ele>
   </trkpt>
   <trkpt lat="38.74669" lon="-0.10375000000000001">
    <ele>365.02</ele>
   </trkpt>
   <trkpt lat="38.7466" lon="-0.10372">
    <ele>366.28000000000003</ele>
   </trkpt>
   <trkpt lat="38.74656" lon="-0.10372">
    <ele>366.28000000000003</ele>
   </trkpt>
   <trkpt lat="38.74647" lon="-0.10379000000000001">
    <ele>367.46</ele>
   </trkpt>
   <trkpt lat="38.74636" lon="-0.10394">
    <ele>368.95000000000005</ele>
   </trkpt>
   <trkpt lat="38.74611" lon="-0.10410000000000001">
    <ele>371.58000000000004</ele>
   </trkpt>
   <trkpt lat="38.74611" lon="-0.10422000000000001">
    <ele>371.58000000000004</ele>
   </trkpt>
   <trkpt lat="38.746140000000004" lon="-0.10443000000000001">
    <ele>358.21000000000004</ele>
   </trkpt>
   <trkpt lat="38.74613" lon="-0.10453000000000001">
    <ele>358.21000000000004</ele>
   </trkpt>
  </trkseg>
 </trk>
</gpx>
