<?xml version="1.0" encoding="UTF-8"?>
<gpx creator="StravaGPX" version="1.1" xmlns="http://www.topografix.com/GPX/1/1" xmlns:xsi="http://www.w3.org/2001/XMLSchema-instance" xsi:schemaLocation="http://www.topografix.com/GPX/1/1 http://www.topografix.com/GPX/1/1/gpx.xsd">
 <metadata>
  <name>Tranquilo</name>
  <author>
   <name>Johannes Weytjens</name>
   <link href="https://www.strava.com/athletes/17322406"/>
  </author>
  <copyright author="OpenStreetMap contributors">
   <year>2020</year>
   <license>https://www.openstreetmap.org/copyright</license>
  </copyright>
  <link href="https://www.strava.com/routes/3513148860770069466"/>
 </metadata>
 <trk>
  <name>Tranquilo</name>
  <link href="https://www.strava.com/routes/3513148860770069466"/>
  <type>cycling</type>
  <trkseg>
   <trkpt lat="38.74613" lon="-0.10453000000000001">
    <ele>358.21000000000004</ele>
   </trkpt>
   <trkpt lat="38.746140000000004" lon="-0.10443000000000001">
    <ele>358.21000000000004</ele>
   </trkpt>
   <trkpt lat="38.74611" lon="-0.10422000000000001">
    <ele>371.58000000000004</ele>
   </trkpt>
   <trkpt lat="38.74611" lon="-0.10410000000000001">
    <ele>371.58000000000004</ele>
   </trkpt>
   <trkpt lat="38.74636" lon="-0.10394">
    <ele>368.95000000000005</ele>
   </trkpt>
   <trkpt lat="38.74647" lon="-0.10379000000000001">
    <ele>367.46</ele>
   </trkpt>
   <trkpt lat="38.74656" lon="-0.10372">
    <ele>365.02</ele>
   </trkpt>
   <trkpt lat="38.7466" lon="-0.10372">
    <ele>365.02</ele>
   </trkpt>
   <trkpt lat="38.74669" lon="-0.10375000000000001">
    <ele>362.40000000000003</ele>
   </trkpt>
   <trkpt lat="38.746950000000005" lon="-0.10394">
    <ele>359.72</ele>
   </trkpt>
   <trkpt lat="38.747040000000005" lon="-0.10398">
    <ele>357.32</ele>
   </trkpt>
   <trkpt lat="38.747170000000004" lon="-0.10397">
    <ele>356.81</ele>
   </trkpt>
   <trkpt lat="38.74734" lon="-0.1039">
    <ele>354.69</ele>
   </trkpt>
   <trkpt lat="38.747730000000004" lon="-0.10366">
    <ele>351.99</ele>
   </trkpt>
   <trkpt lat="38.748340000000006" lon="-0.10337">
    <ele>345.64</ele>
   </trkpt>
   <trkpt lat="38.748850000000004" lon="-0.10318000000000001">
    <ele>342.31</ele>
   </trkpt>
   <trkpt lat="38.74965" lon="-0.10296000000000001">
    <ele>336.5</ele>
   </trkpt>
   <trkpt lat="38.750040000000006" lon="-0.10304">
    <ele>334.49</ele>
   </trkpt>
   <trkpt lat="38.75016" lon="-0.10304">
    <ele>333.53000000000003</ele>
   </trkpt>
   <trkpt lat="38.75063" lon="-0.10275000000000001">
    <ele>329.59000000000003</ele>
   </trkpt>
   <trkpt lat="38.750800000000005" lon="-0.10268000000000001">
    <ele>328.85</ele>
   </trkpt>
   <trkpt lat="38.751200000000004" lon="-0.10254">
    <ele>327.69000000000005</ele>
   </trkpt>
   <trkpt lat="38.751540000000006" lon="-0.10251">
    <ele>327.08000000000004</ele>
   </trkpt>
   <trkpt lat="38.75182" lon="-0.10223">
    <ele>324.97</ele>
   </trkpt>
   <trkpt lat="38.75189" lon="-0.10222">
    <ele>324.38</ele>
   </trkpt>
   <trkpt lat="38.75226" lon="-0.10229">
    <ele>320.95</ele>
   </trkpt>
   <trkpt lat="38.752010000000006" lon="-0.10268000000000001">
    <ele>322.24</ele>
   </trkpt>
   <trkpt lat="38.75193" lon="-0.10283">
    <ele>322.42</ele>
   </trkpt>
   <trkpt lat="38.751870000000004" lon="-0.10307000000000001">
    <ele>322.48</ele>
   </trkpt>
   <trkpt lat="38.75171" lon="-0.10414000000000001">
    <ele>322.52000000000004</ele>
   </trkpt>
   <trkpt lat="38.75159" lon="-0.10483">
    <ele>322.02000000000004</ele>
   </trkpt>
   <trkpt lat="38.75153" lon="-0.10494">
    <ele>321.92</ele>
   </trkpt>
   <trkpt lat="38.751430000000006" lon="-0.10501">
    <ele>321.45</ele>
   </trkpt>
   <trkpt lat="38.751360000000005" lon="-0.10501">
    <ele>321.18</ele>
   </trkpt>
   <trkpt lat="38.75114000000001" lon="-0.10494">
    <ele>321.0</ele>
   </trkpt>
   <trkpt lat="38.75106" lon="-0.10498">
    <ele>320.93000000000006</ele>
   </trkpt>
   <trkpt lat="38.750960000000006" lon="-0.10511000000000001">
    <ele>320.71000000000004</ele>
   </trkpt>
   <trkpt lat="38.750910000000005" lon="-0.10521000000000001">
    <ele>320.71000000000004</ele>
   </trkpt>
   <trkpt lat="38.750890000000005" lon="-0.10537">
    <ele>320.70000000000005</ele>
   </trkpt>
   <trkpt lat="38.750960000000006" lon="-0.10551">
    <ele>320.67</ele>
   </trkpt>
   <trkpt lat="38.75162" lon="-0.10616">
    <ele>320.34000000000003</ele>
   </trkpt>
   <trkpt lat="38.752120000000005" lon="-0.10665000000000001">
    <ele>318.64000000000004</ele>
   </trkpt>
   <trkpt lat="38.75233" lon="-0.10698">
    <ele>317.49000000000007</ele>
   </trkpt>
   <trkpt lat="38.75245" lon="-0.10726000000000001">
    <ele>316.25</ele>
   </trkpt>
   <trkpt lat="38.75267" lon="-0.1078">
    <ele>314.14000000000004</ele>
   </trkpt>
   <trkpt lat="38.752950000000006" lon="-0.10836000000000001">
    <ele>311.92</ele>
   </trkpt>
   <trkpt lat="38.75302000000001" lon="-0.10844000000000001">
    <ele>311.92</ele>
   </trkpt>
   <trkpt lat="38.75314" lon="-0.10853000000000002">
    <ele>312.1</ele>
   </trkpt>
   <trkpt lat="38.75323" lon="-0.10864000000000001">
    <ele>311.22</ele>
   </trkpt>
   <trkpt lat="38.753220000000006" lon="-0.10873000000000001">
    <ele>311.38000000000005</ele>
   </trkpt>
   <trkpt lat="38.753260000000004" lon="-0.10895">
    <ele>312.19</ele>
   </trkpt>
   <trkpt lat="38.75358000000001" lon="-0.10974">
    <ele>313.95</ele>
   </trkpt>
   <trkpt lat="38.753730000000004" lon="-0.11026000000000001">
    <ele>314.71000000000004</ele>
   </trkpt>
   <trkpt lat="38.75386" lon="-0.11102000000000001">
    <ele>315.03000000000003</ele>
   </trkpt>
   <trkpt lat="38.753910000000005" lon="-0.11203">
    <ele>315.63</ele>
   </trkpt>
   <trkpt lat="38.75386" lon="-0.11235">
    <ele>315.70000000000005</ele>
   </trkpt>
   <trkpt lat="38.75372" lon="-0.11295000000000001">
    <ele>316.15000000000003</ele>
   </trkpt>
   <trkpt lat="38.75368" lon="-0.11320000000000001">
    <ele>316.47</ele>
   </trkpt>
   <trkpt lat="38.75368" lon="-0.11335">
    <ele>316.87000000000006</ele>
   </trkpt>
   <trkpt lat="38.753795003671904" lon="-0.11427999839990112">
    <ele>318.39</ele>
   </trkpt>
   <trkpt lat="38.753910000000005" lon="-0.11521">
    <ele>320.3</ele>
   </trkpt>
   <trkpt lat="38.754000000000005" lon="-0.11560000000000001">
    <ele>321.25000000000006</ele>
   </trkpt>
   <trkpt lat="38.7542350021592" lon="-0.11631499758928528">
    <ele>323.36</ele>
   </trkpt>
   <trkpt lat="38.754470000000005" lon="-0.11703000000000001">
    <ele>325.52000000000004</ele>
   </trkpt>
   <trkpt lat="38.75461000000001" lon="-0.11736">
    <ele>327.31000000000006</ele>
   </trkpt>
   <trkpt lat="38.75490500135973" lon="-0.11789499804346489">
    <ele>329.27</ele>
   </trkpt>
   <trkpt lat="38.7552" lon="-0.11843000000000001">
    <ele>330.21</ele>
   </trkpt>
   <trkpt lat="38.755480000000006" lon="-0.11901">
    <ele>331.05</ele>
   </trkpt>
   <trkpt lat="38.75567" lon="-0.11955">
    <ele>331.77</ele>
   </trkpt>
   <trkpt lat="38.7558" lon="-0.12003000000000001">
    <ele>332.01000000000005</ele>
   </trkpt>
   <trkpt lat="38.75594" lon="-0.12066">
    <ele>332.18</ele>
   </trkpt>
   <trkpt lat="38.75598" lon="-0.12104000000000001">
    <ele>332.44</ele>
   </trkpt>
   <trkpt lat="38.755990000000004" lon="-0.12105">
    <ele>332.44</ele>
   </trkpt>
   <trkpt lat="38.756040000000006" lon="-0.12172000000000001">
    <ele>332.94</ele>
   </trkpt>
   <trkpt lat="38.756040000000006" lon="-0.12209">
    <ele>332.94</ele>
   </trkpt>
   <trkpt lat="38.75599000510214" lon="-0.12286333431344405">
    <ele>333.49</ele>
   </trkpt>
   <trkpt lat="38.75594000510882" lon="-0.12363666754344493">
    <ele>334.36</ele>
   </trkpt>
   <trkpt lat="38.75589" lon="-0.12441">
    <ele>335.12</ele>
   </trkpt>
   <trkpt lat="38.755860000000006" lon="-0.12542">
    <ele>336.71</ele>
   </trkpt>
   <trkpt lat="38.755870001884574" lon="-0.12608499995019526">
    <ele>337.20000000000005</ele>
   </trkpt>
   <trkpt lat="38.755880000000005" lon="-0.12675">
    <ele>338.13000000000005</ele>
   </trkpt>
   <trkpt lat="38.75595500500729" lon="-0.12783499874708673">
    <ele>338.69000000000005</ele>
   </trkpt>
   <trkpt lat="38.75603" lon="-0.12892">
    <ele>339.23</ele>
   </trkpt>
   <trkpt lat="38.75605" lon="-0.1295">
    <ele>339.53000000000003</ele>
   </trkpt>
   <trkpt lat="38.75601" lon="-0.13022">
    <ele>339.62</ele>
   </trkpt>
   <trkpt lat="38.75587" lon="-0.13109">
    <ele>340.81</ele>
   </trkpt>
   <trkpt lat="38.75572000249679" lon="-0.1318600017671857">
    <ele>342.96000000000004</ele>
   </trkpt>
   <trkpt lat="38.755570000000006" lon="-0.13263">
    <ele>344.11</ele>
   </trkpt>
   <trkpt lat="38.75549500154428" lon="-0.13323000054530768">
    <ele>345.89000000000004</ele>
   </trkpt>
   <trkpt lat="38.75542" lon="-0.13383">
    <ele>347.14</ele>
   </trkpt>
   <trkpt lat="38.755370000000006" lon="-0.13408">
    <ele>347.67</ele>
   </trkpt>
   <trkpt lat="38.755230000000005" lon="-0.13452">
    <ele>348.85</ele>
   </trkpt>
   <trkpt lat="38.754870000000004" lon="-0.13533">
    <ele>349.44</ele>
   </trkpt>
   <trkpt lat="38.754740000000005" lon="-0.13569">
    <ele>349.41</ele>
   </trkpt>
   <trkpt lat="38.754690000000004" lon="-0.13594">
    <ele>349.43</ele>
   </trkpt>
   <trkpt lat="38.754670000000004" lon="-0.13624">
    <ele>349.48</ele>
   </trkpt>
   <trkpt lat="38.75468" lon="-0.1366">
    <ele>349.7</ele>
   </trkpt>
   <trkpt lat="38.75471" lon="-0.13677">
    <ele>349.81</ele>
   </trkpt>
   <trkpt lat="38.75475" lon="-0.13694">
    <ele>349.96999999999997</ele>
   </trkpt>
   <trkpt lat="38.75486" lon="-0.13721">
    <ele>350.27000000000004</ele>
   </trkpt>
   <trkpt lat="38.755050000000004" lon="-0.13752">
    <ele>351.05</ele>
   </trkpt>
   <trkpt lat="38.75546000000001" lon="-0.13796">
    <ele>353.28000000000003</ele>
   </trkpt>
   <trkpt lat="38.7556" lon="-0.13815000000000002">
    <ele>354.50000000000006</ele>
   </trkpt>
   <trkpt lat="38.75573" lon="-0.13835">
    <ele>356.09000000000003</ele>
   </trkpt>
   <trkpt lat="38.75583" lon="-0.13857">
    <ele>357.06000000000006</ele>
   </trkpt>
   <trkpt lat="38.755950000000006" lon="-0.13905">
    <ele>358.82</ele>
   </trkpt>
   <trkpt lat="38.75596" lon="-0.1393">
    <ele>359.36</ele>
   </trkpt>
   <trkpt lat="38.755930000000006" lon="-0.13966">
    <ele>359.79</ele>
   </trkpt>
   <trkpt lat="38.75582" lon="-0.14046">
    <ele>361.22</ele>
   </trkpt>
   <trkpt lat="38.75582" lon="-0.14066">
    <ele>361.37</ele>
   </trkpt>
   <trkpt lat="38.75567" lon="-0.14165">
    <ele>362.41</ele>
   </trkpt>
   <trkpt lat="38.75556" lon="-0.14196">
    <ele>362.41</ele>
   </trkpt>
   <trkpt lat="38.75529" lon="-0.14243">
    <ele>363.33000000000004</ele>
   </trkpt>
   <trkpt lat="38.7552" lon="-0.14252">
    <ele>363.67</ele>
   </trkpt>
   <trkpt lat="38.754850000000005" lon="-0.14304">
    <ele>368.1</ele>
   </trkpt>
   <trkpt lat="38.7547" lon="-0.14332">
    <ele>369.24</ele>
   </trkpt>
   <trkpt lat="38.75455" lon="-0.14376">
    <ele>370.81</ele>
   </trkpt>
   <trkpt lat="38.75446" lon="-0.14432">
    <ele>373.12</ele>
   </trkpt>
   <trkpt lat="38.754335025616626" lon="-0.14541667627517435">
    <ele>374.62</ele>
   </trkpt>
   <trkpt lat="38.754210040986194" lon="-0.1465133487098986">
    <ele>375.03000000000003</ele>
   </trkpt>
   <trkpt lat="38.75408504610879" lon="-0.14761001730388848">
    <ele>375.25</ele>
   </trkpt>
   <trkpt lat="38.7539600409845" lon="-0.1487066820568597">
    <ele>375.31</ele>
   </trkpt>
   <trkpt lat="38.75383502561342" lon="-0.14980334296852804">
    <ele>376.04</ele>
   </trkpt>
   <trkpt lat="38.753710000000005" lon="-0.1509">
    <ele>378.99000000000007</ele>
   </trkpt>
   <trkpt lat="38.75367" lon="-0.15148">
    <ele>382.3</ele>
   </trkpt>
   <trkpt lat="38.75366" lon="-0.15206">
    <ele>385.45</ele>
   </trkpt>
   <trkpt lat="38.753690000000006" lon="-0.15278">
    <ele>388.15000000000003</ele>
   </trkpt>
   <trkpt lat="38.75368" lon="-0.15337">
    <ele>389.6</ele>
   </trkpt>
   <trkpt lat="38.753620000000005" lon="-0.15392">
    <ele>390.46000000000004</ele>
   </trkpt>
   <trkpt lat="38.7535" lon="-0.15453">
    <ele>390.6</ele>
   </trkpt>
   <trkpt lat="38.753420000000006" lon="-0.15484">
    <ele>390.52000000000004</ele>
   </trkpt>
   <trkpt lat="38.75334" lon="-0.15506">
    <ele>390.52000000000004</ele>
   </trkpt>
   <trkpt lat="38.75323" lon="-0.15525">
    <ele>390.52000000000004</ele>
   </trkpt>
   <trkpt lat="38.75311000000001" lon="-0.15542">
    <ele>390.44</ele>
   </trkpt>
   <trkpt lat="38.75302000000001" lon="-0.15553">
    <ele>390.44</ele>
   </trkpt>
   <trkpt lat="38.752790000000005" lon="-0.15573">
    <ele>390.42</ele>
   </trkpt>
   <trkpt lat="38.752500000000005" lon="-0.15587">
    <ele>390.5</ele>
   </trkpt>
   <trkpt lat="38.751920000000005" lon="-0.15606">
    <ele>390.75000000000006</ele>
   </trkpt>
   <trkpt lat="38.75157" lon="-0.1562">
    <ele>390.74</ele>
   </trkpt>
   <trkpt lat="38.751090000000005" lon="-0.15648">
    <ele>390.57</ele>
   </trkpt>
   <trkpt lat="38.75095" lon="-0.15661">
    <ele>390.57</ele>
   </trkpt>
   <trkpt lat="38.75088" lon="-0.15673">
    <ele>390.57</ele>
   </trkpt>
   <trkpt lat="38.750780000000006" lon="-0.15735000000000002">
    <ele>390.39</ele>
   </trkpt>
   <trkpt lat="38.750750000000004" lon="-0.15775">
    <ele>390.09000000000003</ele>
   </trkpt>
   <trkpt lat="38.75092" lon="-0.15748">
    <ele>388.64000000000004</ele>
   </trkpt>
   <trkpt lat="38.751000000000005" lon="-0.1572">
    <ele>387.83</ele>
   </trkpt>
   <trkpt lat="38.75103" lon="-0.15703">
    <ele>387.48</ele>
   </trkpt>
   <trkpt lat="38.75114000000001" lon="-0.15698">
    <ele>386.99000000000007</ele>
   </trkpt>
   <trkpt lat="38.75119" lon="-0.15703">
    <ele>385.90000000000003</ele>
   </trkpt>
   <trkpt lat="38.7511" lon="-0.15736">
    <ele>384.74</ele>
   </trkpt>
   <trkpt lat="38.75106" lon="-0.1577">
    <ele>384.5</ele>
   </trkpt>
   <trkpt lat="38.751070000000006" lon="-0.15775">
    <ele>384.5</ele>
   </trkpt>
   <trkpt lat="38.751110000000004" lon="-0.15781">
    <ele>384.70000000000005</ele>
   </trkpt>
   <trkpt lat="38.75121" lon="-0.15781">
    <ele>384.75</ele>
   </trkpt>
   <trkpt lat="38.75123" lon="-0.15778">
    <ele>384.75</ele>
   </trkpt>
   <trkpt lat="38.75135" lon="-0.15731">
    <ele>384.11</ele>
   </trkpt>
   <trkpt lat="38.75144" lon="-0.15717">
    <ele>384.15000000000003</ele>
   </trkpt>
   <trkpt lat="38.751650000000005" lon="-0.157">
    <ele>384.76000000000005</ele>
   </trkpt>
   <trkpt lat="38.751850000000005" lon="-0.15692">
    <ele>385.37000000000006</ele>
   </trkpt>
   <trkpt lat="38.752140000000004" lon="-0.15692">
    <ele>386.13</ele>
   </trkpt>
   <trkpt lat="38.75231" lon="-0.15706">
    <ele>386.29</ele>
   </trkpt>
   <trkpt lat="38.75242" lon="-0.15706">
    <ele>386.34000000000003</ele>
   </trkpt>
   <trkpt lat="38.752970000000005" lon="-0.15697000000000003">
    <ele>387.24</ele>
   </trkpt>
   <trkpt lat="38.75367" lon="-0.15689">
    <ele>391.29</ele>
   </trkpt>
   <trkpt lat="38.753960000000006" lon="-0.157">
    <ele>393.06</ele>
   </trkpt>
   <trkpt lat="38.75406" lon="-0.15695">
    <ele>393.41</ele>
   </trkpt>
   <trkpt lat="38.7541" lon="-0.15691000000000002">
    <ele>393.41</ele>
   </trkpt>
   <trkpt lat="38.754160000000006" lon="-0.15675">
    <ele>393.71000000000004</ele>
   </trkpt>
   <trkpt lat="38.75426" lon="-0.15639">
    <ele>394.09000000000003</ele>
   </trkpt>
   <trkpt lat="38.75426" lon="-0.15598">
    <ele>396.11</ele>
   </trkpt>
   <trkpt lat="38.7543" lon="-0.15587">
    <ele>396.11</ele>
   </trkpt>
   <trkpt lat="38.754430000000006" lon="-0.15564">
    <ele>398.06</ele>
   </trkpt>
   <trkpt lat="38.754490000000004" lon="-0.15548">
    <ele>401.1</ele>
   </trkpt>
   <trkpt lat="38.7546" lon="-0.15498">
    <ele>402.95000000000005</ele>
   </trkpt>
   <trkpt lat="38.754580000000004" lon="-0.15464">
    <ele>405.26</ele>
   </trkpt>
   <trkpt lat="38.754900000000006" lon="-0.15401">
    <ele>412.82</ele>
   </trkpt>
   <trkpt lat="38.754960000000004" lon="-0.15395">
    <ele>414.64</ele>
   </trkpt>
   <trkpt lat="38.755100000000006" lon="-0.15384">
    <ele>414.64</ele>
   </trkpt>
   <trkpt lat="38.75518" lon="-0.15381">
    <ele>418.17</ele>
   </trkpt>
   <trkpt lat="38.755250000000004" lon="-0.15384">
    <ele>418.17</ele>
   </trkpt>
   <trkpt lat="38.755280000000006" lon="-0.15387">
    <ele>418.73</ele>
   </trkpt>
   <trkpt lat="38.755280000000006" lon="-0.15417">
    <ele>420.67</ele>
   </trkpt>
   <trkpt lat="38.755230000000005" lon="-0.15459">
    <ele>424.27000000000004</ele>
   </trkpt>
   <trkpt lat="38.75535" lon="-0.15509">
    <ele>428.96</ele>
   </trkpt>
   <trkpt lat="38.755390000000006" lon="-0.15514">
    <ele>428.96</ele>
   </trkpt>
   <trkpt lat="38.755500000000005" lon="-0.1552">
    <ele>432.1700000000001</ele>
   </trkpt>
   <trkpt lat="38.75564" lon="-0.15512">
    <ele>434.53000000000003</ele>
   </trkpt>
   <trkpt lat="38.75629" lon="-0.15437">
    <ele>443.38000000000005</ele>
   </trkpt>
   <trkpt lat="38.756350000000005" lon="-0.15426">
    <ele>444.1</ele>
   </trkpt>
   <trkpt lat="38.75636" lon="-0.15398">
    <ele>444.96000000000004</ele>
   </trkpt>
   <trkpt lat="38.756440000000005" lon="-0.15373">
    <ele>445.83000000000004</ele>
   </trkpt>
   <trkpt lat="38.75643" lon="-0.15367">
    <ele>445.92</ele>
   </trkpt>
   <trkpt lat="38.75638" lon="-0.15359">
    <ele>446.00000000000006</ele>
   </trkpt>
   <trkpt lat="38.756220000000006" lon="-0.15348">
    <ele>446.04</ele>
   </trkpt>
   <trkpt lat="38.7561" lon="-0.15334">
    <ele>446.70000000000005</ele>
   </trkpt>
   <trkpt lat="38.75596" lon="-0.15292">
    <ele>450.75000000000006</ele>
   </trkpt>
   <trkpt lat="38.75591" lon="-0.15265">
    <ele>452.08000000000004</ele>
   </trkpt>
   <trkpt lat="38.75589" lon="-0.15231">
    <ele>454.52000000000004</ele>
   </trkpt>
   <trkpt lat="38.755790000000005" lon="-0.15201">
    <ele>458.49000000000007</ele>
   </trkpt>
   <trkpt lat="38.755770000000005" lon="-0.15187">
    <ele>459.59000000000003</ele>
   </trkpt>
   <trkpt lat="38.75578" lon="-0.15151">
    <ele>461.77</ele>
   </trkpt>
   <trkpt lat="38.75582" lon="-0.15127000000000002">
    <ele>463.36</ele>
   </trkpt>
   <trkpt lat="38.755950000000006" lon="-0.15104">
    <ele>465.29</ele>
   </trkpt>
   <trkpt lat="38.756040000000006" lon="-0.15092">
    <ele>466.49</ele>
   </trkpt>
   <trkpt lat="38.756240000000005" lon="-0.15087">
    <ele>467.8</ele>
   </trkpt>
   <trkpt lat="38.75639" lon="-0.15079">
    <ele>468.31000000000006</ele>
   </trkpt>
   <trkpt lat="38.75648" lon="-0.15068">
    <ele>469.5</ele>
   </trkpt>
   <trkpt lat="38.756710000000005" lon="-0.15009">
    <ele>472.65</ele>
   </trkpt>
   <trkpt lat="38.75686" lon="-0.14995">
    <ele>474.85</ele>
   </trkpt>
   <trkpt lat="38.75714" lon="-0.14979">
    <ele>478.24000000000007</ele>
   </trkpt>
   <trkpt lat="38.75721" lon="-0.1497">
    <ele>479.92</ele>
   </trkpt>
   <trkpt lat="38.7573" lon="-0.14965">
    <ele>479.92</ele>
   </trkpt>
   <trkpt lat="38.757360000000006" lon="-0.14962">
    <ele>481.74000000000007</ele>
   </trkpt>
   <trkpt lat="38.757470000000005" lon="-0.14965">
    <ele>482.85</ele>
   </trkpt>
   <trkpt lat="38.757580000000004" lon="-0.14976">
    <ele>484.68000000000006</ele>
   </trkpt>
   <trkpt lat="38.7577" lon="-0.14981">
    <ele>485.83000000000004</ele>
   </trkpt>
   <trkpt lat="38.757780000000004" lon="-0.14979">
    <ele>486.53000000000003</ele>
   </trkpt>
   <trkpt lat="38.75788" lon="-0.14954">
    <ele>487.63000000000005</ele>
   </trkpt>
   <trkpt lat="38.758140000000004" lon="-0.14932">
    <ele>489.01000000000005</ele>
   </trkpt>
   <trkpt lat="38.758160000000004" lon="-0.14929">
    <ele>489.59000000000003</ele>
   </trkpt>
   <trkpt lat="38.75818" lon="-0.14901">
    <ele>491.11</ele>
   </trkpt>
   <trkpt lat="38.75836" lon="-0.14854">
    <ele>496.37</ele>
   </trkpt>
   <trkpt lat="38.7584" lon="-0.14848">
    <ele>498.2900000000001</ele>
   </trkpt>
   <trkpt lat="38.75842" lon="-0.14848">
    <ele>498.2900000000001</ele>
   </trkpt>
   <trkpt lat="38.75844" lon="-0.14849">
    <ele>498.2900000000001</ele>
   </trkpt>
   <trkpt lat="38.75847" lon="-0.14851">
    <ele>498.2900000000001</ele>
   </trkpt>
   <trkpt lat="38.758480000000006" lon="-0.14857">
    <ele>501.01000000000005</ele>
   </trkpt>
   <trkpt lat="38.75849" lon="-0.14882">
    <ele>502.4200000000001</ele>
   </trkpt>
   <trkpt lat="38.75845" lon="-0.14895">
    <ele>505.11000000000007</ele>
   </trkpt>
   <trkpt lat="38.75845" lon="-0.14904">
    <ele>505.11000000000007</ele>
   </trkpt>
   <trkpt lat="38.75855000000001" lon="-0.14937">
    <ele>508.81000000000006</ele>
   </trkpt>
   <trkpt lat="38.758590000000005" lon="-0.1494">
    <ele>512.0300000000001</ele>
   </trkpt>
   <trkpt lat="38.75862" lon="-0.14937">
    <ele>512.0300000000001</ele>
   </trkpt>
   <trkpt lat="38.75874" lon="-0.14904">
    <ele>515.2500000000001</ele>
   </trkpt>
   <trkpt lat="38.75894" lon="-0.14885">
    <ele>518.9</ele>
   </trkpt>
   <trkpt lat="38.75898" lon="-0.14884">
    <ele>518.9</ele>
   </trkpt>
   <trkpt lat="38.75934" lon="-0.14895">
    <ele>524.91</ele>
   </trkpt>
   <trkpt lat="38.759370000000004" lon="-0.14898">
    <ele>524.91</ele>
   </trkpt>
   <trkpt lat="38.75938" lon="-0.14912">
    <ele>528.07</ele>
   </trkpt>
   <trkpt lat="38.759280000000004" lon="-0.14953000000000002">
    <ele>532.47</ele>
   </trkpt>
   <trkpt lat="38.759280000000004" lon="-0.14979">
    <ele>533.3800000000001</ele>
   </trkpt>
   <trkpt lat="38.759240000000005" lon="-0.1499">
    <ele>533.4100000000001</ele>
   </trkpt>
   <trkpt lat="38.75905" lon="-0.15023">
    <ele>533.46</ele>
   </trkpt>
   <trkpt lat="38.75885" lon="-0.15051">
    <ele>535.21</ele>
   </trkpt>
   <trkpt lat="38.758680000000005" lon="-0.15081">
    <ele>536.91</ele>
   </trkpt>
   <trkpt lat="38.75854" lon="-0.15112">
    <ele>537.74</ele>
   </trkpt>
   <trkpt lat="38.75845" lon="-0.15142">
    <ele>537.9300000000001</ele>
   </trkpt>
   <trkpt lat="38.7582" lon="-0.15204">
    <ele>537.86</ele>
   </trkpt>
   <trkpt lat="38.758030000000005" lon="-0.15281">
    <ele>538.42</ele>
   </trkpt>
   <trkpt lat="38.75804" lon="-0.15312">
    <ele>538.83</ele>
   </trkpt>
   <trkpt lat="38.75809" lon="-0.15331">
    <ele>538.95</ele>
   </trkpt>
   <trkpt lat="38.758160000000004" lon="-0.1534">
    <ele>538.97</ele>
   </trkpt>
   <trkpt lat="38.75831" lon="-0.15353">
    <ele>538.84</ele>
   </trkpt>
   <trkpt lat="38.75845" lon="-0.15376">
    <ele>539.12</ele>
   </trkpt>
   <trkpt lat="38.758480000000006" lon="-0.15387">
    <ele>539.46</ele>
   </trkpt>
   <trkpt lat="38.758480000000006" lon="-0.15403">
    <ele>539.9300000000001</ele>
   </trkpt>
   <trkpt lat="38.75842" lon="-0.15442">
    <ele>542.22</ele>
   </trkpt>
   <trkpt lat="38.7584" lon="-0.15489">
    <ele>545.3</ele>
   </trkpt>
   <trkpt lat="38.758430000000004" lon="-0.15531">
    <ele>547.08</ele>
   </trkpt>
   <trkpt lat="38.75864" lon="-0.15580000000000002">
    <ele>549.03</ele>
   </trkpt>
   <trkpt lat="38.7588" lon="-0.15634">
    <ele>554.9300000000001</ele>
   </trkpt>
   <trkpt lat="38.758840000000006" lon="-0.15642">
    <ele>555.44</ele>
   </trkpt>
   <trkpt lat="38.75903" lon="-0.1567">
    <ele>558.2900000000001</ele>
   </trkpt>
   <trkpt lat="38.759040000000006" lon="-0.15681">
    <ele>558.71</ele>
   </trkpt>
   <trkpt lat="38.758990000000004" lon="-0.15717">
    <ele>559.79</ele>
   </trkpt>
   <trkpt lat="38.758990000000004" lon="-0.15764">
    <ele>562.4200000000001</ele>
   </trkpt>
   <trkpt lat="38.759040000000006" lon="-0.15803">
    <ele>564.84</ele>
   </trkpt>
   <trkpt lat="38.75901" lon="-0.15863000000000002">
    <ele>571.23</ele>
   </trkpt>
   <trkpt lat="38.759040000000006" lon="-0.15867">
    <ele>571.23</ele>
   </trkpt>
   <trkpt lat="38.759080000000004" lon="-0.15867">
    <ele>571.3100000000001</ele>
   </trkpt>
   <trkpt lat="38.75918" lon="-0.15859">
    <ele>573.89</ele>
   </trkpt>
   <trkpt lat="38.75932" lon="-0.15842">
    <ele>575.13</ele>
   </trkpt>
   <trkpt lat="38.75940000000001" lon="-0.15821000000000002">
    <ele>577.71</ele>
   </trkpt>
   <trkpt lat="38.75945" lon="-0.15764">
    <ele>581.1200000000001</ele>
   </trkpt>
   <trkpt lat="38.759640000000005" lon="-0.157">
    <ele>583.57</ele>
   </trkpt>
   <trkpt lat="38.759690000000006" lon="-0.15678">
    <ele>584.58</ele>
   </trkpt>
   <trkpt lat="38.759690000000006" lon="-0.15659">
    <ele>585.3600000000001</ele>
   </trkpt>
   <trkpt lat="38.759660000000004" lon="-0.15636">
    <ele>586.26</ele>
   </trkpt>
   <trkpt lat="38.75967" lon="-0.15628">
    <ele>586.5400000000001</ele>
   </trkpt>
   <trkpt lat="38.75987000000001" lon="-0.15588000000000002">
    <ele>589.4200000000001</ele>
   </trkpt>
   <trkpt lat="38.760020000000004" lon="-0.15556">
    <ele>590.48</ele>
   </trkpt>
   <trkpt lat="38.76010500247948" lon="-0.1547950010345101">
    <ele>596.82</ele>
   </trkpt>
   <trkpt lat="38.76019" lon="-0.15403">
    <ele>604.01</ele>
   </trkpt>
   <trkpt lat="38.760290000000005" lon="-0.15364">
    <ele>609.71</ele>
   </trkpt>
   <trkpt lat="38.76059" lon="-0.15315">
    <ele>616.47</ele>
   </trkpt>
   <trkpt lat="38.760740000000006" lon="-0.15298">
    <ele>618.07</ele>
   </trkpt>
   <trkpt lat="38.76093" lon="-0.1529">
    <ele>618.86</ele>
   </trkpt>
   <trkpt lat="38.76098" lon="-0.1529">
    <ele>618.9499999999999</ele>
   </trkpt>
   <trkpt lat="38.76108" lon="-0.15292">
    <ele>619.11</ele>
   </trkpt>
   <trkpt lat="38.761320000000005" lon="-0.15303">
    <ele>619.69</ele>
   </trkpt>
   <trkpt lat="38.76158" lon="-0.1532">
    <ele>621.65</ele>
   </trkpt>
   <trkpt lat="38.76164" lon="-0.15323">
    <ele>621.65</ele>
   </trkpt>
   <trkpt lat="38.761680000000005" lon="-0.1532">
    <ele>622.17</ele>
   </trkpt>
   <trkpt lat="38.761700000000005" lon="-0.15317">
    <ele>622.17</ele>
   </trkpt>
   <trkpt lat="38.76173" lon="-0.15303">
    <ele>622.68</ele>
   </trkpt>
   <trkpt lat="38.761610000000005" lon="-0.15198">
    <ele>628.39</ele>
   </trkpt>
   <trkpt lat="38.76164" lon="-0.15162">
    <ele>630.85</ele>
   </trkpt>
   <trkpt lat="38.76169" lon="-0.15145">
    <ele>632.0</ele>
   </trkpt>
   <trkpt lat="38.761720000000004" lon="-0.15141000000000002">
    <ele>633.62</ele>
   </trkpt>
   <trkpt lat="38.76173" lon="-0.15139000000000002">
    <ele>633.62</ele>
   </trkpt>
   <trkpt lat="38.7618" lon="-0.15137">
    <ele>635.3100000000001</ele>
   </trkpt>
   <trkpt lat="38.76185" lon="-0.1514">
    <ele>635.3100000000001</ele>
   </trkpt>
   <trkpt lat="38.761880000000005" lon="-0.15145">
    <ele>635.94</ele>
   </trkpt>
   <trkpt lat="38.761900000000004" lon="-0.15198">
    <ele>638.8100000000001</ele>
   </trkpt>
   <trkpt lat="38.76198" lon="-0.15234">
    <ele>639.47</ele>
   </trkpt>
   <trkpt lat="38.762170000000005" lon="-0.15292">
    <ele>644.1600000000001</ele>
   </trkpt>
   <trkpt lat="38.76223" lon="-0.15331">
    <ele>645.85</ele>
   </trkpt>
   <trkpt lat="38.76225" lon="-0.15356">
    <ele>648.2500000000001</ele>
   </trkpt>
   <trkpt lat="38.762240000000006" lon="-0.1537">
    <ele>650.07</ele>
   </trkpt>
   <trkpt lat="38.76218" lon="-0.15389">
    <ele>650.93</ele>
   </trkpt>
   <trkpt lat="38.76212" lon="-0.15401">
    <ele>650.93</ele>
   </trkpt>
   <trkpt lat="38.762" lon="-0.15409">
    <ele>653.3000000000001</ele>
   </trkpt>
   <trkpt lat="38.761950000000006" lon="-0.15417">
    <ele>653.3000000000001</ele>
   </trkpt>
   <trkpt lat="38.761810000000004" lon="-0.1547">
    <ele>657.72</ele>
   </trkpt>
   <trkpt lat="38.7618" lon="-0.15481">
    <ele>660.73</ele>
   </trkpt>
   <trkpt lat="38.761810000000004" lon="-0.15487">
    <ele>660.73</ele>
   </trkpt>
   <trkpt lat="38.76192" lon="-0.15492">
    <ele>660.73</ele>
   </trkpt>
   <trkpt lat="38.7625" lon="-0.15503">
    <ele>668.2800000000001</ele>
   </trkpt>
   <trkpt lat="38.762750000000004" lon="-0.15509">
    <ele>670.6800000000001</ele>
   </trkpt>
   <trkpt lat="38.762840000000004" lon="-0.15509">
    <ele>673.3100000000001</ele>
   </trkpt>
   <trkpt lat="38.7629" lon="-0.15506">
    <ele>673.94</ele>
   </trkpt>
   <trkpt lat="38.76314" lon="-0.15442">
    <ele>677.8900000000001</ele>
   </trkpt>
   <trkpt lat="38.76319" lon="-0.15421">
    <ele>678.98</ele>
   </trkpt>
   <trkpt lat="38.76317" lon="-0.15401">
    <ele>680.1600000000001</ele>
   </trkpt>
   <trkpt lat="38.76306" lon="-0.15356">
    <ele>684.39</ele>
   </trkpt>
   <trkpt lat="38.76306" lon="-0.1534">
    <ele>686.0</ele>
   </trkpt>
   <trkpt lat="38.763110000000005" lon="-0.15323">
    <ele>687.9200000000001</ele>
   </trkpt>
   <trkpt lat="38.76332" lon="-0.15281">
    <ele>693.3900000000001</ele>
   </trkpt>
   <trkpt lat="38.763360000000006" lon="-0.15276">
    <ele>693.3900000000001</ele>
   </trkpt>
   <trkpt lat="38.76339" lon="-0.15276">
    <ele>694.49</ele>
   </trkpt>
   <trkpt lat="38.76344" lon="-0.15278">
    <ele>694.97</ele>
   </trkpt>
   <trkpt lat="38.76346" lon="-0.15287">
    <ele>695.3900000000001</ele>
   </trkpt>
   <trkpt lat="38.76337" lon="-0.15315">
    <ele>696.19</ele>
   </trkpt>
   <trkpt lat="38.76337" lon="-0.15325000000000003">
    <ele>697.4800000000001</ele>
   </trkpt>
   <trkpt lat="38.763490000000004" lon="-0.15348">
    <ele>697.4800000000001</ele>
   </trkpt>
   <trkpt lat="38.76361" lon="-0.15365">
    <ele>698.2</ele>
   </trkpt>
   <trkpt lat="38.76384" lon="-0.15392">
    <ele>700.16</ele>
   </trkpt>
   <trkpt lat="38.76395" lon="-0.15412">
    <ele>700.16</ele>
   </trkpt>
   <trkpt lat="38.763980000000004" lon="-0.15431">
    <ele>701.0500000000001</ele>
   </trkpt>
   <trkpt lat="38.76393" lon="-0.15456">
    <ele>702.11</ele>
   </trkpt>
   <trkpt lat="38.763940000000005" lon="-0.1547">
    <ele>702.98</ele>
   </trkpt>
   <trkpt lat="38.76402" lon="-0.15481">
    <ele>703.6600000000001</ele>
   </trkpt>
   <trkpt lat="38.764120000000005" lon="-0.15489">
    <ele>704.88</ele>
   </trkpt>
   <trkpt lat="38.76422" lon="-0.15492">
    <ele>705.8000000000001</ele>
   </trkpt>
   <trkpt lat="38.764300000000006" lon="-0.15489">
    <ele>707.74</ele>
   </trkpt>
   <trkpt lat="38.76455" lon="-0.15473">
    <ele>709.7800000000001</ele>
   </trkpt>
   <trkpt lat="38.764660000000006" lon="-0.15453">
    <ele>712.49</ele>
   </trkpt>
   <trkpt lat="38.76484000000001" lon="-0.15406">
    <ele>714.67</ele>
   </trkpt>
   <trkpt lat="38.76498" lon="-0.15397000000000002">
    <ele>717.5300000000001</ele>
   </trkpt>
   <trkpt lat="38.76563" lon="-0.15384">
    <ele>719.8800000000001</ele>
   </trkpt>
   <trkpt lat="38.76576" lon="-0.15376">
    <ele>720.0600000000001</ele>
   </trkpt>
   <trkpt lat="38.76592" lon="-0.15359">
    <ele>720.0200000000001</ele>
   </trkpt>
   <trkpt lat="38.766380000000005" lon="-0.15298">
    <ele>719.84</ele>
   </trkpt>
   <trkpt lat="38.766540000000006" lon="-0.15287">
    <ele>719.84</ele>
   </trkpt>
   <trkpt lat="38.766830000000006" lon="-0.15251">
    <ele>720.1200000000001</ele>
   </trkpt>
   <trkpt lat="38.766870000000004" lon="-0.1524">
    <ele>720.1200000000001</ele>
   </trkpt>
   <trkpt lat="38.766890000000004" lon="-0.15226">
    <ele>720.82</ele>
   </trkpt>
   <trkpt lat="38.76681000000001" lon="-0.15201">
    <ele>721.0600000000001</ele>
   </trkpt>
   <trkpt lat="38.766740000000006" lon="-0.1519">
    <ele>721.4100000000001</ele>
   </trkpt>
   <trkpt lat="38.76668" lon="-0.15184">
    <ele>722.32</ele>
   </trkpt>
   <trkpt lat="38.76634000000001" lon="-0.15165">
    <ele>723.19</ele>
   </trkpt>
   <trkpt lat="38.766270000000006" lon="-0.15159">
    <ele>723.3600000000001</ele>
   </trkpt>
   <trkpt lat="38.7661" lon="-0.15131">
    <ele>723.65</ele>
   </trkpt>
   <trkpt lat="38.766070000000006" lon="-0.15117">
    <ele>722.4</ele>
   </trkpt>
   <trkpt lat="38.76606" lon="-0.15081">
    <ele>721.0300000000001</ele>
   </trkpt>
   <trkpt lat="38.76612" lon="-0.15034">
    <ele>719.34</ele>
   </trkpt>
   <trkpt lat="38.76628" lon="-0.14965">
    <ele>722.21</ele>
   </trkpt>
   <trkpt lat="38.76632" lon="-0.14962">
    <ele>722.89</ele>
   </trkpt>
   <trkpt lat="38.76635" lon="-0.14963">
    <ele>724.36</ele>
   </trkpt>
   <trkpt lat="38.766380000000005" lon="-0.14973">
    <ele>725.3900000000001</ele>
   </trkpt>
   <trkpt lat="38.76634000000001" lon="-0.15048">
    <ele>731.7600000000001</ele>
   </trkpt>
   <trkpt lat="38.76635" lon="-0.1509">
    <ele>735.13</ele>
   </trkpt>
   <trkpt lat="38.76646" lon="-0.15112">
    <ele>737.1</ele>
   </trkpt>
   <trkpt lat="38.76653" lon="-0.15116000000000002">
    <ele>738.6700000000001</ele>
   </trkpt>
   <trkpt lat="38.766850000000005" lon="-0.1512">
    <ele>740.77</ele>
   </trkpt>
   <trkpt lat="38.76747" lon="-0.15151">
    <ele>743.92</ele>
   </trkpt>
   <trkpt lat="38.76766000000001" lon="-0.15151">
    <ele>746.2700000000001</ele>
   </trkpt>
   <trkpt lat="38.76775000000001" lon="-0.15162">
    <ele>747.41</ele>
   </trkpt>
   <trkpt lat="38.76778" lon="-0.15181">
    <ele>750.14</ele>
   </trkpt>
   <trkpt lat="38.767860000000006" lon="-0.15192">
    <ele>753.9200000000001</ele>
   </trkpt>
   <trkpt lat="38.767920000000004" lon="-0.1519">
    <ele>753.9200000000001</ele>
   </trkpt>
   <trkpt lat="38.768100000000004" lon="-0.15176">
    <ele>756.68</ele>
   </trkpt>
   <trkpt lat="38.7682" lon="-0.1517">
    <ele>757.94</ele>
   </trkpt>
   <trkpt lat="38.76836" lon="-0.15165">
    <ele>759.97</ele>
   </trkpt>
   <trkpt lat="38.768420000000006" lon="-0.15158000000000002">
    <ele>761.11</ele>
   </trkpt>
   <trkpt lat="38.76861" lon="-0.15129">
    <ele>762.9</ele>
   </trkpt>
   <trkpt lat="38.76869000000001" lon="-0.15119000000000002">
    <ele>763.6</ele>
   </trkpt>
   <trkpt lat="38.768860000000004" lon="-0.15109">
    <ele>763.4300000000001</ele>
   </trkpt>
   <trkpt lat="38.76894" lon="-0.15104">
    <ele>763.14</ele>
   </trkpt>
   <trkpt lat="38.76926" lon="-0.15098">
    <ele>762.63</ele>
   </trkpt>
   <trkpt lat="38.76943" lon="-0.15092">
    <ele>762.63</ele>
   </trkpt>
   <trkpt lat="38.76961" lon="-0.15079">
    <ele>762.33</ele>
   </trkpt>
   <trkpt lat="38.76968" lon="-0.15073">
    <ele>762.1000000000001</ele>
   </trkpt>
   <trkpt lat="38.76991" lon="-0.15039000000000002">
    <ele>760.47</ele>
   </trkpt>
   <trkpt lat="38.76995" lon="-0.15021">
    <ele>759.5</ele>
   </trkpt>
   <trkpt lat="38.770010000000006" lon="-0.14959">
    <ele>750.95</ele>
   </trkpt>
   <trkpt lat="38.77024" lon="-0.14895">
    <ele>742.38</ele>
   </trkpt>
   <trkpt lat="38.77026" lon="-0.14882">
    <ele>741.1</ele>
   </trkpt>
   <trkpt lat="38.770250000000004" lon="-0.1487">
    <ele>740.11</ele>
   </trkpt>
   <trkpt lat="38.770160000000004" lon="-0.14851">
    <ele>739.01</ele>
   </trkpt>
   <trkpt lat="38.76981" lon="-0.14809">
    <ele>738.4900000000001</ele>
   </trkpt>
   <trkpt lat="38.76968" lon="-0.14787">
    <ele>738.38</ele>
   </trkpt>
   <trkpt lat="38.769560000000006" lon="-0.14743">
    <ele>737.7900000000001</ele>
   </trkpt>
   <trkpt lat="38.769560000000006" lon="-0.14712">
    <ele>736.22</ele>
   </trkpt>
   <trkpt lat="38.76959" lon="-0.14696">
    <ele>734.97</ele>
   </trkpt>
   <trkpt lat="38.769740000000006" lon="-0.14654">
    <ele>731.22</ele>
   </trkpt>
   <trkpt lat="38.769780000000004" lon="-0.14632">
    <ele>729.5600000000001</ele>
   </trkpt>
   <trkpt lat="38.76982" lon="-0.14548">
    <ele>718.21</ele>
   </trkpt>
   <trkpt lat="38.76979" lon="-0.14494">
    <ele>712.2900000000001</ele>
   </trkpt>
   <trkpt lat="38.769800000000004" lon="-0.14479">
    <ele>711.26</ele>
   </trkpt>
   <trkpt lat="38.76991" lon="-0.14438">
    <ele>709.0000000000001</ele>
   </trkpt>
   <trkpt lat="38.769960000000005" lon="-0.14413">
    <ele>707.01</ele>
   </trkpt>
   <trkpt lat="38.77006" lon="-0.14326">
    <ele>696.59</ele>
   </trkpt>
   <trkpt lat="38.77018" lon="-0.14288">
    <ele>693.5600000000001</ele>
   </trkpt>
   <trkpt lat="38.770250000000004" lon="-0.14271">
    <ele>692.98</ele>
   </trkpt>
   <trkpt lat="38.770720000000004" lon="-0.14196">
    <ele>689.19</ele>
   </trkpt>
   <trkpt lat="38.77075000000001" lon="-0.14188">
    <ele>688.4200000000001</ele>
   </trkpt>
   <trkpt lat="38.77075000000001" lon="-0.14171">
    <ele>686.8700000000001</ele>
   </trkpt>
   <trkpt lat="38.77073" lon="-0.14143">
    <ele>682.83</ele>
   </trkpt>
   <trkpt lat="38.77075000000001" lon="-0.14134000000000002">
    <ele>682.83</ele>
   </trkpt>
   <trkpt lat="38.770860000000006" lon="-0.14132">
    <ele>681.33</ele>
   </trkpt>
   <trkpt lat="38.77091" lon="-0.14138">
    <ele>679.97</ele>
   </trkpt>
   <trkpt lat="38.771570000000004" lon="-0.14216">
    <ele>673.5699999999999</ele>
   </trkpt>
   <trkpt lat="38.77167" lon="-0.14238">
    <ele>672.75</ele>
   </trkpt>
   <trkpt lat="38.7719" lon="-0.14304">
    <ele>673.52</ele>
   </trkpt>
   <trkpt lat="38.771950000000004" lon="-0.14309000000000002">
    <ele>673.51</ele>
   </trkpt>
   <trkpt lat="38.77201" lon="-0.1431">
    <ele>673.51</ele>
   </trkpt>
   <trkpt lat="38.77205" lon="-0.14296">
    <ele>670.96</ele>
   </trkpt>
   <trkpt lat="38.77214" lon="-0.14207">
    <ele>662.25</ele>
   </trkpt>
   <trkpt lat="38.77214" lon="-0.14174">
    <ele>661.4100000000001</ele>
   </trkpt>
   <trkpt lat="38.77208" lon="-0.14149">
    <ele>658.99</ele>
   </trkpt>
   <trkpt lat="38.7719" lon="-0.14104">
    <ele>654.12</ele>
   </trkpt>
   <trkpt lat="38.77181" lon="-0.14077">
    <ele>652.09</ele>
   </trkpt>
   <trkpt lat="38.77163" lon="-0.14038">
    <ele>645.83</ele>
   </trkpt>
   <trkpt lat="38.77158" lon="-0.14021">
    <ele>644.0</ele>
   </trkpt>
   <trkpt lat="38.771550000000005" lon="-0.13913">
    <ele>634.5400000000001</ele>
   </trkpt>
   <trkpt lat="38.77147" lon="-0.13846">
    <ele>628.23</ele>
   </trkpt>
   <trkpt lat="38.77138" lon="-0.13794">
    <ele>621.68</ele>
   </trkpt>
   <trkpt lat="38.77138" lon="-0.13783">
    <ele>621.68</ele>
   </trkpt>
   <trkpt lat="38.77141" lon="-0.13769">
    <ele>619.3100000000001</ele>
   </trkpt>
   <trkpt lat="38.77141" lon="-0.13735">
    <ele>613.6</ele>
   </trkpt>
   <trkpt lat="38.77147" lon="-0.1366">
    <ele>606.6700000000001</ele>
   </trkpt>
   <trkpt lat="38.771480000000004" lon="-0.13608">
    <ele>603.45</ele>
   </trkpt>
   <trkpt lat="38.77158" lon="-0.13536">
    <ele>597.8</ele>
   </trkpt>
   <trkpt lat="38.771570000000004" lon="-0.13524">
    <ele>595.41</ele>
   </trkpt>
   <trkpt lat="38.7714" lon="-0.13483">
    <ele>588.69</ele>
   </trkpt>
   <trkpt lat="38.771350000000005" lon="-0.13459000000000002">
    <ele>585.5600000000001</ele>
   </trkpt>
   <trkpt lat="38.771350000000005" lon="-0.13447">
    <ele>585.5600000000001</ele>
   </trkpt>
   <trkpt lat="38.771440000000005" lon="-0.13408">
    <ele>580.86</ele>
   </trkpt>
   <trkpt lat="38.77147" lon="-0.13366">
    <ele>578.6800000000001</ele>
   </trkpt>
   <trkpt lat="38.771550000000005" lon="-0.13311">
    <ele>577.49</ele>
   </trkpt>
   <trkpt lat="38.77161" lon="-0.13238">
    <ele>575.1800000000001</ele>
   </trkpt>
   <trkpt lat="38.77168" lon="-0.132">
    <ele>572.08</ele>
   </trkpt>
   <trkpt lat="38.771730000000005" lon="-0.13187000000000001">
    <ele>571.8199999999999</ele>
   </trkpt>
   <trkpt lat="38.77194" lon="-0.13158">
    <ele>571.4200000000001</ele>
   </trkpt>
   <trkpt lat="38.77208" lon="-0.13103">
    <ele>569.7800000000001</ele>
   </trkpt>
   <trkpt lat="38.77212" lon="-0.1305">
    <ele>567.2700000000001</ele>
   </trkpt>
   <trkpt lat="38.77212" lon="-0.13008">
    <ele>562.38</ele>
   </trkpt>
   <trkpt lat="38.772090000000006" lon="-0.12997">
    <ele>561.88</ele>
   </trkpt>
   <trkpt lat="38.772000000000006" lon="-0.12978">
    <ele>560.22</ele>
   </trkpt>
   <trkpt lat="38.77194" lon="-0.1295">
    <ele>558.64</ele>
   </trkpt>
   <trkpt lat="38.77194" lon="-0.12895">
    <ele>556.62</ele>
   </trkpt>
   <trkpt lat="38.77216000000001" lon="-0.12859">
    <ele>554.09</ele>
   </trkpt>
   <trkpt lat="38.7721" lon="-0.12831">
    <ele>553.42</ele>
   </trkpt>
   <trkpt lat="38.77212" lon="-0.1279">
    <ele>551.22</ele>
   </trkpt>
   <trkpt lat="38.772560000000006" lon="-0.128">
    <ele>549.2600000000001</ele>
   </trkpt>
   <trkpt lat="38.77259" lon="-0.12811">
    <ele>549.01</ele>
   </trkpt>
   <trkpt lat="38.772760000000005" lon="-0.128">
    <ele>547.82</ele>
   </trkpt>
   <trkpt lat="38.77284" lon="-0.12785000000000002">
    <ele>545.7</ele>
   </trkpt>
   <trkpt lat="38.773340000000005" lon="-0.12806">
    <ele>543.46</ele>
   </trkpt>
   <trkpt lat="38.77338" lon="-0.12805">
    <ele>543.46</ele>
   </trkpt>
   <trkpt lat="38.773410000000005" lon="-0.12803">
    <ele>543.3800000000001</ele>
   </trkpt>
   <trkpt lat="38.77346" lon="-0.12789">
    <ele>543.01</ele>
   </trkpt>
   <trkpt lat="38.77349" lon="-0.12746000000000002">
    <ele>540.08</ele>
   </trkpt>
   <trkpt lat="38.77353" lon="-0.12721000000000002">
    <ele>538.44</ele>
   </trkpt>
   <trkpt lat="38.77358" lon="-0.12701">
    <ele>537.21</ele>
   </trkpt>
   <trkpt lat="38.77366000000001" lon="-0.12686">
    <ele>535.37</ele>
   </trkpt>
   <trkpt lat="38.773700000000005" lon="-0.12667">
    <ele>533.1800000000001</ele>
   </trkpt>
   <trkpt lat="38.773680000000006" lon="-0.1265">
    <ele>530.13</ele>
   </trkpt>
   <trkpt lat="38.77358" lon="-0.12598">
    <ele>523.87</ele>
   </trkpt>
   <trkpt lat="38.773430000000005" lon="-0.12573">
    <ele>523.42</ele>
   </trkpt>
   <trkpt lat="38.77315" lon="-0.12556">
    <ele>522.64</ele>
   </trkpt>
   <trkpt lat="38.773" lon="-0.12555000000000002">
    <ele>522.58</ele>
   </trkpt>
   <trkpt lat="38.77284" lon="-0.12564">
    <ele>522.6700000000001</ele>
   </trkpt>
   <trkpt lat="38.772670000000005" lon="-0.12567">
    <ele>522.63</ele>
   </trkpt>
   <trkpt lat="38.772560000000006" lon="-0.12564">
    <ele>521.6700000000001</ele>
   </trkpt>
   <trkpt lat="38.772490000000005" lon="-0.12556">
    <ele>521.6700000000001</ele>
   </trkpt>
   <trkpt lat="38.772270000000006" lon="-0.12524000000000002">
    <ele>519.02</ele>
   </trkpt>
   <trkpt lat="38.772040000000004" lon="-0.12477">
    <ele>517.03</ele>
   </trkpt>
   <trkpt lat="38.77188" lon="-0.12438">
    <ele>516.27</ele>
   </trkpt>
   <trkpt lat="38.77179" lon="-0.12402">
    <ele>515.24</ele>
   </trkpt>
   <trkpt lat="38.771620000000006" lon="-0.12308000000000001">
    <ele>512.3100000000001</ele>
   </trkpt>
   <trkpt lat="38.77143" lon="-0.12248">
    <ele>510.4000000000001</ele>
   </trkpt>
   <trkpt lat="38.77136" lon="-0.12240000000000001">
    <ele>509.90000000000003</ele>
   </trkpt>
   <trkpt lat="38.771280000000004" lon="-0.12234">
    <ele>509.90000000000003</ele>
   </trkpt>
   <trkpt lat="38.7708" lon="-0.12226000000000001">
    <ele>506.93</ele>
   </trkpt>
   <trkpt lat="38.77071" lon="-0.12219000000000001">
    <ele>506.93</ele>
   </trkpt>
   <trkpt lat="38.77065" lon="-0.12208000000000001">
    <ele>505.83</ele>
   </trkpt>
   <trkpt lat="38.77064" lon="-0.12201000000000001">
    <ele>505.83</ele>
   </trkpt>
   <trkpt lat="38.77067" lon="-0.12190000000000001">
    <ele>505.19</ele>
   </trkpt>
   <trkpt lat="38.771080000000005" lon="-0.12115000000000001">
    <ele>503.39</ele>
   </trkpt>
   <trkpt lat="38.77116" lon="-0.12094">
    <ele>503.33000000000004</ele>
   </trkpt>
   <trkpt lat="38.771190000000004" lon="-0.12079000000000001">
    <ele>503.33000000000004</ele>
   </trkpt>
   <trkpt lat="38.77113000000001" lon="-0.12061000000000001">
    <ele>503.24</ele>
   </trkpt>
   <trkpt lat="38.770790000000005" lon="-0.12019">
    <ele>500.14000000000004</ele>
   </trkpt>
   <trkpt lat="38.77071" lon="-0.12005">
    <ele>500.14000000000004</ele>
   </trkpt>
   <trkpt lat="38.77066000000001" lon="-0.11983">
    <ele>498.55</ele>
   </trkpt>
   <trkpt lat="38.77066000000001" lon="-0.11972000000000001">
    <ele>497.72</ele>
   </trkpt>
   <trkpt lat="38.77066000000001" lon="-0.11971000000000001">
    <ele>497.72</ele>
   </trkpt>
   <trkpt lat="38.77069" lon="-0.11960000000000001">
    <ele>497.12000000000006</ele>
   </trkpt>
   <trkpt lat="38.770790000000005" lon="-0.11950000000000001">
    <ele>495.88000000000005</ele>
   </trkpt>
   <trkpt lat="38.77149" lon="-0.11918000000000001">
    <ele>494.39000000000004</ele>
   </trkpt>
   <trkpt lat="38.77159" lon="-0.11908">
    <ele>494.41</ele>
   </trkpt>
   <trkpt lat="38.77163" lon="-0.11900000000000001">
    <ele>494.31</ele>
   </trkpt>
   <trkpt lat="38.771620000000006" lon="-0.11893000000000001">
    <ele>494.19</ele>
   </trkpt>
   <trkpt lat="38.77156" lon="-0.11882000000000001">
    <ele>493.8</ele>
   </trkpt>
   <trkpt lat="38.77143" lon="-0.11872">
    <ele>492.38000000000005</ele>
   </trkpt>
   <trkpt lat="38.77138" lon="-0.11862">
    <ele>492.38000000000005</ele>
   </trkpt>
   <trkpt lat="38.77138" lon="-0.11854">
    <ele>491.82000000000005</ele>
   </trkpt>
   <trkpt lat="38.77143" lon="-0.1184">
    <ele>491.82000000000005</ele>
   </trkpt>
   <trkpt lat="38.77165" lon="-0.11815">
    <ele>489.7</ele>
   </trkpt>
   <trkpt lat="38.77176" lon="-0.11800000000000001">
    <ele>489.00000000000006</ele>
   </trkpt>
   <trkpt lat="38.77183" lon="-0.11782000000000001">
    <ele>487.82</ele>
   </trkpt>
   <trkpt lat="38.771860000000004" lon="-0.11769">
    <ele>487.31</ele>
   </trkpt>
   <trkpt lat="38.77178" lon="-0.11725000000000001">
    <ele>485.19000000000005</ele>
   </trkpt>
   <trkpt lat="38.771800000000006" lon="-0.11708">
    <ele>484.53000000000003</ele>
   </trkpt>
   <trkpt lat="38.771840000000005" lon="-0.11697">
    <ele>484.53000000000003</ele>
   </trkpt>
   <trkpt lat="38.77206" lon="-0.11668">
    <ele>482.64</ele>
   </trkpt>
   <trkpt lat="38.772200000000005" lon="-0.11636">
    <ele>481.12000000000006</ele>
   </trkpt>
   <trkpt lat="38.772540000000006" lon="-0.11610000000000001">
    <ele>479.40000000000003</ele>
   </trkpt>
   <trkpt lat="38.772690000000004" lon="-0.11603000000000001">
    <ele>478.09000000000003</ele>
   </trkpt>
   <trkpt lat="38.77328" lon="-0.11589">
    <ele>473.51000000000005</ele>
   </trkpt>
   <trkpt lat="38.773810000000005" lon="-0.11578000000000001">
    <ele>468.84000000000003</ele>
   </trkpt>
   <trkpt lat="38.77412" lon="-0.11567000000000001">
    <ele>467.79</ele>
   </trkpt>
   <trkpt lat="38.774640000000005" lon="-0.11535000000000001">
    <ele>461.14000000000004</ele>
   </trkpt>
   <trkpt lat="38.77478" lon="-0.11518">
    <ele>461.14000000000004</ele>
   </trkpt>
   <trkpt lat="38.77494" lon="-0.11493">
    <ele>459.49000000000007</ele>
   </trkpt>
   <trkpt lat="38.775090000000006" lon="-0.11474000000000001">
    <ele>458.82000000000005</ele>
   </trkpt>
   <trkpt lat="38.77561" lon="-0.11439">
    <ele>457.64000000000004</ele>
   </trkpt>
   <trkpt lat="38.77577" lon="-0.11426000000000001">
    <ele>456.88000000000005</ele>
   </trkpt>
   <trkpt lat="38.775920000000006" lon="-0.11406000000000001">
    <ele>454.44</ele>
   </trkpt>
   <trkpt lat="38.77622" lon="-0.11361">
    <ele>451.79</ele>
   </trkpt>
   <trkpt lat="38.776430000000005" lon="-0.1131">
    <ele>447.97</ele>
   </trkpt>
   <trkpt lat="38.77658" lon="-0.11285">
    <ele>446.68</ele>
   </trkpt>
   <trkpt lat="38.776720000000005" lon="-0.11252000000000001">
    <ele>445.83000000000004</ele>
   </trkpt>
   <trkpt lat="38.776830000000004" lon="-0.11235">
    <ele>445.66</ele>
   </trkpt>
   <trkpt lat="38.77703" lon="-0.11217">
    <ele>445.56</ele>
   </trkpt>
   <trkpt lat="38.77725" lon="-0.11192">
    <ele>445.37000000000006</ele>
   </trkpt>
   <trkpt lat="38.777800000000006" lon="-0.11164">
    <ele>444.66</ele>
   </trkpt>
   <trkpt lat="38.77787" lon="-0.11159000000000001">
    <ele>444.47</ele>
   </trkpt>
   <trkpt lat="38.77797" lon="-0.11142">
    <ele>444.47</ele>
   </trkpt>
   <trkpt lat="38.77807000000001" lon="-0.11119000000000001">
    <ele>443.93000000000006</ele>
   </trkpt>
   <trkpt lat="38.77817" lon="-0.11059000000000001">
    <ele>442.61000000000007</ele>
   </trkpt>
   <trkpt lat="38.7783" lon="-0.11015000000000001">
    <ele>441.99000000000007</ele>
   </trkpt>
   <trkpt lat="38.77832" lon="-0.11005000000000001">
    <ele>441.90000000000003</ele>
   </trkpt>
   <trkpt lat="38.778270000000006" lon="-0.10988">
    <ele>440.75</ele>
   </trkpt>
   <trkpt lat="38.77816" lon="-0.10973000000000001">
    <ele>439.14000000000004</ele>
   </trkpt>
   <trkpt lat="38.7781" lon="-0.10959">
    <ele>438.73</ele>
   </trkpt>
   <trkpt lat="38.7781" lon="-0.10945">
    <ele>438.37</ele>
   </trkpt>
   <trkpt lat="38.778130000000004" lon="-0.10935">
    <ele>438.37</ele>
   </trkpt>
   <trkpt lat="38.7783" lon="-0.10891">
    <ele>434.19</ele>
   </trkpt>
   <trkpt lat="38.778490000000005" lon="-0.10867">
    <ele>432.7300000000001</ele>
   </trkpt>
   <trkpt lat="38.77859" lon="-0.10862000000000001">
    <ele>432.2900000000001</ele>
   </trkpt>
   <trkpt lat="38.77877" lon="-0.10857000000000001">
    <ele>431.72</ele>
   </trkpt>
   <trkpt lat="38.77923500021831" lon="-0.10838500117744046">
    <ele>429.40000000000003</ele>
   </trkpt>
   <trkpt lat="38.779700000000005" lon="-0.1082">
    <ele>426.22</ele>
   </trkpt>
   <trkpt lat="38.779880000000006" lon="-0.10809">
    <ele>423.19</ele>
   </trkpt>
   <trkpt lat="38.779990000000005" lon="-0.10791">
    <ele>422.62000000000006</ele>
   </trkpt>
   <trkpt lat="38.78022" lon="-0.10727">
    <ele>420.15000000000003</ele>
   </trkpt>
   <trkpt lat="38.780330000000006" lon="-0.10702">
    <ele>419.45000000000005</ele>
   </trkpt>
   <trkpt lat="38.7806" lon="-0.10669000000000001">
    <ele>416.96000000000004</ele>
   </trkpt>
   <trkpt lat="38.78072" lon="-0.10658000000000001">
    <ele>416.96000000000004</ele>
   </trkpt>
   <trkpt lat="38.781120000395546" lon="-0.10627500171147236">
    <ele>413.38</ele>
   </trkpt>
   <trkpt lat="38.78152" lon="-0.10597000000000001">
    <ele>411.14000000000004</ele>
   </trkpt>
   <trkpt lat="38.7819" lon="-0.10577">
    <ele>408.21000000000004</ele>
   </trkpt>
   <trkpt lat="38.782030000000006" lon="-0.10572000000000001">
    <ele>407.23</ele>
   </trkpt>
   <trkpt lat="38.78224" lon="-0.10572000000000001">
    <ele>405.71</ele>
   </trkpt>
   <trkpt lat="38.78251" lon="-0.10583000000000001">
    <ele>404.4200000000001</ele>
   </trkpt>
   <trkpt lat="38.782630000000005" lon="-0.10583000000000001">
    <ele>402.6</ele>
   </trkpt>
   <trkpt lat="38.782830000000004" lon="-0.10569">
    <ele>400.59000000000003</ele>
   </trkpt>
   <trkpt lat="38.78294" lon="-0.10554000000000001">
    <ele>400.59000000000003</ele>
   </trkpt>
   <trkpt lat="38.78298" lon="-0.10539000000000001">
    <ele>399.11</ele>
   </trkpt>
   <trkpt lat="38.78298" lon="-0.10524000000000001">
    <ele>398.13000000000005</ele>
   </trkpt>
   <trkpt lat="38.78287" lon="-0.10472000000000001">
    <ele>394.79</ele>
   </trkpt>
   <trkpt lat="38.782740000000004" lon="-0.1038">
    <ele>390.63000000000005</ele>
   </trkpt>
   <trkpt lat="38.782680000000006" lon="-0.10365">
    <ele>389.27</ele>
   </trkpt>
   <trkpt lat="38.782630000000005" lon="-0.10358">
    <ele>387.8</ele>
   </trkpt>
   <trkpt lat="38.782560000000004" lon="-0.10354000000000001">
    <ele>387.8</ele>
   </trkpt>
   <trkpt lat="38.78248" lon="-0.10354000000000001">
    <ele>386.74</ele>
   </trkpt>
   <trkpt lat="38.78195" lon="-0.10355">
    <ele>383.03000000000003</ele>
   </trkpt>
   <trkpt lat="38.78139" lon="-0.10376">
    <ele>380.05000000000007</ele>
   </trkpt>
   <trkpt lat="38.78096" lon="-0.10401">
    <ele>376.62</ele>
   </trkpt>
   <trkpt lat="38.78054" lon="-0.1044">
    <ele>375.13</ele>
   </trkpt>
   <trkpt lat="38.7800650004133" lon="-0.1047250021899192">
    <ele>372.66</ele>
   </trkpt>
   <trkpt lat="38.779590000000006" lon="-0.10505">
    <ele>369.06000000000006</ele>
   </trkpt>
   <trkpt lat="38.779540000000004" lon="-0.10508">
    <ele>366.79</ele>
   </trkpt>
   <trkpt lat="38.77949" lon="-0.10505">
    <ele>366.79</ele>
   </trkpt>
   <trkpt lat="38.7794" lon="-0.10497000000000001">
    <ele>366.36</ele>
   </trkpt>
   <trkpt lat="38.779340000000005" lon="-0.10489000000000001">
    <ele>365.14</ele>
   </trkpt>
   <trkpt lat="38.779160000000005" lon="-0.10435000000000001">
    <ele>361.39000000000004</ele>
   </trkpt>
   <trkpt lat="38.779140000000005" lon="-0.10422000000000001">
    <ele>361.24</ele>
   </trkpt>
   <trkpt lat="38.779590000000006" lon="-0.1034">
    <ele>356.7</ele>
   </trkpt>
   <trkpt lat="38.77964" lon="-0.10334000000000002">
    <ele>356.7</ele>
   </trkpt>
   <trkpt lat="38.78004" lon="-0.10259000000000001">
    <ele>355.62000000000006</ele>
   </trkpt>
   <trkpt lat="38.78007" lon="-0.10248">
    <ele>355.53000000000003</ele>
   </trkpt>
   <trkpt lat="38.780210000000004" lon="-0.10247">
    <ele>353.82</ele>
   </trkpt>
   <trkpt lat="38.780660001217996" lon="-0.1019250034968154">
    <ele>350.49</ele>
   </trkpt>
   <trkpt lat="38.781110000000005" lon="-0.10138000000000001">
    <ele>348.98</ele>
   </trkpt>
   <trkpt lat="38.781310000000005" lon="-0.10111">
    <ele>347.65000000000003</ele>
   </trkpt>
   <trkpt lat="38.78135" lon="-0.10103000000000001">
    <ele>347.03</ele>
   </trkpt>
   <trkpt lat="38.781380000000006" lon="-0.10082">
    <ele>347.03</ele>
   </trkpt>
   <trkpt lat="38.78132" lon="-0.10044">
    <ele>343.19000000000005</ele>
   </trkpt>
   <trkpt lat="38.781150000000004" lon="-0.09982">
    <ele>340.29</ele>
   </trkpt>
   <trkpt lat="38.781180000000006" lon="-0.09942000000000001">
    <ele>338.34000000000003</ele>
   </trkpt>
   <trkpt lat="38.78117" lon="-0.09879">
    <ele>334.04</ele>
   </trkpt>
   <trkpt lat="38.781220000000005" lon="-0.09856000000000001">
    <ele>331.91</ele>
   </trkpt>
   <trkpt lat="38.781400000000005" lon="-0.09824000000000001">
    <ele>328.71</ele>
   </trkpt>
   <trkpt lat="38.78139" lon="-0.09804">
    <ele>326.92</ele>
   </trkpt>
   <trkpt lat="38.78137" lon="-0.09797">
    <ele>326.92</ele>
   </trkpt>
   <trkpt lat="38.781310000000005" lon="-0.09789">
    <ele>325.52000000000004</ele>
   </trkpt>
   <trkpt lat="38.78125" lon="-0.09786">
    <ele>325.52000000000004</ele>
   </trkpt>
   <trkpt lat="38.781110000000005" lon="-0.09788000000000001">
    <ele>323.72</ele>
   </trkpt>
   <trkpt lat="38.78052" lon="-0.09803">
    <ele>317.41</ele>
   </trkpt>
   <trkpt lat="38.78031" lon="-0.0981">
    <ele>316.11</ele>
   </trkpt>
   <trkpt lat="38.780100000000004" lon="-0.09829">
    <ele>313.39</ele>
   </trkpt>
   <trkpt lat="38.77971" lon="-0.09875">
    <ele>308.17</ele>
   </trkpt>
   <trkpt lat="38.7796" lon="-0.09883">
    <ele>307.14000000000004</ele>
   </trkpt>
   <trkpt lat="38.779520000000005" lon="-0.09883">
    <ele>305.14000000000004</ele>
   </trkpt>
   <trkpt lat="38.77944" lon="-0.09878">
    <ele>305.14000000000004</ele>
   </trkpt>
   <trkpt lat="38.77938" lon="-0.09871">
    <ele>303.85</ele>
   </trkpt>
   <trkpt lat="38.77933" lon="-0.09842000000000001">
    <ele>300.33000000000004</ele>
   </trkpt>
   <trkpt lat="38.77935" lon="-0.098">
    <ele>297.56000000000006</ele>
   </trkpt>
   <trkpt lat="38.77938" lon="-0.09788000000000001">
    <ele>297.21000000000004</ele>
   </trkpt>
   <trkpt lat="38.77946" lon="-0.09772">
    <ele>296.61</ele>
   </trkpt>
   <trkpt lat="38.779830000000004" lon="-0.09724000000000001">
    <ele>293.76</ele>
   </trkpt>
   <trkpt lat="38.77994" lon="-0.09706000000000001">
    <ele>291.61</ele>
   </trkpt>
   <trkpt lat="38.78002" lon="-0.09675">
    <ele>288.96000000000004</ele>
   </trkpt>
   <trkpt lat="38.780060000000006" lon="-0.09627000000000001">
    <ele>282.04</ele>
   </trkpt>
   <trkpt lat="38.78009" lon="-0.09618">
    <ele>282.04</ele>
   </trkpt>
   <trkpt lat="38.780150000000006" lon="-0.09608000000000001">
    <ele>279.96000000000004</ele>
   </trkpt>
   <trkpt lat="38.7806" lon="-0.09577000000000001">
    <ele>276.99</ele>
   </trkpt>
   <trkpt lat="38.7807" lon="-0.09564">
    <ele>277.06</ele>
   </trkpt>
   <trkpt lat="38.78104500134796" lon="-0.09507500275351764">
    <ele>279.04</ele>
   </trkpt>
   <trkpt lat="38.78139" lon="-0.09451000000000001">
    <ele>280.80000000000007</ele>
   </trkpt>
   <trkpt lat="38.781775002596575" lon="-0.09373500410914118">
    <ele>278.99</ele>
   </trkpt>
   <trkpt lat="38.782160000000005" lon="-0.09296">
    <ele>271.35</ele>
   </trkpt>
   <trkpt lat="38.78219" lon="-0.09287000000000001">
    <ele>271.35</ele>
   </trkpt>
   <trkpt lat="38.78233000226926" lon="-0.09214000144054214">
    <ele>266.71</ele>
   </trkpt>
   <trkpt lat="38.78247" lon="-0.09141">
    <ele>262.03999999999996</ele>
   </trkpt>
   <trkpt lat="38.782610000000005" lon="-0.09091">
    <ele>259.72</ele>
   </trkpt>
   <trkpt lat="38.78262" lon="-0.09072000000000001">
    <ele>259.27</ele>
   </trkpt>
   <trkpt lat="38.782590000000006" lon="-0.09044">
    <ele>257.57</ele>
   </trkpt>
   <trkpt lat="38.782650000000004" lon="-0.09016">
    <ele>256.41</ele>
   </trkpt>
   <trkpt lat="38.782790000000006" lon="-0.08994">
    <ele>255.38</ele>
   </trkpt>
   <trkpt lat="38.78305" lon="-0.08961000000000001">
    <ele>251.97000000000003</ele>
   </trkpt>
   <trkpt lat="38.78351" lon="-0.08865">
    <ele>244.18</ele>
   </trkpt>
   <trkpt lat="38.78356" lon="-0.08851">
    <ele>243.21</ele>
   </trkpt>
   <trkpt lat="38.7836" lon="-0.08815">
    <ele>240.31000000000003</ele>
   </trkpt>
   <trkpt lat="38.78374" lon="-0.0878">
    <ele>237.87000000000003</ele>
   </trkpt>
   <trkpt lat="38.784040000000005" lon="-0.08694">
    <ele>231.69</ele>
   </trkpt>
   <trkpt lat="38.784220000000005" lon="-0.08665">
    <ele>229.30000000000004</ele>
   </trkpt>
   <trkpt lat="38.784600000000005" lon="-0.08618">
    <ele>224.08</ele>
   </trkpt>
   <trkpt lat="38.784760000000006" lon="-0.08586">
    <ele>220.69000000000003</ele>
   </trkpt>
   <trkpt lat="38.78482" lon="-0.0858">
    <ele>220.69000000000003</ele>
   </trkpt>
   <trkpt lat="38.78488" lon="-0.08581000000000001">
    <ele>220.69000000000003</ele>
   </trkpt>
   <trkpt lat="38.78492000000001" lon="-0.08571000000000001">
    <ele>220.06</ele>
   </trkpt>
   <trkpt lat="38.78531" lon="-0.08523">
    <ele>215.49</ele>
   </trkpt>
   <trkpt lat="38.7854" lon="-0.08507">
    <ele>214.62</ele>
   </trkpt>
   <trkpt lat="38.78553" lon="-0.08478000000000001">
    <ele>212.81000000000003</ele>
   </trkpt>
   <trkpt lat="38.785590000000006" lon="-0.08446000000000001">
    <ele>212.14000000000001</ele>
   </trkpt>
   <trkpt lat="38.785610000000005" lon="-0.08425">
    <ele>210.64000000000001</ele>
   </trkpt>
   <trkpt lat="38.785610000000005" lon="-0.08366000000000001">
    <ele>208.58</ele>
   </trkpt>
   <trkpt lat="38.7856" lon="-0.08364">
    <ele>208.58</ele>
   </trkpt>
   <trkpt lat="38.78549" lon="-0.08314">
    <ele>206.22</ele>
   </trkpt>
   <trkpt lat="38.785320000000006" lon="-0.08276">
    <ele>204.46</ele>
   </trkpt>
   <trkpt lat="38.785230000000006" lon="-0.0826">
    <ele>201.65</ele>
   </trkpt>
   <trkpt lat="38.78497" lon="-0.08222">
    <ele>199.54000000000002</ele>
   </trkpt>
   <trkpt lat="38.784760000000006" lon="-0.08203">
    <ele>197.96</ele>
   </trkpt>
   <trkpt lat="38.7845" lon="-0.08153">
    <ele>195.43</ele>
   </trkpt>
   <trkpt lat="38.78398" lon="-0.08096">
    <ele>192.21</ele>
   </trkpt>
   <trkpt lat="38.78381" lon="-0.08061">
    <ele>189.47000000000003</ele>
   </trkpt>
   <trkpt lat="38.7837" lon="-0.08046">
    <ele>189.47000000000003</ele>
   </trkpt>
   <trkpt lat="38.783620000000006" lon="-0.08039">
    <ele>188.32000000000002</ele>
   </trkpt>
   <trkpt lat="38.783100000000005" lon="-0.08003">
    <ele>185.58</ele>
   </trkpt>
   <trkpt lat="38.783030000000004" lon="-0.08">
    <ele>185.07000000000002</ele>
   </trkpt>
   <trkpt lat="38.78294" lon="-0.08">
    <ele>184.00000000000003</ele>
   </trkpt>
   <trkpt lat="38.78264" lon="-0.08003">
    <ele>182.44000000000003</ele>
   </trkpt>
   <trkpt lat="38.78246" lon="-0.08">
    <ele>181.94000000000003</ele>
   </trkpt>
   <trkpt lat="38.782360000000004" lon="-0.07996">
    <ele>180.74</ele>
   </trkpt>
   <trkpt lat="38.78219" lon="-0.07985">
    <ele>179.97000000000003</ele>
   </trkpt>
   <trkpt lat="38.78182" lon="-0.07954">
    <ele>177.59000000000003</ele>
   </trkpt>
   <trkpt lat="38.78143" lon="-0.07931">
    <ele>174.07</ele>
   </trkpt>
   <trkpt lat="38.780710000000006" lon="-0.07896">
    <ele>170.24</ele>
   </trkpt>
   <trkpt lat="38.78058" lon="-0.07892">
    <ele>169.81</ele>
   </trkpt>
   <trkpt lat="38.78042000000001" lon="-0.07892">
    <ele>169.32000000000002</ele>
   </trkpt>
   <trkpt lat="38.78025" lon="-0.079">
    <ele>168.0</ele>
   </trkpt>
   <trkpt lat="38.78009" lon="-0.0791">
    <ele>166.77</ele>
   </trkpt>
   <trkpt lat="38.77994" lon="-0.07924">
    <ele>165.94</ele>
   </trkpt>
   <trkpt lat="38.779830000000004" lon="-0.07935">
    <ele>165.76000000000002</ele>
   </trkpt>
   <trkpt lat="38.779700000000005" lon="-0.07957">
    <ele>165.41</ele>
   </trkpt>
   <trkpt lat="38.7796" lon="-0.07963">
    <ele>164.97</ele>
   </trkpt>
   <trkpt lat="38.779520000000005" lon="-0.07964">
    <ele>164.97</ele>
   </trkpt>
   <trkpt lat="38.77944" lon="-0.07957">
    <ele>164.37</ele>
   </trkpt>
   <trkpt lat="38.77942" lon="-0.0795">
    <ele>164.37</ele>
   </trkpt>
   <trkpt lat="38.77942" lon="-0.07939">
    <ele>163.23000000000002</ele>
   </trkpt>
   <trkpt lat="38.779500000000006" lon="-0.07928">
    <ele>163.23000000000002</ele>
   </trkpt>
   <trkpt lat="38.780240000000006" lon="-0.07867">
    <ele>157.74</ele>
   </trkpt>
   <trkpt lat="38.78049" lon="-0.07830000000000001">
    <ele>156.41000000000003</ele>
   </trkpt>
   <trkpt lat="38.780640000000005" lon="-0.0781">
    <ele>155.92</ele>
   </trkpt>
   <trkpt lat="38.780730000000005" lon="-0.07791000000000001">
    <ele>155.61</ele>
   </trkpt>
   <trkpt lat="38.78092" lon="-0.07746">
    <ele>155.36</ele>
   </trkpt>
   <trkpt lat="38.78105" lon="-0.07728">
    <ele>155.36</ele>
   </trkpt>
   <trkpt lat="38.78116" lon="-0.07706">
    <ele>155.47000000000003</ele>
   </trkpt>
   <trkpt lat="38.7813" lon="-0.07602">
    <ele>154.9</ele>
   </trkpt>
   <trkpt lat="38.78144" lon="-0.07538">
    <ele>154.37</ele>
   </trkpt>
   <trkpt lat="38.781490000000005" lon="-0.07507000000000001">
    <ele>154.37</ele>
   </trkpt>
   <trkpt lat="38.78143" lon="-0.07409">
    <ele>153.4</ele>
   </trkpt>
   <trkpt lat="38.781400000000005" lon="-0.07395">
    <ele>153.46</ele>
   </trkpt>
   <trkpt lat="38.78132" lon="-0.07384">
    <ele>153.46</ele>
   </trkpt>
   <trkpt lat="38.78125" lon="-0.0738">
    <ele>153.62</ele>
   </trkpt>
   <trkpt lat="38.781090000000006" lon="-0.07374">
    <ele>153.98</ele>
   </trkpt>
   <trkpt lat="38.78076" lon="-0.07373">
    <ele>155.08</ele>
   </trkpt>
   <trkpt lat="38.78067" lon="-0.07366">
    <ele>155.37</ele>
   </trkpt>
   <trkpt lat="38.78063" lon="-0.07359">
    <ele>155.62</ele>
   </trkpt>
   <trkpt lat="38.780590000000004" lon="-0.07348">
    <ele>156.06</ele>
   </trkpt>
   <trkpt lat="38.780550000000005" lon="-0.07295">
    <ele>157.35999999999999</ele>
   </trkpt>
   <trkpt lat="38.78051000000001" lon="-0.0728">
    <ele>157.91000000000003</ele>
   </trkpt>
   <trkpt lat="38.78041" lon="-0.0727">
    <ele>159.06</ele>
   </trkpt>
   <trkpt lat="38.780210000000004" lon="-0.07255">
    <ele>160.24</ele>
   </trkpt>
   <trkpt lat="38.780100000000004" lon="-0.07241">
    <ele>160.95000000000002</ele>
   </trkpt>
   <trkpt lat="38.78005" lon="-0.0722">
    <ele>161.49</ele>
   </trkpt>
   <trkpt lat="38.78005" lon="-0.07200000000000001">
    <ele>161.65</ele>
   </trkpt>
   <trkpt lat="38.780150000000006" lon="-0.0713">
    <ele>162.0</ele>
   </trkpt>
   <trkpt lat="38.780120000000004" lon="-0.07105">
    <ele>161.76000000000002</ele>
   </trkpt>
   <trkpt lat="38.77977500059355" lon="-0.07063999787067643">
    <ele>161.36</ele>
   </trkpt>
   <trkpt lat="38.779430000000005" lon="-0.07023">
    <ele>161.41000000000003</ele>
   </trkpt>
   <trkpt lat="38.77938" lon="-0.07015">
    <ele>161.86</ele>
   </trkpt>
   <trkpt lat="38.77937" lon="-0.07009">
    <ele>161.86</ele>
   </trkpt>
   <trkpt lat="38.77939000000001" lon="-0.06994">
    <ele>161.86</ele>
   </trkpt>
   <trkpt lat="38.779430000000005" lon="-0.06987">
    <ele>161.86</ele>
   </trkpt>
   <trkpt lat="38.77969" lon="-0.06958">
    <ele>161.9</ele>
   </trkpt>
   <trkpt lat="38.779740000000004" lon="-0.0694">
    <ele>161.9</ele>
   </trkpt>
   <trkpt lat="38.77971000179396" lon="-0.06874999959107915">
    <ele>161.77</ele>
   </trkpt>
   <trkpt lat="38.779680000000006" lon="-0.06810000000000001">
    <ele>161.60000000000002</ele>
   </trkpt>
   <trkpt lat="38.77962" lon="-0.0679">
    <ele>160.97</ele>
   </trkpt>
   <trkpt lat="38.77939000000001" lon="-0.06756000000000001">
    <ele>159.55</ele>
   </trkpt>
   <trkpt lat="38.779070000000004" lon="-0.06714">
    <ele>158.29000000000002</ele>
   </trkpt>
   <trkpt lat="38.77902" lon="-0.06712">
    <ele>158.29000000000002</ele>
   </trkpt>
   <trkpt lat="38.77879" lon="-0.06693">
    <ele>156.73000000000002</ele>
   </trkpt>
   <trkpt lat="38.77859" lon="-0.06686">
    <ele>156.65</ele>
   </trkpt>
   <trkpt lat="38.77854000000001" lon="-0.06668">
    <ele>156.94000000000003</ele>
   </trkpt>
   <trkpt lat="38.77861" lon="-0.06654">
    <ele>158.48000000000002</ele>
   </trkpt>
   <trkpt lat="38.779160000000005" lon="-0.06637000000000001">
    <ele>151.98</ele>
   </trkpt>
   <trkpt lat="38.779740000367475" lon="-0.06610000216948224">
    <ele>147.36</ele>
   </trkpt>
   <trkpt lat="38.78032" lon="-0.06583">
    <ele>145.14000000000001</ele>
   </trkpt>
   <trkpt lat="38.780950000000004" lon="-0.06552000000000001">
    <ele>143.53000000000003</ele>
   </trkpt>
   <trkpt lat="38.78145500087499" lon="-0.0650200037292958">
    <ele>141.97</ele>
   </trkpt>
   <trkpt lat="38.781960000000005" lon="-0.06452000000000001">
    <ele>141.5</ele>
   </trkpt>
   <trkpt lat="38.78266" lon="-0.06387000000000001">
    <ele>142.39000000000001</ele>
   </trkpt>
   <trkpt lat="38.78271" lon="-0.06372">
    <ele>143.68</ele>
   </trkpt>
   <trkpt lat="38.78271" lon="-0.06367">
    <ele>143.68</ele>
   </trkpt>
   <trkpt lat="38.782630000000005" lon="-0.06349">
    <ele>144.55</ele>
   </trkpt>
   <trkpt lat="38.78253" lon="-0.06339">
    <ele>145.04</ele>
   </trkpt>
   <trkpt lat="38.78239000000001" lon="-0.06307">
    <ele>146.24</ele>
   </trkpt>
   <trkpt lat="38.78233" lon="-0.06293">
    <ele>146.50000000000003</ele>
   </trkpt>
   <trkpt lat="38.78231" lon="-0.06271">
    <ele>146.74</ele>
   </trkpt>
   <trkpt lat="38.78237" lon="-0.062240000000000004">
    <ele>147.08</ele>
   </trkpt>
   <trkpt lat="38.782590000000006" lon="-0.06131">
    <ele>145.12</ele>
   </trkpt>
   <trkpt lat="38.78266" lon="-0.06115">
    <ele>144.55</ele>
   </trkpt>
   <trkpt lat="38.78307" lon="-0.060430000000000005">
    <ele>139.21</ele>
   </trkpt>
   <trkpt lat="38.78329" lon="-0.05995">
    <ele>134.6</ele>
   </trkpt>
   <trkpt lat="38.78385" lon="-0.05911">
    <ele>128.34</ele>
   </trkpt>
   <trkpt lat="38.78408" lon="-0.058820000000000004">
    <ele>127.93</ele>
   </trkpt>
   <trkpt lat="38.784150000000004" lon="-0.05879">
    <ele>127.17</ele>
   </trkpt>
   <trkpt lat="38.784580000000005" lon="-0.05872">
    <ele>125.80000000000003</ele>
   </trkpt>
   <trkpt lat="38.784800000000004" lon="-0.058660000000000004">
    <ele>125.31</ele>
   </trkpt>
   <trkpt lat="38.78559500049356" lon="-0.05833000366735923">
    <ele>123.68</ele>
   </trkpt>
   <trkpt lat="38.786390000000004" lon="-0.058">
    <ele>122.82000000000001</ele>
   </trkpt>
   <trkpt lat="38.786640000000006" lon="-0.057830000000000006">
    <ele>122.61000000000001</ele>
   </trkpt>
   <trkpt lat="38.7872600017229" lon="-0.05720000544655597">
    <ele>121.87</ele>
   </trkpt>
   <trkpt lat="38.78788" lon="-0.05657">
    <ele>125.46000000000001</ele>
   </trkpt>
   <trkpt lat="38.788320000000006" lon="-0.056190000000000004">
    <ele>126.5</ele>
   </trkpt>
   <trkpt lat="38.788720000000005" lon="-0.0558">
    <ele>127.25</ele>
   </trkpt>
   <trkpt lat="38.789080000000006" lon="-0.055060000000000005">
    <ele>127.30000000000003</ele>
   </trkpt>
   <trkpt lat="38.789440000000006" lon="-0.054240000000000003">
    <ele>127.4</ele>
   </trkpt>
   <trkpt lat="38.789640000000006" lon="-0.05371000000000001">
    <ele>127.08</ele>
   </trkpt>
   <trkpt lat="38.78971000000001" lon="-0.05344">
    <ele>126.68</ele>
   </trkpt>
   <trkpt lat="38.789860000000004" lon="-0.0526">
    <ele>125.46000000000001</ele>
   </trkpt>
   <trkpt lat="38.78989" lon="-0.05226">
    <ele>125.03</ele>
   </trkpt>
   <trkpt lat="38.78989" lon="-0.05197">
    <ele>124.87</ele>
   </trkpt>
   <trkpt lat="38.78983500349258" lon="-0.05106499934352765">
    <ele>124.07000000000001</ele>
   </trkpt>
   <trkpt lat="38.78978" lon="-0.05016">
    <ele>125.22</ele>
   </trkpt>
   <trkpt lat="38.78981" lon="-0.049980000000000004">
    <ele>125.68</ele>
   </trkpt>
   <trkpt lat="38.789910000000006" lon="-0.049580000000000006">
    <ele>125.71000000000001</ele>
   </trkpt>
   <trkpt lat="38.79001" lon="-0.04925">
    <ele>125.64</ele>
   </trkpt>
   <trkpt lat="38.79026500125971" lon="-0.048740001521577245">
    <ele>123.94000000000001</ele>
   </trkpt>
   <trkpt lat="38.79052" lon="-0.04823">
    <ele>121.65</ele>
   </trkpt>
   <trkpt lat="38.79072" lon="-0.047760000000000004">
    <ele>119.78000000000002</ele>
   </trkpt>
   <trkpt lat="38.79095" lon="-0.0471">
    <ele>117.34000000000002</ele>
   </trkpt>
   <trkpt lat="38.79095" lon="-0.04692">
    <ele>116.99000000000001</ele>
   </trkpt>
   <trkpt lat="38.79077" lon="-0.04637">
    <ele>116.45</ele>
   </trkpt>
   <trkpt lat="38.79074000000001" lon="-0.04612">
    <ele>116.12000000000002</ele>
   </trkpt>
   <trkpt lat="38.79081" lon="-0.04503">
    <ele>114.35000000000001</ele>
   </trkpt>
   <trkpt lat="38.790870002296195" lon="-0.04429500069003964">
    <ele>113.09</ele>
   </trkpt>
   <trkpt lat="38.79093" lon="-0.04356">
    <ele>112.7</ele>
   </trkpt>
   <trkpt lat="38.791050000000006" lon="-0.04308">
    <ele>112.81</ele>
   </trkpt>
   <trkpt lat="38.791380000000004" lon="-0.04224000000000001">
    <ele>114.33000000000001</ele>
   </trkpt>
   <trkpt lat="38.791470000000004" lon="-0.041890000000000004">
    <ele>114.86</ele>
   </trkpt>
   <trkpt lat="38.79153" lon="-0.041550000000000004">
    <ele>115.21000000000001</ele>
   </trkpt>
   <trkpt lat="38.79157000141853" lon="-0.040970000542364195">
    <ele>114.91000000000001</ele>
   </trkpt>
   <trkpt lat="38.791610000000006" lon="-0.04039">
    <ele>112.48</ele>
   </trkpt>
   <trkpt lat="38.79171" lon="-0.03982">
    <ele>111.99000000000001</ele>
   </trkpt>
   <trkpt lat="38.79182" lon="-0.03941">
    <ele>111.44000000000001</ele>
   </trkpt>
   <trkpt lat="38.79201500131735" lon="-0.03885500150467628">
    <ele>110.98</ele>
   </trkpt>
   <trkpt lat="38.792210000000004" lon="-0.0383">
    <ele>111.18</ele>
   </trkpt>
   <trkpt lat="38.79225" lon="-0.03803">
    <ele>111.24000000000001</ele>
   </trkpt>
   <trkpt lat="38.79224000000001" lon="-0.03717">
    <ele>111.21000000000001</ele>
   </trkpt>
   <trkpt lat="38.79216" lon="-0.03653">
    <ele>111.27000000000001</ele>
   </trkpt>
   <trkpt lat="38.79198" lon="-0.035800000000000005">
    <ele>111.04</ele>
   </trkpt>
   <trkpt lat="38.791880000000006" lon="-0.03526">
    <ele>110.2</ele>
   </trkpt>
   <trkpt lat="38.791900000000005" lon="-0.03501">
    <ele>109.32000000000001</ele>
   </trkpt>
   <trkpt lat="38.79198" lon="-0.03474">
    <ele>108.81</ele>
   </trkpt>
   <trkpt lat="38.79227" lon="-0.03411">
    <ele>108.01</ele>
   </trkpt>
   <trkpt lat="38.792350000000006" lon="-0.0339">
    <ele>108.41000000000001</ele>
   </trkpt>
   <trkpt lat="38.792480000000005" lon="-0.033170000000000005">
    <ele>110.33000000000001</ele>
   </trkpt>
   <trkpt lat="38.792590000000004" lon="-0.03248">
    <ele>110.95</ele>
   </trkpt>
   <trkpt lat="38.7926" lon="-0.03218">
    <ele>111.84</ele>
   </trkpt>
   <trkpt lat="38.79249" lon="-0.03152">
    <ele>112.35000000000001</ele>
   </trkpt>
   <trkpt lat="38.79231500275796" lon="-0.030719998176418253">
    <ele>112.84</ele>
   </trkpt>
   <trkpt lat="38.79214" lon="-0.029920000000000002">
    <ele>112.74000000000001</ele>
   </trkpt>
   <trkpt lat="38.792300001793414" lon="-0.029270001487378162">
    <ele>111.73</ele>
   </trkpt>
   <trkpt lat="38.792460000000005" lon="-0.028620000000000003">
    <ele>111.22000000000001</ele>
   </trkpt>
   <trkpt lat="38.79252" lon="-0.028460000000000003">
    <ele>111.22000000000001</ele>
   </trkpt>
   <trkpt lat="38.79251" lon="-0.028370000000000003">
    <ele>111.45</ele>
   </trkpt>
   <trkpt lat="38.79254" lon="-0.028310000000000002">
    <ele>111.56</ele>
   </trkpt>
   <trkpt lat="38.79258" lon="-0.028300000000000002">
    <ele>111.48</ele>
   </trkpt>
   <trkpt lat="38.79262000000001" lon="-0.028120000000000003">
    <ele>111.08000000000001</ele>
   </trkpt>
   <trkpt lat="38.792970000000004" lon="-0.027710000000000002">
    <ele>110.07000000000001</ele>
   </trkpt>
   <trkpt lat="38.793200000000006" lon="-0.027160000000000004">
    <ele>109.39000000000001</ele>
   </trkpt>
   <trkpt lat="38.793290000000006" lon="-0.02681">
    <ele>108.75000000000001</ele>
   </trkpt>
   <trkpt lat="38.79336" lon="-0.025880000000000004">
    <ele>105.52</ele>
   </trkpt>
   <trkpt lat="38.79341" lon="-0.025570000000000002">
    <ele>104.31000000000002</ele>
   </trkpt>
   <trkpt lat="38.793510000000005" lon="-0.025120000000000003">
    <ele>102.3</ele>
   </trkpt>
   <trkpt lat="38.79365000000001" lon="-0.024730000000000002">
    <ele>101.54</ele>
   </trkpt>
   <trkpt lat="38.79384" lon="-0.023880000000000002">
    <ele>96.68</ele>
   </trkpt>
   <trkpt lat="38.79402" lon="-0.023330000000000004">
    <ele>93.38000000000001</ele>
   </trkpt>
   <trkpt lat="38.794050000000006" lon="-0.02315">
    <ele>93.08000000000001</ele>
   </trkpt>
   <trkpt lat="38.79406" lon="-0.022740000000000003">
    <ele>91.43</ele>
   </trkpt>
   <trkpt lat="38.794016672348135" lon="-0.021923332289647154">
    <ele>90.21000000000001</ele>
   </trkpt>
   <trkpt lat="38.79397333901211" lon="-0.021106665572228452">
    <ele>91.36000000000001</ele>
   </trkpt>
   <trkpt lat="38.79393" lon="-0.020290000000000002">
    <ele>91.75000000000001</ele>
   </trkpt>
   <trkpt lat="38.793940000000006" lon="-0.01975">
    <ele>91.83000000000001</ele>
   </trkpt>
   <trkpt lat="38.793980000000005" lon="-0.019370000000000002">
    <ele>91.65</ele>
   </trkpt>
   <trkpt lat="38.794050000000006" lon="-0.01896">
    <ele>91.35</ele>
   </trkpt>
   <trkpt lat="38.79421" lon="-0.01819">
    <ele>90.33000000000001</ele>
   </trkpt>
   <trkpt lat="38.794290000000004" lon="-0.01803">
    <ele>89.65</ele>
   </trkpt>
   <trkpt lat="38.794410000000006" lon="-0.01784">
    <ele>88.94</ele>
   </trkpt>
   <trkpt lat="38.79466" lon="-0.017550000000000003">
    <ele>87.52</ele>
   </trkpt>
   <trkpt lat="38.79498" lon="-0.0172">
    <ele>85.43</ele>
   </trkpt>
   <trkpt lat="38.79514" lon="-0.01694">
    <ele>84.4</ele>
   </trkpt>
   <trkpt lat="38.795480000000005" lon="-0.01618">
    <ele>80.66000000000001</ele>
   </trkpt>
   <trkpt lat="38.79596667212273" lon="-0.015380010922931892">
    <ele>79.25</ele>
   </trkpt>
   <trkpt lat="38.796453338790926" lon="-0.014580010920572727">
    <ele>81.32000000000001</ele>
   </trkpt>
   <trkpt lat="38.796940000000006" lon="-0.01378">
    <ele>84.05000000000001</ele>
   </trkpt>
   <trkpt lat="38.7971" lon="-0.013430000000000001">
    <ele>85.04</ele>
   </trkpt>
   <trkpt lat="38.79744" lon="-0.012620000000000001">
    <ele>85.98</ele>
   </trkpt>
   <trkpt lat="38.79778" lon="-0.011980000000000001">
    <ele>85.07000000000001</ele>
   </trkpt>
   <trkpt lat="38.79806500192811" lon="-0.011300002820552319">
    <ele>83.30000000000001</ele>
   </trkpt>
   <trkpt lat="38.798350000000006" lon="-0.010620000000000001">
    <ele>79.42</ele>
   </trkpt>
   <trkpt lat="38.798575003298204" lon="-0.009735002949531934">
    <ele>77.18</ele>
   </trkpt>
   <trkpt lat="38.7988" lon="-0.00885">
    <ele>73.51</ele>
   </trkpt>
   <trkpt lat="38.79913000161874" lon="-0.008220003056028073">
    <ele>69.13000000000001</ele>
   </trkpt>
   <trkpt lat="38.79946" lon="-0.00759">
    <ele>64.99000000000001</ele>
   </trkpt>
   <trkpt lat="38.799510000000005" lon="-0.00744">
    <ele>63.68</ele>
   </trkpt>
   <trkpt lat="38.79957" lon="-0.0069900000000000006">
    <ele>63.28</ele>
   </trkpt>
   <trkpt lat="38.79957" lon="-0.0067800000000000004">
    <ele>62.63</ele>
   </trkpt>
   <trkpt lat="38.799490000000006" lon="-0.0062900000000000005">
    <ele>60.27</ele>
   </trkpt>
   <trkpt lat="38.79947000000001" lon="-0.00602">
    <ele>59.14</ele>
   </trkpt>
   <trkpt lat="38.79957" lon="-0.00498">
    <ele>57.010000000000005</ele>
   </trkpt>
   <trkpt lat="38.799690000000005" lon="-0.00436">
    <ele>56.830000000000005</ele>
   </trkpt>
   <trkpt lat="38.799920007118956" lon="-0.003446672525776573">
    <ele>56.25</ele>
   </trkpt>
   <trkpt lat="38.8001500071282" lon="-0.0025333391558472573">
    <ele>56.330000000000005</ele>
   </trkpt>
   <trkpt lat="38.800380000000004" lon="-0.0016200000000000001">
    <ele>56.45</ele>
   </trkpt>
   <trkpt lat="38.800650000000005" lon="-0.00092">
    <ele>54.77</ele>
   </trkpt>
   <trkpt lat="38.80089" lon="0.00018">
    <ele>54.660000000000004</ele>
   </trkpt>
   <trkpt lat="38.80091" lon="0.00045000000000000004">
    <ele>55.220000000000006</ele>
   </trkpt>
   <trkpt lat="38.80084" lon="0.0015400000000000001">
    <ele>56.68</ele>
   </trkpt>
   <trkpt lat="38.80078" lon="0.00184">
    <ele>56.68</ele>
   </trkpt>
   <trkpt lat="38.800615001751574" lon="0.002475001342525675">
    <ele>57.35</ele>
   </trkpt>
   <trkpt lat="38.800450000000005" lon="0.0031100000000000004">
    <ele>58.24000000000001</ele>
   </trkpt>
   <trkpt lat="38.80039" lon="0.0035800000000000003">
    <ele>58.57</ele>
   </trkpt>
   <trkpt lat="38.800320000000006" lon="0.0037800000000000004">
    <ele>58.57</ele>
   </trkpt>
   <trkpt lat="38.800000000000004" lon="0.0044800000000000005">
    <ele>59.67000000000001</ele>
   </trkpt>
   <trkpt lat="38.79981000267294" lon="0.005270002050921204">
    <ele>59.800000000000004</ele>
   </trkpt>
   <trkpt lat="38.799620000000004" lon="0.00606">
    <ele>59.31</ele>
   </trkpt>
   <trkpt lat="38.79935500405035" lon="0.0070300034580903555">
    <ele>58.92000000000001</ele>
   </trkpt>
   <trkpt lat="38.79909" lon="0.008">
    <ele>59.38</ele>
   </trkpt>
   <trkpt lat="38.79899" lon="0.008230000000000001">
    <ele>59.61</ele>
   </trkpt>
   <trkpt lat="38.79850500129907" lon="0.008785003792612291">
    <ele>60.35000000000001</ele>
   </trkpt>
   <trkpt lat="38.79802" lon="0.009340000000000001">
    <ele>60.92</ele>
   </trkpt>
   <trkpt lat="38.797880000000006" lon="0.00953">
    <ele>60.92</ele>
   </trkpt>
   <trkpt lat="38.79778" lon="0.0097">
    <ele>61.13</ele>
   </trkpt>
   <trkpt lat="38.79746" lon="0.010480000000000001">
    <ele>61.93000000000001</ele>
   </trkpt>
   <trkpt lat="38.797380000000004" lon="0.01077">
    <ele>61.93000000000001</ele>
   </trkpt>
   <trkpt lat="38.797360000000005" lon="0.01165">
    <ele>63.58000000000001</ele>
   </trkpt>
   <trkpt lat="38.797340000000005" lon="0.01187">
    <ele>63.58000000000001</ele>
   </trkpt>
   <trkpt lat="38.79723500169807" lon="0.01250000088801401">
    <ele>65.10000000000001</ele>
   </trkpt>
   <trkpt lat="38.79713" lon="0.013130000000000001">
    <ele>66.37</ele>
   </trkpt>
   <trkpt lat="38.79704" lon="0.013540000000000002">
    <ele>66.94</ele>
   </trkpt>
   <trkpt lat="38.79701" lon="0.01374">
    <ele>67.37</ele>
   </trkpt>
   <trkpt lat="38.79704" lon="0.01387">
    <ele>67.56</ele>
   </trkpt>
   <trkpt lat="38.79731" lon="0.01429">
    <ele>67.93</ele>
   </trkpt>
   <trkpt lat="38.797380000000004" lon="0.014430000000000002">
    <ele>67.93</ele>
   </trkpt>
   <trkpt lat="38.797410000000006" lon="0.014570000000000001">
    <ele>67.92</ele>
   </trkpt>
   <trkpt lat="38.79750000000001" lon="0.01563">
    <ele>68.22</ele>
   </trkpt>
   <trkpt lat="38.79759000000001" lon="0.016">
    <ele>68.22</ele>
   </trkpt>
   <trkpt lat="38.79783500239189" lon="0.016749997405800087">
    <ele>68.18</ele>
   </trkpt>
   <trkpt lat="38.798080000000006" lon="0.0175">
    <ele>68.27000000000001</ele>
   </trkpt>
   <trkpt lat="38.79816" lon="0.01785">
    <ele>68.34</ele>
   </trkpt>
   <trkpt lat="38.79822" lon="0.01835">
    <ele>68.69</ele>
   </trkpt>
   <trkpt lat="38.79818" lon="0.01895">
    <ele>69.15</ele>
   </trkpt>
   <trkpt lat="38.79816" lon="0.01907">
    <ele>69.37</ele>
   </trkpt>
   <trkpt lat="38.79807" lon="0.01931">
    <ele>69.57000000000001</ele>
   </trkpt>
   <trkpt lat="38.797810000000005" lon="0.0198">
    <ele>70.74000000000001</ele>
   </trkpt>
   <trkpt lat="38.797320000000006" lon="0.020300000000000002">
    <ele>71.48</ele>
   </trkpt>
   <trkpt lat="38.79721" lon="0.020440000000000003">
    <ele>72.52</ele>
   </trkpt>
   <trkpt lat="38.79674" lon="0.021300000000000003">
    <ele>73.82000000000001</ele>
   </trkpt>
   <trkpt lat="38.796580000000006" lon="0.02162">
    <ele>74.36000000000001</ele>
   </trkpt>
   <trkpt lat="38.796490000000006" lon="0.021970000000000003">
    <ele>74.9</ele>
   </trkpt>
   <trkpt lat="38.796415001768025" lon="0.022615000720306016">
    <ele>75.44000000000001</ele>
   </trkpt>
   <trkpt lat="38.79634" lon="0.023260000000000003">
    <ele>76.29</ele>
   </trkpt>
   <trkpt lat="38.796260000000004" lon="0.02355">
    <ele>76.62</ele>
   </trkpt>
   <trkpt lat="38.79598000190983" lon="0.02422000263963447">
    <ele>76.91000000000001</ele>
   </trkpt>
   <trkpt lat="38.795700000000004" lon="0.024890000000000002">
    <ele>77.08000000000001</ele>
   </trkpt>
   <trkpt lat="38.795500000000004" lon="0.02543">
    <ele>77.08000000000001</ele>
   </trkpt>
   <trkpt lat="38.795410000000004" lon="0.025830000000000002">
    <ele>76.79</ele>
   </trkpt>
   <trkpt lat="38.795300000000005" lon="0.026480000000000004">
    <ele>76.6</ele>
   </trkpt>
   <trkpt lat="38.79516" lon="0.027030000000000002">
    <ele>76.00000000000001</ele>
   </trkpt>
   <trkpt lat="38.79491500172757" lon="0.027680002427620275">
    <ele>74.6</ele>
   </trkpt>
   <trkpt lat="38.79467" lon="0.02833">
    <ele>73.63</ele>
   </trkpt>
   <trkpt lat="38.794470000000004" lon="0.028820000000000002">
    <ele>72.69</ele>
   </trkpt>
   <trkpt lat="38.79437" lon="0.029">
    <ele>72.48</ele>
   </trkpt>
   <trkpt lat="38.79399" lon="0.02953">
    <ele>72.92000000000002</ele>
   </trkpt>
   <trkpt lat="38.79392" lon="0.029710000000000004">
    <ele>73.55</ele>
   </trkpt>
   <trkpt lat="38.793350000000004" lon="0.02936">
    <ele>74.78</ele>
   </trkpt>
   <trkpt lat="38.79285000041383" lon="0.029074998039424028">
    <ele>75.87</ele>
   </trkpt>
   <trkpt lat="38.792350000000006" lon="0.028790000000000003">
    <ele>77.21</ele>
   </trkpt>
   <trkpt lat="38.792080000000006" lon="0.02859">
    <ele>78.54</ele>
   </trkpt>
   <trkpt lat="38.79155" lon="0.02808">
    <ele>83.07000000000001</ele>
   </trkpt>
   <trkpt lat="38.79133" lon="0.02782">
    <ele>84.99000000000001</ele>
   </trkpt>
   <trkpt lat="38.79115" lon="0.027250000000000003">
    <ele>87.86</ele>
   </trkpt>
   <trkpt lat="38.79084500147438" lon="0.026674997663294172">
    <ele>88.9</ele>
   </trkpt>
   <trkpt lat="38.79054" lon="0.0261">
    <ele>89.38</ele>
   </trkpt>
   <trkpt lat="38.790470000000006" lon="0.025900000000000003">
    <ele>89.78000000000002</ele>
   </trkpt>
   <trkpt lat="38.79036" lon="0.02525">
    <ele>92.15</ele>
   </trkpt>
   <trkpt lat="38.790310000000005" lon="0.02502">
    <ele>92.81</ele>
   </trkpt>
   <trkpt lat="38.789945003073" lon="0.0241599954115109">
    <ele>95.91000000000001</ele>
   </trkpt>
   <trkpt lat="38.78958" lon="0.0233">
    <ele>97.35000000000001</ele>
   </trkpt>
   <trkpt lat="38.78927" lon="0.0227">
    <ele>97.53</ele>
   </trkpt>
   <trkpt lat="38.78883750671114" lon="0.021974986791111567">
    <ele>97.26</ele>
   </trkpt>
   <trkpt lat="38.788405008942625" lon="0.021249982379053126">
    <ele>97.82000000000001</ele>
   </trkpt>
   <trkpt lat="38.78797250669456" lon="0.020524986763673064">
    <ele>99.99000000000001</ele>
   </trkpt>
   <trkpt lat="38.78754" lon="0.0198">
    <ele>102.66000000000001</ele>
   </trkpt>
   <trkpt lat="38.78689000239381" lon="0.019039992992237624">
    <ele>105.02</ele>
   </trkpt>
   <trkpt lat="38.78624000000001" lon="0.01828">
    <ele>108.78000000000002</ele>
   </trkpt>
   <trkpt lat="38.78596" lon="0.017920000000000002">
    <ele>109.57000000000001</ele>
   </trkpt>
   <trkpt lat="38.785830000000004" lon="0.017650000000000002">
    <ele>109.94000000000001</ele>
   </trkpt>
   <trkpt lat="38.785610000000005" lon="0.017050000000000003">
    <ele>110.06</ele>
   </trkpt>
   <trkpt lat="38.785520000000005" lon="0.016880000000000003">
    <ele>110.23</ele>
   </trkpt>
   <trkpt lat="38.78539000000001" lon="0.016700000000000003">
    <ele>110.15</ele>
   </trkpt>
   <trkpt lat="38.785045000556416" lon="0.016314998053182823">
    <ele>111.18</ele>
   </trkpt>
   <trkpt lat="38.7847" lon="0.01593">
    <ele>114.98</ele>
   </trkpt>
   <trkpt lat="38.78448" lon="0.01575">
    <ele>115.79</ele>
   </trkpt>
   <trkpt lat="38.784310000000005" lon="0.015680000000000003">
    <ele>116.52000000000001</ele>
   </trkpt>
   <trkpt lat="38.78401" lon="0.015600000000000001">
    <ele>119.20000000000002</ele>
   </trkpt>
   <trkpt lat="38.7839" lon="0.015530000000000002">
    <ele>119.20000000000002</ele>
   </trkpt>
   <trkpt lat="38.783840000000005" lon="0.015460000000000002">
    <ele>120.09000000000002</ele>
   </trkpt>
   <trkpt lat="38.783710000000006" lon="0.015260000000000001">
    <ele>122.25000000000001</ele>
   </trkpt>
   <trkpt lat="38.78332667121232" lon="0.014529992159169195">
    <ele>125.62</ele>
   </trkpt>
   <trkpt lat="38.78294333788323" lon="0.013799992167349492">
    <ele>128.29999999999998</ele>
   </trkpt>
   <trkpt lat="38.782560000000004" lon="0.013070000000000002">
    <ele>129.82000000000002</ele>
   </trkpt>
   <trkpt lat="38.78242" lon="0.012830000000000001">
    <ele>130.37</ele>
   </trkpt>
   <trkpt lat="38.78231" lon="0.01268">
    <ele>130.72</ele>
   </trkpt>
   <trkpt lat="38.78159000190023" lon="0.012004993145948861">
    <ele>131.65</ele>
   </trkpt>
   <trkpt lat="38.78087" lon="0.011330000000000002">
    <ele>134.63</ele>
   </trkpt>
   <trkpt lat="38.780280000000005" lon="0.010740000000000001">
    <ele>137.54000000000002</ele>
   </trkpt>
   <trkpt lat="38.780010000000004" lon="0.010390000000000002">
    <ele>138.67000000000002</ele>
   </trkpt>
   <trkpt lat="38.779860000000006" lon="0.01016">
    <ele>139.45000000000002</ele>
   </trkpt>
   <trkpt lat="38.779460001949076" lon="0.009474996071814236">
    <ele>142.37000000000003</ele>
   </trkpt>
   <trkpt lat="38.77906" lon="0.008790000000000001">
    <ele>147.00000000000003</ele>
   </trkpt>
   <trkpt lat="38.778980000000004" lon="0.0086">
    <ele>147.89000000000001</ele>
   </trkpt>
   <trkpt lat="38.778790001476615" lon="0.008004998315102223">
    <ele>149.49</ele>
   </trkpt>
   <trkpt lat="38.778600000000004" lon="0.007410000000000001">
    <ele>150.08</ele>
   </trkpt>
   <trkpt lat="38.778470000000006" lon="0.0071">
    <ele>150.00000000000003</ele>
   </trkpt>
   <trkpt lat="38.778040000000004" lon="0.006370000000000001">
    <ele>149.65</ele>
   </trkpt>
   <trkpt lat="38.77797" lon="0.00619">
    <ele>150.07</ele>
   </trkpt>
   <trkpt lat="38.777910000000006" lon="0.0059700000000000005">
    <ele>151.02</ele>
   </trkpt>
   <trkpt lat="38.77781500400496" lon="0.0049999986666378485">
    <ele>154.79000000000002</ele>
   </trkpt>
   <trkpt lat="38.77772" lon="0.004030000000000001">
    <ele>158.22</ele>
   </trkpt>
   <trkpt lat="38.777680000000004" lon="0.00391">
    <ele>158.22</ele>
   </trkpt>
   <trkpt lat="38.777620000000006" lon="0.0038000000000000004">
    <ele>158.22</ele>
   </trkpt>
   <trkpt lat="38.7775" lon="0.00369">
    <ele>160.42000000000002</ele>
   </trkpt>
   <trkpt lat="38.777080000000005" lon="0.0035600000000000002">
    <ele>162.36</ele>
   </trkpt>
   <trkpt lat="38.77671" lon="0.0034200000000000003">
    <ele>165.38000000000002</ele>
   </trkpt>
   <trkpt lat="38.776520000000005" lon="0.0032500000000000003">
    <ele>165.38000000000002</ele>
   </trkpt>
   <trkpt lat="38.775920000000006" lon="0.0025">
    <ele>172.15000000000003</ele>
   </trkpt>
   <trkpt lat="38.77550666989075" lon="0.0018833261614558936">
    <ele>174.78</ele>
   </trkpt>
   <trkpt lat="38.77509333654092" lon="0.0012666594702790458">
    <ele>178.84000000000003</ele>
   </trkpt>
   <trkpt lat="38.774680000000004" lon="0.0006500000000000001">
    <ele>180.04</ele>
   </trkpt>
   <trkpt lat="38.77459" lon="0.00047000000000000004">
    <ele>180.15</ele>
   </trkpt>
   <trkpt lat="38.77442500149322" lon="-0.0001400017519211845">
    <ele>181.48</ele>
   </trkpt>
   <trkpt lat="38.774260000000005" lon="-0.00075">
    <ele>184.23</ele>
   </trkpt>
   <trkpt lat="38.77413000000001" lon="-0.0010600000000000002">
    <ele>186.14000000000001</ele>
   </trkpt>
   <trkpt lat="38.77375500203799" lon="-0.0017550036910179633">
    <ele>189.07000000000002</ele>
   </trkpt>
   <trkpt lat="38.77338" lon="-0.0024500000000000004">
    <ele>194.18</ele>
   </trkpt>
   <trkpt lat="38.77328" lon="-0.00266">
    <ele>194.82000000000002</ele>
   </trkpt>
   <trkpt lat="38.773210000000006" lon="-0.0029500000000000004">
    <ele>196.89000000000001</ele>
   </trkpt>
   <trkpt lat="38.77313" lon="-0.00338">
    <ele>199.86</ele>
   </trkpt>
   <trkpt lat="38.77293000160167" lon="-0.004000001850369117">
    <ele>202.45000000000002</ele>
   </trkpt>
   <trkpt lat="38.77273" lon="-0.00462">
    <ele>205.0</ele>
   </trkpt>
   <trkpt lat="38.77272" lon="-0.004750000000000001">
    <ele>205.40000000000003</ele>
   </trkpt>
   <trkpt lat="38.772960000000005" lon="-0.00523">
    <ele>206.87000000000003</ele>
   </trkpt>
   <trkpt lat="38.773010000000006" lon="-0.0054600000000000004">
    <ele>207.93</ele>
   </trkpt>
   <trkpt lat="38.77302" lon="-0.0056500000000000005">
    <ele>209.05</ele>
   </trkpt>
   <trkpt lat="38.773" lon="-0.0058200000000000005">
    <ele>209.68</ele>
   </trkpt>
   <trkpt lat="38.77291" lon="-0.00604">
    <ele>210.99</ele>
   </trkpt>
   <trkpt lat="38.772850000000005" lon="-0.006130000000000001">
    <ele>210.99</ele>
   </trkpt>
   <trkpt lat="38.77268" lon="-0.00627">
    <ele>211.47000000000003</ele>
   </trkpt>
   <trkpt lat="38.772560000000006" lon="-0.0063300000000000006">
    <ele>211.85</ele>
   </trkpt>
   <trkpt lat="38.7723" lon="-0.0064">
    <ele>212.59000000000003</ele>
   </trkpt>
   <trkpt lat="38.772200000000005" lon="-0.0064600000000000005">
    <ele>212.59000000000003</ele>
   </trkpt>
   <trkpt lat="38.771950000000004" lon="-0.00668">
    <ele>212.84000000000003</ele>
   </trkpt>
   <trkpt lat="38.77159" lon="-0.007150000000000001">
    <ele>215.17000000000002</ele>
   </trkpt>
   <trkpt lat="38.771390000000004" lon="-0.007490000000000001">
    <ele>216.11</ele>
   </trkpt>
   <trkpt lat="38.77113000158277" lon="-0.008105002309403121">
    <ele>219.74</ele>
   </trkpt>
   <trkpt lat="38.77087" lon="-0.00872">
    <ele>222.16000000000003</ele>
   </trkpt>
   <trkpt lat="38.7708" lon="-0.008790000000000001">
    <ele>222.16000000000003</ele>
   </trkpt>
   <trkpt lat="38.77065" lon="-0.00889">
    <ele>222.81</ele>
   </trkpt>
   <trkpt lat="38.77053" lon="-0.00889">
    <ele>223.4</ele>
   </trkpt>
   <trkpt lat="38.77028" lon="-0.0088">
    <ele>224.44000000000003</ele>
   </trkpt>
   <trkpt lat="38.77018" lon="-0.0088">
    <ele>224.87</ele>
   </trkpt>
   <trkpt lat="38.770010000000006" lon="-0.00889">
    <ele>225.59</ele>
   </trkpt>
   <trkpt lat="38.769400000000005" lon="-0.0094">
    <ele>229.80000000000004</ele>
   </trkpt>
   <trkpt lat="38.76892" lon="-0.00952">
    <ele>232.08</ele>
   </trkpt>
   <trkpt lat="38.76831000000001" lon="-0.0097">
    <ele>235.82000000000002</ele>
   </trkpt>
   <trkpt lat="38.768130000000006" lon="-0.00983">
    <ele>236.35000000000002</ele>
   </trkpt>
   <trkpt lat="38.767580000899464" lon="-0.010300003658898634">
    <ele>241.04000000000002</ele>
   </trkpt>
   <trkpt lat="38.767030000000005" lon="-0.01077">
    <ele>245.20000000000002</ele>
   </trkpt>
   <trkpt lat="38.76682" lon="-0.010830000000000001">
    <ele>246.24</ele>
   </trkpt>
   <trkpt lat="38.76672000000001" lon="-0.01081">
    <ele>246.37000000000003</ele>
   </trkpt>
   <trkpt lat="38.76644" lon="-0.010660000000000001">
    <ele>247.49</ele>
   </trkpt>
   <trkpt lat="38.7663" lon="-0.010660000000000001">
    <ele>248.51</ele>
   </trkpt>
   <trkpt lat="38.76619" lon="-0.010750000000000001">
    <ele>248.51</ele>
   </trkpt>
   <trkpt lat="38.766110000000005" lon="-0.01085">
    <ele>250.07000000000002</ele>
   </trkpt>
   <trkpt lat="38.76608" lon="-0.01097">
    <ele>250.97000000000003</ele>
   </trkpt>
   <trkpt lat="38.76608" lon="-0.01111">
    <ele>250.97000000000003</ele>
   </trkpt>
   <trkpt lat="38.766130000000004" lon="-0.01123">
    <ele>252.54000000000005</ele>
   </trkpt>
   <trkpt lat="38.7663" lon="-0.01135">
    <ele>253.02</ele>
   </trkpt>
   <trkpt lat="38.76644" lon="-0.01136">
    <ele>253.69000000000003</ele>
   </trkpt>
   <trkpt lat="38.766630000000006" lon="-0.011260000000000001">
    <ele>254.24</ele>
   </trkpt>
   <trkpt lat="38.766830000000006" lon="-0.01118">
    <ele>255.4</ele>
   </trkpt>
   <trkpt lat="38.76697" lon="-0.01115">
    <ele>256.23</ele>
   </trkpt>
   <trkpt lat="38.76722" lon="-0.011130000000000001">
    <ele>258.26000000000005</ele>
   </trkpt>
   <trkpt lat="38.76733" lon="-0.01115">
    <ele>258.26000000000005</ele>
   </trkpt>
   <trkpt lat="38.7676" lon="-0.01127">
    <ele>259.63</ele>
   </trkpt>
   <trkpt lat="38.767920000000004" lon="-0.011510000000000001">
    <ele>262.26000000000005</ele>
   </trkpt>
   <trkpt lat="38.768010000000004" lon="-0.01169">
    <ele>262.78000000000003</ele>
   </trkpt>
   <trkpt lat="38.768100000000004" lon="-0.01204">
    <ele>265.6</ele>
   </trkpt>
   <trkpt lat="38.768150000000006" lon="-0.01237">
    <ele>266.53000000000003</ele>
   </trkpt>
   <trkpt lat="38.768240000000006" lon="-0.01254">
    <ele>267.34000000000003</ele>
   </trkpt>
   <trkpt lat="38.768330000000006" lon="-0.012620000000000001">
    <ele>267.78000000000003</ele>
   </trkpt>
   <trkpt lat="38.76845" lon="-0.01263">
    <ele>268.02000000000004</ele>
   </trkpt>
   <trkpt lat="38.76858" lon="-0.012620000000000001">
    <ele>269.87</ele>
   </trkpt>
   <trkpt lat="38.76869000000001" lon="-0.01255">
    <ele>269.87</ele>
   </trkpt>
   <trkpt lat="38.7689" lon="-0.01238">
    <ele>270.86</ele>
   </trkpt>
   <trkpt lat="38.76901" lon="-0.01237">
    <ele>271.53000000000003</ele>
   </trkpt>
   <trkpt lat="38.769180000000006" lon="-0.01246">
    <ele>273.0</ele>
   </trkpt>
   <trkpt lat="38.769510000000004" lon="-0.012750000000000001">
    <ele>274.92</ele>
   </trkpt>
   <trkpt lat="38.76966" lon="-0.012960000000000001">
    <ele>274.92</ele>
   </trkpt>
   <trkpt lat="38.769920000000006" lon="-0.01378">
    <ele>281.03</ele>
   </trkpt>
   <trkpt lat="38.76999" lon="-0.01416">
    <ele>281.82</ele>
   </trkpt>
   <trkpt lat="38.769980000000004" lon="-0.01446">
    <ele>282.78000000000003</ele>
   </trkpt>
   <trkpt lat="38.76981500520205" lon="-0.0155650025570974">
    <ele>287.69</ele>
   </trkpt>
   <trkpt lat="38.769650000000006" lon="-0.01667">
    <ele>290.67</ele>
   </trkpt>
   <trkpt lat="38.7695050053548" lon="-0.017790002196336467">
    <ele>297.1</ele>
   </trkpt>
   <trkpt lat="38.769360000000006" lon="-0.018910000000000003">
    <ele>300.95000000000005</ele>
   </trkpt>
   <trkpt lat="38.76925000000001" lon="-0.01958">
    <ele>302.96</ele>
   </trkpt>
   <trkpt lat="38.76915" lon="-0.01981">
    <ele>303.44000000000005</ele>
   </trkpt>
   <trkpt lat="38.768980000000006" lon="-0.020040000000000002">
    <ele>303.63</ele>
   </trkpt>
   <trkpt lat="38.76849" lon="-0.02042">
    <ele>304.25</ele>
   </trkpt>
   <trkpt lat="38.76829" lon="-0.02067">
    <ele>304.22</ele>
   </trkpt>
   <trkpt lat="38.767790000000005" lon="-0.0216">
    <ele>303.4</ele>
   </trkpt>
   <trkpt lat="38.76758" lon="-0.021830000000000002">
    <ele>303.09000000000003</ele>
   </trkpt>
   <trkpt lat="38.76728000000001" lon="-0.022080000000000002">
    <ele>301.66</ele>
   </trkpt>
   <trkpt lat="38.767160000000004" lon="-0.0222">
    <ele>301.00000000000006</ele>
   </trkpt>
   <trkpt lat="38.767070000000004" lon="-0.022430000000000002">
    <ele>301.00000000000006</ele>
   </trkpt>
   <trkpt lat="38.76699" lon="-0.022760000000000002">
    <ele>299.00000000000006</ele>
   </trkpt>
   <trkpt lat="38.766890000000004" lon="-0.023030000000000002">
    <ele>297.94000000000005</ele>
   </trkpt>
   <trkpt lat="38.766600000000004" lon="-0.023620000000000002">
    <ele>295.2</ele>
   </trkpt>
   <trkpt lat="38.766160000000006" lon="-0.024290000000000003">
    <ele>291.24</ele>
   </trkpt>
   <trkpt lat="38.766090000000005" lon="-0.024470000000000002">
    <ele>291.24</ele>
   </trkpt>
   <trkpt lat="38.76592000193793" lon="-0.025150001748576973">
    <ele>290.51000000000005</ele>
   </trkpt>
   <trkpt lat="38.765750000000004" lon="-0.025830000000000002">
    <ele>287.28000000000003</ele>
   </trkpt>
   <trkpt lat="38.765690000000006" lon="-0.026010000000000002">
    <ele>287.17</ele>
   </trkpt>
   <trkpt lat="38.76568" lon="-0.02602">
    <ele>287.17</ele>
   </trkpt>
   <trkpt lat="38.76556" lon="-0.026180000000000002">
    <ele>286.76</ele>
   </trkpt>
   <trkpt lat="38.76549" lon="-0.026260000000000002">
    <ele>286.76</ele>
   </trkpt>
   <trkpt lat="38.76538" lon="-0.02629">
    <ele>286.37</ele>
   </trkpt>
   <trkpt lat="38.76489" lon="-0.02627">
    <ele>285.15000000000003</ele>
   </trkpt>
   <trkpt lat="38.76475000000001" lon="-0.0263">
    <ele>284.77000000000004</ele>
   </trkpt>
   <trkpt lat="38.76408" lon="-0.026650000000000004">
    <ele>281.36</ele>
   </trkpt>
   <trkpt lat="38.76395" lon="-0.026680000000000002">
    <ele>281.36</ele>
   </trkpt>
   <trkpt lat="38.76334000000001" lon="-0.026580000000000003">
    <ele>278.11</ele>
   </trkpt>
   <trkpt lat="38.76321" lon="-0.026600000000000002">
    <ele>278.11</ele>
   </trkpt>
   <trkpt lat="38.763130000000004" lon="-0.026680000000000002">
    <ele>277.79</ele>
   </trkpt>
   <trkpt lat="38.76305" lon="-0.02689">
    <ele>277.42</ele>
   </trkpt>
   <trkpt lat="38.76297" lon="-0.027620000000000002">
    <ele>274.18</ele>
   </trkpt>
   <trkpt lat="38.76288" lon="-0.028040000000000002">
    <ele>273.40000000000003</ele>
   </trkpt>
   <trkpt lat="38.762710000000006" lon="-0.028640000000000002">
    <ele>272.02000000000004</ele>
   </trkpt>
   <trkpt lat="38.762550000000005" lon="-0.02908">
    <ele>270.90000000000003</ele>
   </trkpt>
   <trkpt lat="38.76232000113905" lon="-0.029600001705315973">
    <ele>269.37</ele>
   </trkpt>
   <trkpt lat="38.76209" lon="-0.03012">
    <ele>268.06</ele>
   </trkpt>
   <trkpt lat="38.76177000168031" lon="-0.03077500323908404">
    <ele>265.59000000000003</ele>
   </trkpt>
   <trkpt lat="38.76145" lon="-0.03143">
    <ele>262.46000000000004</ele>
   </trkpt>
   <trkpt lat="38.76133" lon="-0.03161">
    <ele>262.46000000000004</ele>
   </trkpt>
   <trkpt lat="38.76059000165184" lon="-0.03224000656613182">
    <ele>256.57</ele>
   </trkpt>
   <trkpt lat="38.75985" lon="-0.03287">
    <ele>251.43000000000004</ele>
   </trkpt>
   <trkpt lat="38.75929500090746" lon="-0.03337500409020558">
    <ele>248.68</ele>
   </trkpt>
   <trkpt lat="38.75874" lon="-0.03388">
    <ele>243.69000000000003</ele>
   </trkpt>
   <trkpt lat="38.75818" lon="-0.03449">
    <ele>240.18000000000004</ele>
   </trkpt>
   <trkpt lat="38.75809" lon="-0.03454">
    <ele>239.0</ele>
   </trkpt>
   <trkpt lat="38.75797" lon="-0.03456">
    <ele>239.0</ele>
   </trkpt>
   <trkpt lat="38.7578" lon="-0.03456">
    <ele>238.1</ele>
   </trkpt>
   <trkpt lat="38.7573" lon="-0.03459">
    <ele>235.07000000000002</ele>
   </trkpt>
   <trkpt lat="38.75699" lon="-0.03467">
    <ele>233.42000000000002</ele>
   </trkpt>
   <trkpt lat="38.75681" lon="-0.03479">
    <ele>233.15</ele>
   </trkpt>
   <trkpt lat="38.756370000000004" lon="-0.035140000000000005">
    <ele>231.44</ele>
   </trkpt>
   <trkpt lat="38.75618" lon="-0.03526">
    <ele>230.86</ele>
   </trkpt>
   <trkpt lat="38.75601" lon="-0.035300000000000005">
    <ele>230.86</ele>
   </trkpt>
   <trkpt lat="38.75554" lon="-0.03556">
    <ele>229.38000000000002</ele>
   </trkpt>
   <trkpt lat="38.75511500028264" lon="-0.03581000147895618">
    <ele>229.37</ele>
   </trkpt>
   <trkpt lat="38.754690000000004" lon="-0.03606">
    <ele>229.39000000000001</ele>
   </trkpt>
   <trkpt lat="38.75457" lon="-0.03615">
    <ele>229.39000000000001</ele>
   </trkpt>
   <trkpt lat="38.754400000000004" lon="-0.03642">
    <ele>229.10000000000002</ele>
   </trkpt>
   <trkpt lat="38.75400500434226" lon="-0.03743000559788898">
    <ele>229.08</ele>
   </trkpt>
   <trkpt lat="38.75361" lon="-0.03844">
    <ele>229.53</ele>
   </trkpt>
   <trkpt lat="38.7533533385257" lon="-0.039223339075374196">
    <ele>229.58</ele>
   </trkpt>
   <trkpt lat="38.753096671823386" lon="-0.0400066725174374">
    <ele>229.18</ele>
   </trkpt>
   <trkpt lat="38.752840000000006" lon="-0.04079">
    <ele>228.52</ele>
   </trkpt>
   <trkpt lat="38.752700000000004" lon="-0.04109">
    <ele>228.67000000000002</ele>
   </trkpt>
   <trkpt lat="38.75255000000001" lon="-0.0413">
    <ele>228.67000000000002</ele>
   </trkpt>
   <trkpt lat="38.75227" lon="-0.04159">
    <ele>228.88000000000002</ele>
   </trkpt>
   <trkpt lat="38.75156000102192" lon="-0.042090005003357675">
    <ele>226.93</ele>
   </trkpt>
   <trkpt lat="38.75085" lon="-0.04259">
    <ele>222.84</ele>
   </trkpt>
   <trkpt lat="38.750220000000006" lon="-0.04268">
    <ele>221.37</ele>
   </trkpt>
   <trkpt lat="38.74996" lon="-0.04279">
    <ele>221.42</ele>
   </trkpt>
   <trkpt lat="38.749195001205" lon="-0.043315005604513616">
    <ele>222.37</ele>
   </trkpt>
   <trkpt lat="38.748430000000006" lon="-0.043840000000000004">
    <ele>217.69000000000003</ele>
   </trkpt>
   <trkpt lat="38.748310000000004" lon="-0.04395">
    <ele>217.07000000000002</ele>
   </trkpt>
   <trkpt lat="38.74819" lon="-0.04411">
    <ele>216.9</ele>
   </trkpt>
   <trkpt lat="38.74813" lon="-0.044270000000000004">
    <ele>216.51</ele>
   </trkpt>
   <trkpt lat="38.7481" lon="-0.04442">
    <ele>216.18</ele>
   </trkpt>
   <trkpt lat="38.748066671893305" lon="-0.04520333409131984">
    <ele>216.22000000000003</ele>
   </trkpt>
   <trkpt lat="38.74803333855884" lon="-0.04598666745123146">
    <ele>217.88000000000002</ele>
   </trkpt>
   <trkpt lat="38.748000000000005" lon="-0.046770000000000006">
    <ele>219.32000000000002</ele>
   </trkpt>
   <trkpt lat="38.74797" lon="-0.04696">
    <ele>220.74</ele>
   </trkpt>
   <trkpt lat="38.74786" lon="-0.04739">
    <ele>222.02</ele>
   </trkpt>
   <trkpt lat="38.747573338671074" lon="-0.048180006287116654">
    <ele>224.99</ele>
   </trkpt>
   <trkpt lat="38.74728667202501" lon="-0.04897000623024197">
    <ele>226.67000000000002</ele>
   </trkpt>
   <trkpt lat="38.747" lon="-0.049760000000000006">
    <ele>230.12</ele>
   </trkpt>
   <trkpt lat="38.746630003961265" lon="-0.05072000488299216">
    <ele>236.11</ele>
   </trkpt>
   <trkpt lat="38.74626000000001" lon="-0.051680000000000004">
    <ele>239.85</ele>
   </trkpt>
   <trkpt lat="38.746080000000006" lon="-0.051890000000000006">
    <ele>240.26000000000002</ele>
   </trkpt>
   <trkpt lat="38.745660000778436" lon="-0.05231000244357342">
    <ele>240.44</ele>
   </trkpt>
   <trkpt lat="38.74524" lon="-0.052730000000000006">
    <ele>242.13</ele>
   </trkpt>
   <trkpt lat="38.74513" lon="-0.05294">
    <ele>243.11</ele>
   </trkpt>
   <trkpt lat="38.745090000000005" lon="-0.05308">
    <ele>243.11</ele>
   </trkpt>
   <trkpt lat="38.74506" lon="-0.05331">
    <ele>244.34000000000003</ele>
   </trkpt>
   <trkpt lat="38.745020000000004" lon="-0.05405000000000001">
    <ele>245.4</ele>
   </trkpt>
   <trkpt lat="38.745003341184606" lon="-0.05501000046360193">
    <ele>245.00000000000003</ele>
   </trkpt>
   <trkpt lat="38.74498667451767" lon="-0.055970000479141434">
    <ele>244.13</ele>
   </trkpt>
   <trkpt lat="38.74497" lon="-0.05693">
    <ele>244.33</ele>
   </trkpt>
   <trkpt lat="38.74492" lon="-0.057390000000000004">
    <ele>245.88000000000002</ele>
   </trkpt>
   <trkpt lat="38.74467333754039" lon="-0.058093338213650966">
    <ele>247.23000000000002</ele>
   </trkpt>
   <trkpt lat="38.744426670866375" lon="-0.058796671567874596">
    <ele>248.15</ele>
   </trkpt>
   <trkpt lat="38.74418" lon="-0.059500000000000004">
    <ele>248.42000000000002</ele>
   </trkpt>
   <trkpt lat="38.74414" lon="-0.05979">
    <ele>248.41000000000003</ele>
   </trkpt>
   <trkpt lat="38.74425" lon="-0.06028000000000001">
    <ele>248.71</ele>
   </trkpt>
   <trkpt lat="38.74427" lon="-0.06058">
    <ele>249.17000000000002</ele>
   </trkpt>
   <trkpt lat="38.74416" lon="-0.06097">
    <ele>250.57000000000002</ele>
   </trkpt>
   <trkpt lat="38.74397000121688" lon="-0.06152000167097998">
    <ele>252.48000000000005</ele>
   </trkpt>
   <trkpt lat="38.74378" lon="-0.06207000000000001">
    <ele>255.26000000000005</ele>
   </trkpt>
   <trkpt lat="38.74371" lon="-0.06235">
    <ele>257.67</ele>
   </trkpt>
   <trkpt lat="38.743535003958385" lon="-0.06331500241098087">
    <ele>261.44</ele>
   </trkpt>
   <trkpt lat="38.74336" lon="-0.06428">
    <ele>263.86</ele>
   </trkpt>
   <trkpt lat="38.74336" lon="-0.06456">
    <ele>264.29</ele>
   </trkpt>
   <trkpt lat="38.743430000000004" lon="-0.06561">
    <ele>268.68</ele>
   </trkpt>
   <trkpt lat="38.74347" lon="-0.06579">
    <ele>268.68</ele>
   </trkpt>
   <trkpt lat="38.743700002066475" lon="-0.06647999789277152">
    <ele>274.2</ele>
   </trkpt>
   <trkpt lat="38.743930000000006" lon="-0.06717000000000001">
    <ele>275.90000000000003</ele>
   </trkpt>
   <trkpt lat="38.74383" lon="-0.06759000000000001">
    <ele>275.84000000000003</ele>
   </trkpt>
   <trkpt lat="38.743770000000005" lon="-0.06793">
    <ele>275.61</ele>
   </trkpt>
   <trkpt lat="38.743750000000006" lon="-0.06826">
    <ele>275.45000000000005</ele>
   </trkpt>
   <trkpt lat="38.743790000000004" lon="-0.06847">
    <ele>275.43</ele>
   </trkpt>
   <trkpt lat="38.74391" lon="-0.06887">
    <ele>275.52000000000004</ele>
   </trkpt>
   <trkpt lat="38.74394" lon="-0.06916">
    <ele>275.13000000000005</ele>
   </trkpt>
   <trkpt lat="38.743890002295004" lon="-0.06989500060565373">
    <ele>275.69000000000005</ele>
   </trkpt>
   <trkpt lat="38.743840000000006" lon="-0.07063000000000001">
    <ele>278.02000000000004</ele>
   </trkpt>
   <trkpt lat="38.743770000000005" lon="-0.07148">
    <ele>279.7</ele>
   </trkpt>
   <trkpt lat="38.743860000000005" lon="-0.07252">
    <ele>280.88</ele>
   </trkpt>
   <trkpt lat="38.74385" lon="-0.0727">
    <ele>280.88</ele>
   </trkpt>
   <trkpt lat="38.743760001432534" lon="-0.07327500057036852">
    <ele>281.77000000000004</ele>
   </trkpt>
   <trkpt lat="38.74367" lon="-0.07385000000000001">
    <ele>283.51000000000005</ele>
   </trkpt>
   <trkpt lat="38.743700000000004" lon="-0.07427">
    <ele>284.89000000000004</ele>
   </trkpt>
   <trkpt lat="38.7438" lon="-0.07488">
    <ele>285.7</ele>
   </trkpt>
   <trkpt lat="38.74394" lon="-0.07538">
    <ele>285.82</ele>
   </trkpt>
   <trkpt lat="38.74434" lon="-0.07627">
    <ele>285.77000000000004</ele>
   </trkpt>
   <trkpt lat="38.74438000000001" lon="-0.07638">
    <ele>285.8</ele>
   </trkpt>
   <trkpt lat="38.74443" lon="-0.07678">
    <ele>285.95000000000005</ele>
   </trkpt>
   <trkpt lat="38.74477" lon="-0.0775">
    <ele>287.88</ele>
   </trkpt>
   <trkpt lat="38.74495" lon="-0.07837000000000001">
    <ele>290.89000000000004</ele>
   </trkpt>
   <trkpt lat="38.744960000000006" lon="-0.07849">
    <ele>291.02</ele>
   </trkpt>
   <trkpt lat="38.74492" lon="-0.07871">
    <ele>291.06000000000006</ele>
   </trkpt>
   <trkpt lat="38.74475" lon="-0.07903">
    <ele>290.72</ele>
   </trkpt>
   <trkpt lat="38.744710000000005" lon="-0.07931">
    <ele>290.69</ele>
   </trkpt>
   <trkpt lat="38.744730000000004" lon="-0.07946">
    <ele>290.84999999999997</ele>
   </trkpt>
   <trkpt lat="38.74497500123603" lon="-0.07999999813366651">
    <ele>291.62000000000006</ele>
   </trkpt>
   <trkpt lat="38.74522" lon="-0.08054">
    <ele>293.18000000000006</ele>
   </trkpt>
   <trkpt lat="38.74571" lon="-0.08139">
    <ele>296.99</ele>
   </trkpt>
   <trkpt lat="38.74593500133733" lon="-0.08193999838596089">
    <ele>298.13</ele>
   </trkpt>
   <trkpt lat="38.74616" lon="-0.08249000000000001">
    <ele>298.96</ele>
   </trkpt>
   <trkpt lat="38.74622" lon="-0.08265">
    <ele>298.96</ele>
   </trkpt>
   <trkpt lat="38.74624" lon="-0.08281000000000001">
    <ele>299.59000000000003</ele>
   </trkpt>
   <trkpt lat="38.746230000000004" lon="-0.08310000000000001">
    <ele>299.73</ele>
   </trkpt>
   <trkpt lat="38.74625" lon="-0.0834">
    <ele>299.79</ele>
   </trkpt>
   <trkpt lat="38.74629" lon="-0.08354">
    <ele>299.84000000000003</ele>
   </trkpt>
   <trkpt lat="38.746430000000004" lon="-0.08379">
    <ele>300.09000000000003</ele>
   </trkpt>
   <trkpt lat="38.746680000000005" lon="-0.08425">
    <ele>302.45000000000005</ele>
   </trkpt>
   <trkpt lat="38.74708000079498" lon="-0.08468499755086026">
    <ele>304.14000000000004</ele>
   </trkpt>
   <trkpt lat="38.74748" lon="-0.08512">
    <ele>306.48</ele>
   </trkpt>
   <trkpt lat="38.74757" lon="-0.08525">
    <ele>307.39000000000004</ele>
   </trkpt>
   <trkpt lat="38.74767000000001" lon="-0.0855">
    <ele>307.72</ele>
   </trkpt>
   <trkpt lat="38.747840000000004" lon="-0.08578000000000001">
    <ele>308.62</ele>
   </trkpt>
   <trkpt lat="38.74833" lon="-0.08646000000000001">
    <ele>310.58000000000004</ele>
   </trkpt>
   <trkpt lat="38.748610000000006" lon="-0.08675000000000001">
    <ele>310.87</ele>
   </trkpt>
   <trkpt lat="38.74873" lon="-0.0869">
    <ele>310.87</ele>
   </trkpt>
   <trkpt lat="38.749010000000006" lon="-0.08748">
    <ele>310.36</ele>
   </trkpt>
   <trkpt lat="38.74926500128106" lon="-0.0880199981535126">
    <ele>309.31</ele>
   </trkpt>
   <trkpt lat="38.749520000000004" lon="-0.08856000000000001">
    <ele>308.53000000000003</ele>
   </trkpt>
   <trkpt lat="38.7496" lon="-0.08876">
    <ele>308.19</ele>
   </trkpt>
   <trkpt lat="38.74967" lon="-0.08901">
    <ele>307.87</ele>
   </trkpt>
   <trkpt lat="38.74991" lon="-0.09002">
    <ele>305.47</ele>
   </trkpt>
   <trkpt lat="38.74987" lon="-0.09062">
    <ele>303.49</ele>
   </trkpt>
   <trkpt lat="38.749880000000005" lon="-0.09098">
    <ele>303.13</ele>
   </trkpt>
   <trkpt lat="38.74994" lon="-0.09123">
    <ele>302.98</ele>
   </trkpt>
   <trkpt lat="38.750040000000006" lon="-0.09145">
    <ele>303.28000000000003</ele>
   </trkpt>
   <trkpt lat="38.75032667169668" lon="-0.09221999375852956">
    <ele>301.74</ele>
   </trkpt>
   <trkpt lat="38.75061333834199" lon="-0.09298999370111397">
    <ele>299.41</ele>
   </trkpt>
   <trkpt lat="38.7509" lon="-0.09376000000000001">
    <ele>297.8</ele>
   </trkpt>
   <trkpt lat="38.751000000000005" lon="-0.09405000000000001">
    <ele>297.38000000000005</ele>
   </trkpt>
   <trkpt lat="38.75112" lon="-0.09432">
    <ele>297.33000000000004</ele>
   </trkpt>
   <trkpt lat="38.75133" lon="-0.09473000000000001">
    <ele>297.6</ele>
   </trkpt>
   <trkpt lat="38.751540000000006" lon="-0.09543">
    <ele>298.58</ele>
   </trkpt>
   <trkpt lat="38.75191" lon="-0.09628">
    <ele>301.18</ele>
   </trkpt>
   <trkpt lat="38.751960000000004" lon="-0.09649">
    <ele>301.79</ele>
   </trkpt>
   <trkpt lat="38.75197" lon="-0.09667">
    <ele>302.97</ele>
   </trkpt>
   <trkpt lat="38.751880002574715" lon="-0.09744500083862025">
    <ele>306.77000000000004</ele>
   </trkpt>
   <trkpt lat="38.75179" lon="-0.09822">
    <ele>308.34</ele>
   </trkpt>
   <trkpt lat="38.75179" lon="-0.09842000000000001">
    <ele>308.73</ele>
   </trkpt>
   <trkpt lat="38.75186" lon="-0.09899000000000001">
    <ele>310.83000000000004</ele>
   </trkpt>
   <trkpt lat="38.75193" lon="-0.09932">
    <ele>310.83000000000004</ele>
   </trkpt>
   <trkpt lat="38.752100000000006" lon="-0.09993">
    <ele>313.55000000000007</ele>
   </trkpt>
   <trkpt lat="38.75224" lon="-0.10022">
    <ele>314.21999999999997</ele>
   </trkpt>
   <trkpt lat="38.75233" lon="-0.10047">
    <ele>314.96000000000004</ele>
   </trkpt>
   <trkpt lat="38.752430000000004" lon="-0.10087">
    <ele>315.92</ele>
   </trkpt>
   <trkpt lat="38.75254" lon="-0.10151">
    <ele>317.93000000000006</ele>
   </trkpt>
   <trkpt lat="38.75255000000001" lon="-0.10169">
    <ele>317.93000000000006</ele>
   </trkpt>
   <trkpt lat="38.752520000000004" lon="-0.10182000000000001">
    <ele>318.61</ele>
   </trkpt>
   <trkpt lat="38.75226" lon="-0.10229">
    <ele>321.21000000000004</ele>
   </trkpt>
   <trkpt lat="38.75189" lon="-0.10222">
    <ele>324.97</ele>
   </trkpt>
   <trkpt lat="38.75182" lon="-0.10223">
    <ele>324.97</ele>
   </trkpt>
   <trkpt lat="38.751540000000006" lon="-0.10251">
    <ele>327.25000000000006</ele>
   </trkpt>
   <trkpt lat="38.751200000000004" lon="-0.10254">
    <ele>327.84000000000003</ele>
   </trkpt>
   <trkpt lat="38.750800000000005" lon="-0.10268000000000001">
    <ele>329.20000000000005</ele>
   </trkpt>
   <trkpt lat="38.75063" lon="-0.10275000000000001">
    <ele>330.07000000000005</ele>
   </trkpt>
   <trkpt lat="38.75016" lon="-0.10304">
    <ele>333.53000000000003</ele>
   </trkpt>
   <trkpt lat="38.750040000000006" lon="-0.10304">
    <ele>335.06</ele>
   </trkpt>
   <trkpt lat="38.74965" lon="-0.10296000000000001">
    <ele>336.63000000000005</ele>
   </trkpt>
   <trkpt lat="38.748850000000004" lon="-0.10318000000000001">
    <ele>342.31</ele>
   </trkpt>
   <trkpt lat="38.748340000000006" lon="-0.10337">
    <ele>347.40000000000003</ele>
   </trkpt>
   <trkpt lat="38.747730000000004" lon="-0.10366">
    <ele>351.99</ele>
   </trkpt>
   <trkpt lat="38.74734" lon="-0.1039">
    <ele>355.46000000000004</ele>
   </trkpt>
   <trkpt lat="38.747170000000004" lon="-0.10397">
    <ele>356.81</ele>
   </trkpt>
   <trkpt lat="38.747040000000005" lon="-0.10398">
    <ele>358.45000000000005</ele>
   </trkpt>
   <trkpt lat="38.746950000000005" lon="-0.10394">
    <ele>359.72</ele>
   </trkpt>
   <trkpt lat="38.74669" lon="-0.10375000000000001">
    <ele>365.02</ele>
   </trkpt>
   <trkpt lat="38.7466" lon="-0.10372">
    <ele>365.02</ele>
   </trkpt>
   <trkpt lat="38.74656" lon="-0.10372">
    <ele>366.28000000000003</ele>
   </trkpt>
   <trkpt lat="38.74647" lon="-0.10379000000000001">
    <ele>367.46</ele>
   </trkpt>
   <trkpt lat="38.74636" lon="-0.10394">
    <ele>368.95000000000005</ele>
   </trkpt>
   <trkpt lat="38.74611" lon="-0.10410000000000001">
    <ele>371.58000000000004</ele>
   </trkpt>
   <trkpt lat="38.74611" lon="-0.10422000000000001">
    <ele>371.58000000000004</ele>
   </trkpt>
   <trkpt lat="38.746140000000004" lon="-0.10443000000000001">
    <ele>358.21000000000004</ele>
   </trkpt>
   <trkpt lat="38.74613" lon="-0.10453000000000001">
    <ele>358.21000000000004</ele>
   </trkpt>
  </trkseg>
 </trk>
</gpx>
